# UART-004 static authored source candidate: Rival_01_WedgeCoupe
# Source acceptance remains blocked pending licensed Unity import/prefab bind/render review.
mtllib Rival_01_WedgeCoupe.mtl
v 0.255300 0.684800 -2.325000
v 0.239904 0.811347 -2.325000
v 0.195571 0.922631 -2.325000
v 0.127650 1.005229 -2.325000
v 0.044332 1.049179 -2.325000
v -0.044332 1.049179 -2.325000
v -0.127650 1.005229 -2.325000
v -0.195571 0.922631 -2.325000
v -0.239904 0.811347 -2.325000
v -0.255300 0.684800 -2.325000
v -0.239904 0.562606 -2.325000
v -0.195571 0.482481 -2.325000
v -0.127650 0.423011 -2.325000
v -0.044332 0.391367 -2.325000
v 0.044332 0.391367 -2.325000
v 0.127650 0.423011 -2.325000
v 0.195571 0.482481 -2.325000
v 0.239904 0.562606 -2.325000
v 0.255300 0.684800 -2.244828
v 0.239904 0.811347 -2.244828
v 0.195571 0.922631 -2.244828
v 0.127650 1.005229 -2.244828
v 0.044332 1.049179 -2.244828
v -0.044332 1.049179 -2.244828
v -0.127650 1.005229 -2.244828
v -0.195571 0.922631 -2.244828
v -0.239904 0.811347 -2.244828
v -0.255300 0.684800 -2.244828
v -0.239904 0.562606 -2.244828
v -0.195571 0.482481 -2.244828
v -0.127650 0.423011 -2.244828
v -0.044332 0.391367 -2.244828
v 0.044332 0.391367 -2.244828
v 0.127650 0.423011 -2.244828
v 0.195571 0.482481 -2.244828
v 0.239904 0.562606 -2.244828
v 0.255300 0.684800 -2.164655
v 0.239904 0.811347 -2.164655
v 0.195571 0.922631 -2.164655
v 0.127650 1.005229 -2.164655
v 0.044332 1.049179 -2.164655
v -0.044332 1.049179 -2.164655
v -0.127650 1.005229 -2.164655
v -0.195571 0.922631 -2.164655
v -0.239904 0.811347 -2.164655
v -0.255300 0.684800 -2.164655
v -0.239904 0.562606 -2.164655
v -0.195571 0.482481 -2.164655
v -0.127650 0.423011 -2.164655
v -0.044332 0.391367 -2.164655
v 0.044332 0.391367 -2.164655
v 0.127650 0.423011 -2.164655
v 0.195571 0.482481 -2.164655
v 0.239904 0.562606 -2.164655
v 0.337728 0.684800 -2.084483
v 0.317361 0.811347 -2.084483
v 0.258715 0.922631 -2.084483
v 0.168864 1.005229 -2.084483
v 0.058646 1.049179 -2.084483
v -0.058646 1.049179 -2.084483
v -0.168864 1.005229 -2.084483
v -0.258715 0.922631 -2.084483
v -0.317361 0.811347 -2.084483
v -0.337728 0.684800 -2.084483
v -0.317361 0.562606 -2.084483
v -0.258715 0.482481 -2.084483
v -0.168864 0.423011 -2.084483
v -0.058646 0.391367 -2.084483
v 0.058646 0.391367 -2.084483
v 0.168864 0.423011 -2.084483
v 0.258715 0.482481 -2.084483
v 0.317361 0.562606 -2.084483
v 0.450304 0.684800 -2.004310
v 0.423148 0.811347 -2.004310
v 0.344953 0.922631 -2.004310
v 0.225152 1.005229 -2.004310
v 0.078195 1.049179 -2.004310
v -0.078195 1.049179 -2.004310
v -0.225152 1.005229 -2.004310
v -0.344953 0.922631 -2.004310
v -0.423148 0.811347 -2.004310
v -0.450304 0.684800 -2.004310
v -0.423148 0.562606 -2.004310
v -0.344953 0.482481 -2.004310
v -0.225152 0.423011 -2.004310
v -0.078195 0.391367 -2.004310
v 0.078195 0.391367 -2.004310
v 0.225152 0.423011 -2.004310
v 0.344953 0.482481 -2.004310
v 0.423148 0.562606 -2.004310
v 0.562880 0.684800 -1.924138
v 0.528934 0.811347 -1.924138
v 0.431191 0.922631 -1.924138
v 0.281440 1.005229 -1.924138
v 0.097743 1.049179 -1.924138
v -0.097743 1.049179 -1.924138
v -0.281440 1.005229 -1.924138
v -0.431191 0.922631 -1.924138
v -0.528934 0.811347 -1.924138
v -0.562880 0.684800 -1.924138
v -0.528934 0.562606 -1.924138
v -0.431191 0.482481 -1.924138
v -0.281440 0.423011 -1.924138
v -0.097743 0.391367 -1.924138
v 0.097743 0.391367 -1.924138
v 0.281440 0.423011 -1.924138
v 0.431191 0.482481 -1.924138
v 0.528934 0.562606 -1.924138
v 0.675456 0.684800 -1.843966
v 0.634721 0.811347 -1.843966
v 0.517430 0.922631 -1.843966
v 0.337728 1.005229 -1.843966
v 0.117292 1.049179 -1.843966
v -0.117292 1.049179 -1.843966
v -0.337728 1.005229 -1.843966
v -0.517430 0.922631 -1.843966
v -0.634721 0.811347 -1.843966
v -0.675456 0.684800 -1.843966
v -0.634721 0.562606 -1.843966
v -0.517430 0.482481 -1.843966
v -0.337728 0.423011 -1.843966
v -0.117292 0.391367 -1.843966
v 0.117292 0.391367 -1.843966
v 0.337728 0.423011 -1.843966
v 0.517430 0.482481 -1.843966
v 0.634721 0.562606 -1.843966
v 0.788032 0.684800 -1.763793
v 0.740508 0.811347 -1.763793
v 0.603668 0.922631 -1.763793
v 0.394016 1.005229 -1.763793
v 0.136840 1.049179 -1.763793
v -0.136840 1.049179 -1.763793
v -0.394016 1.005229 -1.763793
v -0.603668 0.922631 -1.763793
v -0.740508 0.811347 -1.763793
v -0.788032 0.684800 -1.763793
v -0.740508 0.562606 -1.763793
v -0.603668 0.482481 -1.763793
v -0.394016 0.423011 -1.763793
v -0.136840 0.391367 -1.763793
v 0.136840 0.391367 -1.763793
v 0.394016 0.423011 -1.763793
v 0.603668 0.482481 -1.763793
v 0.740508 0.562606 -1.763793
v 0.900609 0.684800 -1.683621
v 0.846295 0.811347 -1.683621
v 0.689906 0.922631 -1.683621
v 0.450304 1.005229 -1.683621
v 0.156389 1.049179 -1.683621
v -0.156389 1.049179 -1.683621
v -0.450304 1.005229 -1.683621
v -0.689906 0.922631 -1.683621
v -0.846295 0.811347 -1.683621
v -0.900609 0.684800 -1.683621
v -0.846295 0.562606 -1.683621
v -0.689906 0.482481 -1.683621
v -0.450304 0.423011 -1.683621
v -0.156389 0.391367 -1.683621
v 0.156389 0.391367 -1.683621
v 0.450304 0.423011 -1.683621
v 0.689906 0.482481 -1.683621
v 0.846295 0.562606 -1.683621
v 1.013185 0.684800 -1.603448
v 0.952082 0.811347 -1.603448
v 0.776144 0.922631 -1.603448
v 0.506592 1.005229 -1.603448
v 0.175938 1.049179 -1.603448
v -0.175938 1.049179 -1.603448
v -0.506592 1.005229 -1.603448
v -0.776144 0.922631 -1.603448
v -0.952082 0.811347 -1.603448
v -1.013185 0.684800 -1.603448
v -0.952082 0.562606 -1.603448
v -0.776144 0.482481 -1.603448
v -0.506592 0.423011 -1.603448
v -0.175938 0.391367 -1.603448
v 0.175938 0.391367 -1.603448
v 0.506592 0.423011 -1.603448
v 0.776144 0.482481 -1.603448
v 0.952082 0.562606 -1.603448
v 1.110000 0.684800 -1.523276
v 1.043059 0.811347 -1.523276
v 0.850309 0.922631 -1.523276
v 0.555000 1.005229 -1.523276
v 0.192749 1.049179 -1.523276
v -0.192749 1.049179 -1.523276
v -0.555000 1.005229 -1.523276
v -0.850309 0.922631 -1.523276
v -1.043059 0.811347 -1.523276
v -1.110000 0.684800 -1.523276
v -1.043059 0.562606 -1.523276
v -0.850309 0.482481 -1.523276
v -0.555000 0.423011 -1.523276
v -0.192749 0.391367 -1.523276
v 0.192749 0.391367 -1.523276
v 0.555000 0.423011 -1.523276
v 0.850309 0.482481 -1.523276
v 1.043059 0.562606 -1.523276
v 1.110000 0.684800 -1.443103
v 1.043059 0.811347 -1.443103
v 0.850309 0.922631 -1.443103
v 0.555000 1.005229 -1.443103
v 0.192749 1.049179 -1.443103
v -0.192749 1.049179 -1.443103
v -0.555000 1.005229 -1.443103
v -0.850309 0.922631 -1.443103
v -1.043059 0.811347 -1.443103
v -1.110000 0.684800 -1.443103
v -1.043059 0.562606 -1.443103
v -0.850309 0.482481 -1.443103
v -0.555000 0.423011 -1.443103
v -0.192749 0.391367 -1.443103
v 0.192749 0.391367 -1.443103
v 0.555000 0.423011 -1.443103
v 0.850309 0.482481 -1.443103
v 1.043059 0.562606 -1.443103
v 1.110000 0.684800 -1.362931
v 1.043059 0.811347 -1.362931
v 0.850309 0.922631 -1.362931
v 0.555000 1.005229 -1.362931
v 0.192749 1.049179 -1.362931
v -0.192749 1.049179 -1.362931
v -0.555000 1.005229 -1.362931
v -0.850309 0.922631 -1.362931
v -1.043059 0.811347 -1.362931
v -1.110000 0.684800 -1.362931
v -1.043059 0.562606 -1.362931
v -0.850309 0.482481 -1.362931
v -0.555000 0.423011 -1.362931
v -0.192749 0.391367 -1.362931
v 0.192749 0.391367 -1.362931
v 0.555000 0.423011 -1.362931
v 0.850309 0.482481 -1.362931
v 1.043059 0.562606 -1.362931
v 1.110000 0.684800 -1.282759
v 1.043059 0.811347 -1.282759
v 0.850309 0.922631 -1.282759
v 0.555000 1.005229 -1.282759
v 0.192749 1.049179 -1.282759
v -0.192749 1.049179 -1.282759
v -0.555000 1.005229 -1.282759
v -0.850309 0.922631 -1.282759
v -1.043059 0.811347 -1.282759
v -1.110000 0.684800 -1.282759
v -1.043059 0.562606 -1.282759
v -0.850309 0.482481 -1.282759
v -0.555000 0.423011 -1.282759
v -0.192749 0.391367 -1.282759
v 0.192749 0.391367 -1.282759
v 0.555000 0.423011 -1.282759
v 0.850309 0.482481 -1.282759
v 1.043059 0.562606 -1.282759
v 1.110000 0.684800 -1.202586
v 1.043059 0.811347 -1.202586
v 0.850309 0.922631 -1.202586
v 0.555000 1.005229 -1.202586
v 0.192749 1.049179 -1.202586
v -0.192749 1.049179 -1.202586
v -0.555000 1.005229 -1.202586
v -0.850309 0.922631 -1.202586
v -1.043059 0.811347 -1.202586
v -1.110000 0.684800 -1.202586
v -1.043059 0.562606 -1.202586
v -0.850309 0.482481 -1.202586
v -0.555000 0.423011 -1.202586
v -0.192749 0.391367 -1.202586
v 0.192749 0.391367 -1.202586
v 0.555000 0.423011 -1.202586
v 0.850309 0.482481 -1.202586
v 1.043059 0.562606 -1.202586
v 1.110000 0.684800 -1.122414
v 1.043059 0.811347 -1.122414
v 0.850309 0.922631 -1.122414
v 0.555000 1.005229 -1.122414
v 0.192749 1.049179 -1.122414
v -0.192749 1.049179 -1.122414
v -0.555000 1.005229 -1.122414
v -0.850309 0.922631 -1.122414
v -1.043059 0.811347 -1.122414
v -1.110000 0.684800 -1.122414
v -1.043059 0.562606 -1.122414
v -0.850309 0.482481 -1.122414
v -0.555000 0.423011 -1.122414
v -0.192749 0.391367 -1.122414
v 0.192749 0.391367 -1.122414
v 0.555000 0.423011 -1.122414
v 0.850309 0.482481 -1.122414
v 1.043059 0.562606 -1.122414
v 1.110000 0.684800 -1.042241
v 1.043059 0.811347 -1.042241
v 0.850309 0.922631 -1.042241
v 0.555000 1.005229 -1.042241
v 0.192749 1.049179 -1.042241
v -0.192749 1.049179 -1.042241
v -0.555000 1.005229 -1.042241
v -0.850309 0.922631 -1.042241
v -1.043059 0.811347 -1.042241
v -1.110000 0.684800 -1.042241
v -1.043059 0.562606 -1.042241
v -0.850309 0.482481 -1.042241
v -0.555000 0.423011 -1.042241
v -0.192749 0.391367 -1.042241
v 0.192749 0.391367 -1.042241
v 0.555000 0.423011 -1.042241
v 0.850309 0.482481 -1.042241
v 1.043059 0.562606 -1.042241
v 1.110000 0.684800 -0.962069
v 1.043059 0.811347 -0.962069
v 0.850309 0.922631 -0.962069
v 0.555000 1.005229 -0.962069
v 0.192749 1.049179 -0.962069
v -0.192749 1.049179 -0.962069
v -0.555000 1.005229 -0.962069
v -0.850309 0.922631 -0.962069
v -1.043059 0.811347 -0.962069
v -1.110000 0.684800 -0.962069
v -1.043059 0.562606 -0.962069
v -0.850309 0.482481 -0.962069
v -0.555000 0.423011 -0.962069
v -0.192749 0.391367 -0.962069
v 0.192749 0.391367 -0.962069
v 0.555000 0.423011 -0.962069
v 0.850309 0.482481 -0.962069
v 1.043059 0.562606 -0.962069
v 1.110000 0.684800 -0.881897
v 1.043059 0.811347 -0.881897
v 0.850309 0.922631 -0.881897
v 0.555000 1.005229 -0.881897
v 0.192749 1.049179 -0.881897
v -0.192749 1.049179 -0.881897
v -0.555000 1.005229 -0.881897
v -0.850309 0.922631 -0.881897
v -1.043059 0.811347 -0.881897
v -1.110000 0.684800 -0.881897
v -1.043059 0.562606 -0.881897
v -0.850309 0.482481 -0.881897
v -0.555000 0.423011 -0.881897
v -0.192749 0.391367 -0.881897
v 0.192749 0.391367 -0.881897
v 0.555000 0.423011 -0.881897
v 0.850309 0.482481 -0.881897
v 1.043059 0.562606 -0.881897
v 1.110000 0.684800 -0.801724
v 1.043059 0.811347 -0.801724
v 0.850309 0.922631 -0.801724
v 0.555000 1.005229 -0.801724
v 0.192749 1.049179 -0.801724
v -0.192749 1.049179 -0.801724
v -0.555000 1.005229 -0.801724
v -0.850309 0.922631 -0.801724
v -1.043059 0.811347 -0.801724
v -1.110000 0.684800 -0.801724
v -1.043059 0.562606 -0.801724
v -0.850309 0.482481 -0.801724
v -0.555000 0.423011 -0.801724
v -0.192749 0.391367 -0.801724
v 0.192749 0.391367 -0.801724
v 0.555000 0.423011 -0.801724
v 0.850309 0.482481 -0.801724
v 1.043059 0.562606 -0.801724
v 1.110000 0.684800 -0.721552
v 1.043059 0.811347 -0.721552
v 0.850309 0.922631 -0.721552
v 0.555000 1.005229 -0.721552
v 0.192749 1.049179 -0.721552
v -0.192749 1.049179 -0.721552
v -0.555000 1.005229 -0.721552
v -0.850309 0.922631 -0.721552
v -1.043059 0.811347 -0.721552
v -1.110000 0.684800 -0.721552
v -1.043059 0.562606 -0.721552
v -0.850309 0.482481 -0.721552
v -0.555000 0.423011 -0.721552
v -0.192749 0.391367 -0.721552
v 0.192749 0.391367 -0.721552
v 0.555000 0.423011 -0.721552
v 0.850309 0.482481 -0.721552
v 1.043059 0.562606 -0.721552
v 1.110000 0.684800 -0.641379
v 1.043059 0.811347 -0.641379
v 0.850309 0.922631 -0.641379
v 0.555000 1.005229 -0.641379
v 0.192749 1.049179 -0.641379
v -0.192749 1.049179 -0.641379
v -0.555000 1.005229 -0.641379
v -0.850309 0.922631 -0.641379
v -1.043059 0.811347 -0.641379
v -1.110000 0.684800 -0.641379
v -1.043059 0.562606 -0.641379
v -0.850309 0.482481 -0.641379
v -0.555000 0.423011 -0.641379
v -0.192749 0.391367 -0.641379
v 0.192749 0.391367 -0.641379
v 0.555000 0.423011 -0.641379
v 0.850309 0.482481 -0.641379
v 1.043059 0.562606 -0.641379
v 1.110000 0.684800 -0.561207
v 1.043059 0.811347 -0.561207
v 0.850309 0.922631 -0.561207
v 0.555000 1.005229 -0.561207
v 0.192749 1.049179 -0.561207
v -0.192749 1.049179 -0.561207
v -0.555000 1.005229 -0.561207
v -0.850309 0.922631 -0.561207
v -1.043059 0.811347 -0.561207
v -1.110000 0.684800 -0.561207
v -1.043059 0.562606 -0.561207
v -0.850309 0.482481 -0.561207
v -0.555000 0.423011 -0.561207
v -0.192749 0.391367 -0.561207
v 0.192749 0.391367 -0.561207
v 0.555000 0.423011 -0.561207
v 0.850309 0.482481 -0.561207
v 1.043059 0.562606 -0.561207
v 1.110000 0.684800 -0.481034
v 1.043059 0.811347 -0.481034
v 0.850309 0.922631 -0.481034
v 0.555000 1.005229 -0.481034
v 0.192749 1.049179 -0.481034
v -0.192749 1.049179 -0.481034
v -0.555000 1.005229 -0.481034
v -0.850309 0.922631 -0.481034
v -1.043059 0.811347 -0.481034
v -1.110000 0.684800 -0.481034
v -1.043059 0.562606 -0.481034
v -0.850309 0.482481 -0.481034
v -0.555000 0.423011 -0.481034
v -0.192749 0.391367 -0.481034
v 0.192749 0.391367 -0.481034
v 0.555000 0.423011 -0.481034
v 0.850309 0.482481 -0.481034
v 1.043059 0.562606 -0.481034
v 1.110000 0.684800 -0.400862
v 1.043059 0.811347 -0.400862
v 0.850309 0.922631 -0.400862
v 0.555000 1.005229 -0.400862
v 0.192749 1.049179 -0.400862
v -0.192749 1.049179 -0.400862
v -0.555000 1.005229 -0.400862
v -0.850309 0.922631 -0.400862
v -1.043059 0.811347 -0.400862
v -1.110000 0.684800 -0.400862
v -1.043059 0.562606 -0.400862
v -0.850309 0.482481 -0.400862
v -0.555000 0.423011 -0.400862
v -0.192749 0.391367 -0.400862
v 0.192749 0.391367 -0.400862
v 0.555000 0.423011 -0.400862
v 0.850309 0.482481 -0.400862
v 1.043059 0.562606 -0.400862
v 1.110000 0.684800 -0.320690
v 1.043059 0.811347 -0.320690
v 0.850309 0.922631 -0.320690
v 0.555000 1.005229 -0.320690
v 0.192749 1.049179 -0.320690
v -0.192749 1.049179 -0.320690
v -0.555000 1.005229 -0.320690
v -0.850309 0.922631 -0.320690
v -1.043059 0.811347 -0.320690
v -1.110000 0.684800 -0.320690
v -1.043059 0.562606 -0.320690
v -0.850309 0.482481 -0.320690
v -0.555000 0.423011 -0.320690
v -0.192749 0.391367 -0.320690
v 0.192749 0.391367 -0.320690
v 0.555000 0.423011 -0.320690
v 0.850309 0.482481 -0.320690
v 1.043059 0.562606 -0.320690
v 1.110000 0.684800 -0.240517
v 1.043059 0.811347 -0.240517
v 0.850309 0.922631 -0.240517
v 0.555000 1.005229 -0.240517
v 0.192749 1.049179 -0.240517
v -0.192749 1.049179 -0.240517
v -0.555000 1.005229 -0.240517
v -0.850309 0.922631 -0.240517
v -1.043059 0.811347 -0.240517
v -1.110000 0.684800 -0.240517
v -1.043059 0.562606 -0.240517
v -0.850309 0.482481 -0.240517
v -0.555000 0.423011 -0.240517
v -0.192749 0.391367 -0.240517
v 0.192749 0.391367 -0.240517
v 0.555000 0.423011 -0.240517
v 0.850309 0.482481 -0.240517
v 1.043059 0.562606 -0.240517
v 1.110000 0.684800 -0.160345
v 1.043059 0.811347 -0.160345
v 0.850309 0.922631 -0.160345
v 0.555000 1.005229 -0.160345
v 0.192749 1.049179 -0.160345
v -0.192749 1.049179 -0.160345
v -0.555000 1.005229 -0.160345
v -0.850309 0.922631 -0.160345
v -1.043059 0.811347 -0.160345
v -1.110000 0.684800 -0.160345
v -1.043059 0.562606 -0.160345
v -0.850309 0.482481 -0.160345
v -0.555000 0.423011 -0.160345
v -0.192749 0.391367 -0.160345
v 0.192749 0.391367 -0.160345
v 0.555000 0.423011 -0.160345
v 0.850309 0.482481 -0.160345
v 1.043059 0.562606 -0.160345
v 1.110000 0.684800 -0.080172
v 1.043059 0.811347 -0.080172
v 0.850309 0.922631 -0.080172
v 0.555000 1.005229 -0.080172
v 0.192749 1.049179 -0.080172
v -0.192749 1.049179 -0.080172
v -0.555000 1.005229 -0.080172
v -0.850309 0.922631 -0.080172
v -1.043059 0.811347 -0.080172
v -1.110000 0.684800 -0.080172
v -1.043059 0.562606 -0.080172
v -0.850309 0.482481 -0.080172
v -0.555000 0.423011 -0.080172
v -0.192749 0.391367 -0.080172
v 0.192749 0.391367 -0.080172
v 0.555000 0.423011 -0.080172
v 0.850309 0.482481 -0.080172
v 1.043059 0.562606 -0.080172
v 1.110000 0.684800 0.000000
v 1.043059 0.811347 0.000000
v 0.850309 0.922631 0.000000
v 0.555000 1.005229 0.000000
v 0.192749 1.049179 0.000000
v -0.192749 1.049179 0.000000
v -0.555000 1.005229 0.000000
v -0.850309 0.922631 0.000000
v -1.043059 0.811347 0.000000
v -1.110000 0.684800 0.000000
v -1.043059 0.562606 0.000000
v -0.850309 0.482481 0.000000
v -0.555000 0.423011 0.000000
v -0.192749 0.391367 0.000000
v 0.192749 0.391367 0.000000
v 0.555000 0.423011 0.000000
v 0.850309 0.482481 0.000000
v 1.043059 0.562606 0.000000
v 1.110000 0.684800 0.080172
v 1.043059 0.811347 0.080172
v 0.850309 0.922631 0.080172
v 0.555000 1.005229 0.080172
v 0.192749 1.049179 0.080172
v -0.192749 1.049179 0.080172
v -0.555000 1.005229 0.080172
v -0.850309 0.922631 0.080172
v -1.043059 0.811347 0.080172
v -1.110000 0.684800 0.080172
v -1.043059 0.562606 0.080172
v -0.850309 0.482481 0.080172
v -0.555000 0.423011 0.080172
v -0.192749 0.391367 0.080172
v 0.192749 0.391367 0.080172
v 0.555000 0.423011 0.080172
v 0.850309 0.482481 0.080172
v 1.043059 0.562606 0.080172
v 1.110000 0.684800 0.160345
v 1.043059 0.811347 0.160345
v 0.850309 0.922631 0.160345
v 0.555000 1.005229 0.160345
v 0.192749 1.049179 0.160345
v -0.192749 1.049179 0.160345
v -0.555000 1.005229 0.160345
v -0.850309 0.922631 0.160345
v -1.043059 0.811347 0.160345
v -1.110000 0.684800 0.160345
v -1.043059 0.562606 0.160345
v -0.850309 0.482481 0.160345
v -0.555000 0.423011 0.160345
v -0.192749 0.391367 0.160345
v 0.192749 0.391367 0.160345
v 0.555000 0.423011 0.160345
v 0.850309 0.482481 0.160345
v 1.043059 0.562606 0.160345
v 1.110000 0.684800 0.240517
v 1.043059 0.811347 0.240517
v 0.850309 0.922631 0.240517
v 0.555000 1.005229 0.240517
v 0.192749 1.049179 0.240517
v -0.192749 1.049179 0.240517
v -0.555000 1.005229 0.240517
v -0.850309 0.922631 0.240517
v -1.043059 0.811347 0.240517
v -1.110000 0.684800 0.240517
v -1.043059 0.562606 0.240517
v -0.850309 0.482481 0.240517
v -0.555000 0.423011 0.240517
v -0.192749 0.391367 0.240517
v 0.192749 0.391367 0.240517
v 0.555000 0.423011 0.240517
v 0.850309 0.482481 0.240517
v 1.043059 0.562606 0.240517
v 1.110000 0.684800 0.320690
v 1.043059 0.811347 0.320690
v 0.850309 0.922631 0.320690
v 0.555000 1.005229 0.320690
v 0.192749 1.049179 0.320690
v -0.192749 1.049179 0.320690
v -0.555000 1.005229 0.320690
v -0.850309 0.922631 0.320690
v -1.043059 0.811347 0.320690
v -1.110000 0.684800 0.320690
v -1.043059 0.562606 0.320690
v -0.850309 0.482481 0.320690
v -0.555000 0.423011 0.320690
v -0.192749 0.391367 0.320690
v 0.192749 0.391367 0.320690
v 0.555000 0.423011 0.320690
v 0.850309 0.482481 0.320690
v 1.043059 0.562606 0.320690
v 1.110000 0.684800 0.400862
v 1.043059 0.811347 0.400862
v 0.850309 0.922631 0.400862
v 0.555000 1.005229 0.400862
v 0.192749 1.049179 0.400862
v -0.192749 1.049179 0.400862
v -0.555000 1.005229 0.400862
v -0.850309 0.922631 0.400862
v -1.043059 0.811347 0.400862
v -1.110000 0.684800 0.400862
v -1.043059 0.562606 0.400862
v -0.850309 0.482481 0.400862
v -0.555000 0.423011 0.400862
v -0.192749 0.391367 0.400862
v 0.192749 0.391367 0.400862
v 0.555000 0.423011 0.400862
v 0.850309 0.482481 0.400862
v 1.043059 0.562606 0.400862
v 1.110000 0.684800 0.481034
v 1.043059 0.811347 0.481034
v 0.850309 0.922631 0.481034
v 0.555000 1.005229 0.481034
v 0.192749 1.049179 0.481034
v -0.192749 1.049179 0.481034
v -0.555000 1.005229 0.481034
v -0.850309 0.922631 0.481034
v -1.043059 0.811347 0.481034
v -1.110000 0.684800 0.481034
v -1.043059 0.562606 0.481034
v -0.850309 0.482481 0.481034
v -0.555000 0.423011 0.481034
v -0.192749 0.391367 0.481034
v 0.192749 0.391367 0.481034
v 0.555000 0.423011 0.481034
v 0.850309 0.482481 0.481034
v 1.043059 0.562606 0.481034
v 1.110000 0.684800 0.561207
v 1.043059 0.811347 0.561207
v 0.850309 0.922631 0.561207
v 0.555000 1.005229 0.561207
v 0.192749 1.049179 0.561207
v -0.192749 1.049179 0.561207
v -0.555000 1.005229 0.561207
v -0.850309 0.922631 0.561207
v -1.043059 0.811347 0.561207
v -1.110000 0.684800 0.561207
v -1.043059 0.562606 0.561207
v -0.850309 0.482481 0.561207
v -0.555000 0.423011 0.561207
v -0.192749 0.391367 0.561207
v 0.192749 0.391367 0.561207
v 0.555000 0.423011 0.561207
v 0.850309 0.482481 0.561207
v 1.043059 0.562606 0.561207
v 1.110000 0.684800 0.641379
v 1.043059 0.811347 0.641379
v 0.850309 0.922631 0.641379
v 0.555000 1.005229 0.641379
v 0.192749 1.049179 0.641379
v -0.192749 1.049179 0.641379
v -0.555000 1.005229 0.641379
v -0.850309 0.922631 0.641379
v -1.043059 0.811347 0.641379
v -1.110000 0.684800 0.641379
v -1.043059 0.562606 0.641379
v -0.850309 0.482481 0.641379
v -0.555000 0.423011 0.641379
v -0.192749 0.391367 0.641379
v 0.192749 0.391367 0.641379
v 0.555000 0.423011 0.641379
v 0.850309 0.482481 0.641379
v 1.043059 0.562606 0.641379
v 1.110000 0.684800 0.721552
v 1.043059 0.811347 0.721552
v 0.850309 0.922631 0.721552
v 0.555000 1.005229 0.721552
v 0.192749 1.049179 0.721552
v -0.192749 1.049179 0.721552
v -0.555000 1.005229 0.721552
v -0.850309 0.922631 0.721552
v -1.043059 0.811347 0.721552
v -1.110000 0.684800 0.721552
v -1.043059 0.562606 0.721552
v -0.850309 0.482481 0.721552
v -0.555000 0.423011 0.721552
v -0.192749 0.391367 0.721552
v 0.192749 0.391367 0.721552
v 0.555000 0.423011 0.721552
v 0.850309 0.482481 0.721552
v 1.043059 0.562606 0.721552
v 1.110000 0.684800 0.801724
v 1.043059 0.811347 0.801724
v 0.850309 0.922631 0.801724
v 0.555000 1.005229 0.801724
v 0.192749 1.049179 0.801724
v -0.192749 1.049179 0.801724
v -0.555000 1.005229 0.801724
v -0.850309 0.922631 0.801724
v -1.043059 0.811347 0.801724
v -1.110000 0.684800 0.801724
v -1.043059 0.562606 0.801724
v -0.850309 0.482481 0.801724
v -0.555000 0.423011 0.801724
v -0.192749 0.391367 0.801724
v 0.192749 0.391367 0.801724
v 0.555000 0.423011 0.801724
v 0.850309 0.482481 0.801724
v 1.043059 0.562606 0.801724
v 1.110000 0.684800 0.881897
v 1.043059 0.811347 0.881897
v 0.850309 0.922631 0.881897
v 0.555000 1.005229 0.881897
v 0.192749 1.049179 0.881897
v -0.192749 1.049179 0.881897
v -0.555000 1.005229 0.881897
v -0.850309 0.922631 0.881897
v -1.043059 0.811347 0.881897
v -1.110000 0.684800 0.881897
v -1.043059 0.562606 0.881897
v -0.850309 0.482481 0.881897
v -0.555000 0.423011 0.881897
v -0.192749 0.391367 0.881897
v 0.192749 0.391367 0.881897
v 0.555000 0.423011 0.881897
v 0.850309 0.482481 0.881897
v 1.043059 0.562606 0.881897
v 1.110000 0.684800 0.962069
v 1.043059 0.811347 0.962069
v 0.850309 0.922631 0.962069
v 0.555000 1.005229 0.962069
v 0.192749 1.049179 0.962069
v -0.192749 1.049179 0.962069
v -0.555000 1.005229 0.962069
v -0.850309 0.922631 0.962069
v -1.043059 0.811347 0.962069
v -1.110000 0.684800 0.962069
v -1.043059 0.562606 0.962069
v -0.850309 0.482481 0.962069
v -0.555000 0.423011 0.962069
v -0.192749 0.391367 0.962069
v 0.192749 0.391367 0.962069
v 0.555000 0.423011 0.962069
v 0.850309 0.482481 0.962069
v 1.043059 0.562606 0.962069
v 1.110000 0.684800 1.042241
v 1.043059 0.811347 1.042241
v 0.850309 0.922631 1.042241
v 0.555000 1.005229 1.042241
v 0.192749 1.049179 1.042241
v -0.192749 1.049179 1.042241
v -0.555000 1.005229 1.042241
v -0.850309 0.922631 1.042241
v -1.043059 0.811347 1.042241
v -1.110000 0.684800 1.042241
v -1.043059 0.562606 1.042241
v -0.850309 0.482481 1.042241
v -0.555000 0.423011 1.042241
v -0.192749 0.391367 1.042241
v 0.192749 0.391367 1.042241
v 0.555000 0.423011 1.042241
v 0.850309 0.482481 1.042241
v 1.043059 0.562606 1.042241
v 1.110000 0.684800 1.122414
v 1.043059 0.811347 1.122414
v 0.850309 0.922631 1.122414
v 0.555000 1.005229 1.122414
v 0.192749 1.049179 1.122414
v -0.192749 1.049179 1.122414
v -0.555000 1.005229 1.122414
v -0.850309 0.922631 1.122414
v -1.043059 0.811347 1.122414
v -1.110000 0.684800 1.122414
v -1.043059 0.562606 1.122414
v -0.850309 0.482481 1.122414
v -0.555000 0.423011 1.122414
v -0.192749 0.391367 1.122414
v 0.192749 0.391367 1.122414
v 0.555000 0.423011 1.122414
v 0.850309 0.482481 1.122414
v 1.043059 0.562606 1.122414
v 1.110000 0.684800 1.202586
v 1.043059 0.811347 1.202586
v 0.850309 0.922631 1.202586
v 0.555000 1.005229 1.202586
v 0.192749 1.049179 1.202586
v -0.192749 1.049179 1.202586
v -0.555000 1.005229 1.202586
v -0.850309 0.922631 1.202586
v -1.043059 0.811347 1.202586
v -1.110000 0.684800 1.202586
v -1.043059 0.562606 1.202586
v -0.850309 0.482481 1.202586
v -0.555000 0.423011 1.202586
v -0.192749 0.391367 1.202586
v 0.192749 0.391367 1.202586
v 0.555000 0.423011 1.202586
v 0.850309 0.482481 1.202586
v 1.043059 0.562606 1.202586
v 1.110000 0.684800 1.282759
v 1.043059 0.811347 1.282759
v 0.850309 0.922631 1.282759
v 0.555000 1.005229 1.282759
v 0.192749 1.049179 1.282759
v -0.192749 1.049179 1.282759
v -0.555000 1.005229 1.282759
v -0.850309 0.922631 1.282759
v -1.043059 0.811347 1.282759
v -1.110000 0.684800 1.282759
v -1.043059 0.562606 1.282759
v -0.850309 0.482481 1.282759
v -0.555000 0.423011 1.282759
v -0.192749 0.391367 1.282759
v 0.192749 0.391367 1.282759
v 0.555000 0.423011 1.282759
v 0.850309 0.482481 1.282759
v 1.043059 0.562606 1.282759
v 1.110000 0.684800 1.362931
v 1.043059 0.811347 1.362931
v 0.850309 0.922631 1.362931
v 0.555000 1.005229 1.362931
v 0.192749 1.049179 1.362931
v -0.192749 1.049179 1.362931
v -0.555000 1.005229 1.362931
v -0.850309 0.922631 1.362931
v -1.043059 0.811347 1.362931
v -1.110000 0.684800 1.362931
v -1.043059 0.562606 1.362931
v -0.850309 0.482481 1.362931
v -0.555000 0.423011 1.362931
v -0.192749 0.391367 1.362931
v 0.192749 0.391367 1.362931
v 0.555000 0.423011 1.362931
v 0.850309 0.482481 1.362931
v 1.043059 0.562606 1.362931
v 1.110000 0.684800 1.443103
v 1.043059 0.811347 1.443103
v 0.850309 0.922631 1.443103
v 0.555000 1.005229 1.443103
v 0.192749 1.049179 1.443103
v -0.192749 1.049179 1.443103
v -0.555000 1.005229 1.443103
v -0.850309 0.922631 1.443103
v -1.043059 0.811347 1.443103
v -1.110000 0.684800 1.443103
v -1.043059 0.562606 1.443103
v -0.850309 0.482481 1.443103
v -0.555000 0.423011 1.443103
v -0.192749 0.391367 1.443103
v 0.192749 0.391367 1.443103
v 0.555000 0.423011 1.443103
v 0.850309 0.482481 1.443103
v 1.043059 0.562606 1.443103
v 1.110000 0.684800 1.523276
v 1.043059 0.811347 1.523276
v 0.850309 0.922631 1.523276
v 0.555000 1.005229 1.523276
v 0.192749 1.049179 1.523276
v -0.192749 1.049179 1.523276
v -0.555000 1.005229 1.523276
v -0.850309 0.922631 1.523276
v -1.043059 0.811347 1.523276
v -1.110000 0.684800 1.523276
v -1.043059 0.562606 1.523276
v -0.850309 0.482481 1.523276
v -0.555000 0.423011 1.523276
v -0.192749 0.391367 1.523276
v 0.192749 0.391367 1.523276
v 0.555000 0.423011 1.523276
v 0.850309 0.482481 1.523276
v 1.043059 0.562606 1.523276
v 1.013185 0.684800 1.603448
v 0.952082 0.811347 1.603448
v 0.776144 0.922631 1.603448
v 0.506592 1.005229 1.603448
v 0.175938 1.049179 1.603448
v -0.175938 1.049179 1.603448
v -0.506592 1.005229 1.603448
v -0.776144 0.922631 1.603448
v -0.952082 0.811347 1.603448
v -1.013185 0.684800 1.603448
v -0.952082 0.562606 1.603448
v -0.776144 0.482481 1.603448
v -0.506592 0.423011 1.603448
v -0.175938 0.391367 1.603448
v 0.175938 0.391367 1.603448
v 0.506592 0.423011 1.603448
v 0.776144 0.482481 1.603448
v 0.952082 0.562606 1.603448
v 0.900609 0.684800 1.683621
v 0.846295 0.811347 1.683621
v 0.689906 0.922631 1.683621
v 0.450304 1.005229 1.683621
v 0.156389 1.049179 1.683621
v -0.156389 1.049179 1.683621
v -0.450304 1.005229 1.683621
v -0.689906 0.922631 1.683621
v -0.846295 0.811347 1.683621
v -0.900609 0.684800 1.683621
v -0.846295 0.562606 1.683621
v -0.689906 0.482481 1.683621
v -0.450304 0.423011 1.683621
v -0.156389 0.391367 1.683621
v 0.156389 0.391367 1.683621
v 0.450304 0.423011 1.683621
v 0.689906 0.482481 1.683621
v 0.846295 0.562606 1.683621
v 0.788032 0.684800 1.763793
v 0.740508 0.811347 1.763793
v 0.603668 0.922631 1.763793
v 0.394016 1.005229 1.763793
v 0.136840 1.049179 1.763793
v -0.136840 1.049179 1.763793
v -0.394016 1.005229 1.763793
v -0.603668 0.922631 1.763793
v -0.740508 0.811347 1.763793
v -0.788032 0.684800 1.763793
v -0.740508 0.562606 1.763793
v -0.603668 0.482481 1.763793
v -0.394016 0.423011 1.763793
v -0.136840 0.391367 1.763793
v 0.136840 0.391367 1.763793
v 0.394016 0.423011 1.763793
v 0.603668 0.482481 1.763793
v 0.740508 0.562606 1.763793
v 0.675456 0.684800 1.843966
v 0.634721 0.811347 1.843966
v 0.517430 0.922631 1.843966
v 0.337728 1.005229 1.843966
v 0.117292 1.049179 1.843966
v -0.117292 1.049179 1.843966
v -0.337728 1.005229 1.843966
v -0.517430 0.922631 1.843966
v -0.634721 0.811347 1.843966
v -0.675456 0.684800 1.843966
v -0.634721 0.562606 1.843966
v -0.517430 0.482481 1.843966
v -0.337728 0.423011 1.843966
v -0.117292 0.391367 1.843966
v 0.117292 0.391367 1.843966
v 0.337728 0.423011 1.843966
v 0.517430 0.482481 1.843966
v 0.634721 0.562606 1.843966
v 0.562880 0.684800 1.924138
v 0.528934 0.811347 1.924138
v 0.431191 0.922631 1.924138
v 0.281440 1.005229 1.924138
v 0.097743 1.049179 1.924138
v -0.097743 1.049179 1.924138
v -0.281440 1.005229 1.924138
v -0.431191 0.922631 1.924138
v -0.528934 0.811347 1.924138
v -0.562880 0.684800 1.924138
v -0.528934 0.562606 1.924138
v -0.431191 0.482481 1.924138
v -0.281440 0.423011 1.924138
v -0.097743 0.391367 1.924138
v 0.097743 0.391367 1.924138
v 0.281440 0.423011 1.924138
v 0.431191 0.482481 1.924138
v 0.528934 0.562606 1.924138
v 0.450304 0.684800 2.004310
v 0.423148 0.811347 2.004310
v 0.344953 0.922631 2.004310
v 0.225152 1.005229 2.004310
v 0.078195 1.049179 2.004310
v -0.078195 1.049179 2.004310
v -0.225152 1.005229 2.004310
v -0.344953 0.922631 2.004310
v -0.423148 0.811347 2.004310
v -0.450304 0.684800 2.004310
v -0.423148 0.562606 2.004310
v -0.344953 0.482481 2.004310
v -0.225152 0.423011 2.004310
v -0.078195 0.391367 2.004310
v 0.078195 0.391367 2.004310
v 0.225152 0.423011 2.004310
v 0.344953 0.482481 2.004310
v 0.423148 0.562606 2.004310
v 0.337728 0.684800 2.084483
v 0.317361 0.811347 2.084483
v 0.258715 0.922631 2.084483
v 0.168864 1.005229 2.084483
v 0.058646 1.049179 2.084483
v -0.058646 1.049179 2.084483
v -0.168864 1.005229 2.084483
v -0.258715 0.922631 2.084483
v -0.317361 0.811347 2.084483
v -0.337728 0.684800 2.084483
v -0.317361 0.562606 2.084483
v -0.258715 0.482481 2.084483
v -0.168864 0.423011 2.084483
v -0.058646 0.391367 2.084483
v 0.058646 0.391367 2.084483
v 0.168864 0.423011 2.084483
v 0.258715 0.482481 2.084483
v 0.317361 0.562606 2.084483
v 0.255300 0.684800 2.164655
v 0.239904 0.811347 2.164655
v 0.195571 0.922631 2.164655
v 0.127650 1.005229 2.164655
v 0.044332 1.049179 2.164655
v -0.044332 1.049179 2.164655
v -0.127650 1.005229 2.164655
v -0.195571 0.922631 2.164655
v -0.239904 0.811347 2.164655
v -0.255300 0.684800 2.164655
v -0.239904 0.562606 2.164655
v -0.195571 0.482481 2.164655
v -0.127650 0.423011 2.164655
v -0.044332 0.391367 2.164655
v 0.044332 0.391367 2.164655
v 0.127650 0.423011 2.164655
v 0.195571 0.482481 2.164655
v 0.239904 0.562606 2.164655
v 0.255300 0.684800 2.244828
v 0.239904 0.811347 2.244828
v 0.195571 0.922631 2.244828
v 0.127650 1.005229 2.244828
v 0.044332 1.049179 2.244828
v -0.044332 1.049179 2.244828
v -0.127650 1.005229 2.244828
v -0.195571 0.922631 2.244828
v -0.239904 0.811347 2.244828
v -0.255300 0.684800 2.244828
v -0.239904 0.562606 2.244828
v -0.195571 0.482481 2.244828
v -0.127650 0.423011 2.244828
v -0.044332 0.391367 2.244828
v 0.044332 0.391367 2.244828
v 0.127650 0.423011 2.244828
v 0.195571 0.482481 2.244828
v 0.239904 0.562606 2.244828
v 0.255300 0.684800 2.325000
v 0.239904 0.811347 2.325000
v 0.195571 0.922631 2.325000
v 0.127650 1.005229 2.325000
v 0.044332 1.049179 2.325000
v -0.044332 1.049179 2.325000
v -0.127650 1.005229 2.325000
v -0.195571 0.922631 2.325000
v -0.239904 0.811347 2.325000
v -0.255300 0.684800 2.325000
v -0.239904 0.562606 2.325000
v -0.195571 0.482481 2.325000
v -0.127650 0.423011 2.325000
v -0.044332 0.391367 2.325000
v 0.044332 0.391367 2.325000
v 0.127650 0.423011 2.325000
v 0.195571 0.482481 2.325000
v 0.239904 0.562606 2.325000
v 0.151018 1.247600 -0.720750
v 0.115686 1.472576 -0.720750
v 0.026224 1.592283 -0.720750
v -0.075509 1.550709 -0.720750
v -0.141911 1.367307 -0.720750
v -0.141911 1.132011 -0.720750
v -0.075509 0.999962 -0.720750
v 0.026224 0.970028 -0.720750
v 0.115686 1.056218 -0.720750
v 0.151018 1.247600 -0.633868
v 0.115686 1.472576 -0.633868
v 0.026224 1.592283 -0.633868
v -0.075509 1.550709 -0.633868
v -0.141911 1.367307 -0.633868
v -0.141911 1.132011 -0.633868
v -0.075509 0.999962 -0.633868
v 0.026224 0.970028 -0.633868
v 0.115686 1.056218 -0.633868
v 0.246842 1.247600 -0.546987
v 0.189092 1.472576 -0.546987
v 0.042864 1.592283 -0.546987
v -0.123421 1.550709 -0.546987
v -0.231956 1.367307 -0.546987
v -0.231956 1.132011 -0.546987
v -0.123421 0.999962 -0.546987
v 0.042864 0.970028 -0.546987
v 0.189092 1.056218 -0.546987
v 0.370263 1.247600 -0.460105
v 0.283638 1.472576 -0.460105
v 0.064296 1.592283 -0.460105
v -0.185132 1.550709 -0.460105
v -0.347934 1.367307 -0.460105
v -0.347934 1.132011 -0.460105
v -0.185132 0.999962 -0.460105
v 0.064296 0.970028 -0.460105
v 0.283638 1.056218 -0.460105
v 0.493684 1.247600 -0.373224
v 0.378184 1.472576 -0.373224
v 0.085727 1.592283 -0.373224
v -0.246842 1.550709 -0.373224
v -0.463911 1.367307 -0.373224
v -0.463911 1.132011 -0.373224
v -0.246842 0.999962 -0.373224
v 0.085727 0.970028 -0.373224
v 0.378184 1.056218 -0.373224
v 0.617105 1.247600 -0.286342
v 0.472730 1.472576 -0.286342
v 0.107159 1.592283 -0.286342
v -0.308553 1.550709 -0.286342
v -0.579889 1.367307 -0.286342
v -0.579889 1.132011 -0.286342
v -0.308553 0.999962 -0.286342
v 0.107159 0.970028 -0.286342
v 0.472730 1.056218 -0.286342
v 0.656600 1.247600 -0.199461
v 0.502985 1.472576 -0.199461
v 0.114017 1.592283 -0.199461
v -0.328300 1.550709 -0.199461
v -0.617002 1.367307 -0.199461
v -0.617002 1.132011 -0.199461
v -0.328300 0.999962 -0.199461
v 0.114017 0.970028 -0.199461
v 0.502985 1.056218 -0.199461
v 0.656600 1.247600 -0.112579
v 0.502985 1.472576 -0.112579
v 0.114017 1.592283 -0.112579
v -0.328300 1.550709 -0.112579
v -0.617002 1.367307 -0.112579
v -0.617002 1.132011 -0.112579
v -0.328300 0.999962 -0.112579
v 0.114017 0.970028 -0.112579
v 0.502985 1.056218 -0.112579
v 0.656600 1.247600 -0.025697
v 0.502985 1.472576 -0.025697
v 0.114017 1.592283 -0.025697
v -0.328300 1.550709 -0.025697
v -0.617002 1.367307 -0.025697
v -0.617002 1.132011 -0.025697
v -0.328300 0.999962 -0.025697
v 0.114017 0.970028 -0.025697
v 0.502985 1.056218 -0.025697
v 0.656600 1.247600 0.061184
v 0.502985 1.472576 0.061184
v 0.114017 1.592283 0.061184
v -0.328300 1.550709 0.061184
v -0.617002 1.367307 0.061184
v -0.617002 1.132011 0.061184
v -0.328300 0.999962 0.061184
v 0.114017 0.970028 0.061184
v 0.502985 1.056218 0.061184
v 0.656600 1.247600 0.148066
v 0.502985 1.472576 0.148066
v 0.114017 1.592283 0.148066
v -0.328300 1.550709 0.148066
v -0.617002 1.367307 0.148066
v -0.617002 1.132011 0.148066
v -0.328300 0.999962 0.148066
v 0.114017 0.970028 0.148066
v 0.502985 1.056218 0.148066
v 0.656600 1.247600 0.234947
v 0.502985 1.472576 0.234947
v 0.114017 1.592283 0.234947
v -0.328300 1.550709 0.234947
v -0.617002 1.367307 0.234947
v -0.617002 1.132011 0.234947
v -0.328300 0.999962 0.234947
v 0.114017 0.970028 0.234947
v 0.502985 1.056218 0.234947
v 0.656600 1.247600 0.321829
v 0.502985 1.472576 0.321829
v 0.114017 1.592283 0.321829
v -0.328300 1.550709 0.321829
v -0.617002 1.367307 0.321829
v -0.617002 1.132011 0.321829
v -0.328300 0.999962 0.321829
v 0.114017 0.970028 0.321829
v 0.502985 1.056218 0.321829
v 0.656600 1.247600 0.408711
v 0.502985 1.472576 0.408711
v 0.114017 1.592283 0.408711
v -0.328300 1.550709 0.408711
v -0.617002 1.367307 0.408711
v -0.617002 1.132011 0.408711
v -0.328300 0.999962 0.408711
v 0.114017 0.970028 0.408711
v 0.502985 1.056218 0.408711
v 0.617105 1.247600 0.495592
v 0.472730 1.472576 0.495592
v 0.107159 1.592283 0.495592
v -0.308553 1.550709 0.495592
v -0.579889 1.367307 0.495592
v -0.579889 1.132011 0.495592
v -0.308553 0.999962 0.495592
v 0.107159 0.970028 0.495592
v 0.472730 1.056218 0.495592
v 0.493684 1.247600 0.582474
v 0.378184 1.472576 0.582474
v 0.085727 1.592283 0.582474
v -0.246842 1.550709 0.582474
v -0.463911 1.367307 0.582474
v -0.463911 1.132011 0.582474
v -0.246842 0.999962 0.582474
v 0.085727 0.970028 0.582474
v 0.378184 1.056218 0.582474
v 0.370263 1.247600 0.669355
v 0.283638 1.472576 0.669355
v 0.064296 1.592283 0.669355
v -0.185132 1.550709 0.669355
v -0.347934 1.367307 0.669355
v -0.347934 1.132011 0.669355
v -0.185132 0.999962 0.669355
v 0.064296 0.970028 0.669355
v 0.283638 1.056218 0.669355
v 0.246842 1.247600 0.756237
v 0.189092 1.472576 0.756237
v 0.042864 1.592283 0.756237
v -0.123421 1.550709 0.756237
v -0.231956 1.367307 0.756237
v -0.231956 1.132011 0.756237
v -0.123421 0.999962 0.756237
v 0.042864 0.970028 0.756237
v 0.189092 1.056218 0.756237
v 0.151018 1.247600 0.843118
v 0.115686 1.472576 0.843118
v 0.026224 1.592283 0.843118
v -0.075509 1.550709 0.843118
v -0.141911 1.367307 0.843118
v -0.141911 1.132011 0.843118
v -0.075509 0.999962 0.843118
v 0.026224 0.970028 0.843118
v 0.115686 1.056218 0.843118
v 0.151018 1.247600 0.930000
v 0.115686 1.472576 0.930000
v 0.026224 1.592283 0.930000
v -0.075509 1.550709 0.930000
v -0.141911 1.367307 0.930000
v -0.141911 1.132011 0.930000
v -0.075509 0.999962 0.930000
v 0.026224 0.970028 0.930000
v 0.115686 1.056218 0.930000
v -1.038800 0.420000 -1.021500
v -0.803600 0.420000 -1.021500
v -1.038800 0.563648 -1.046829
v -0.803600 0.563648 -1.046829
v -1.038800 0.689971 -1.119761
v -0.803600 0.689971 -1.119761
v -1.038800 0.783731 -1.231500
v -0.803600 0.783731 -1.231500
v -1.038800 0.833619 -1.368568
v -0.803600 0.833619 -1.368568
v -1.038800 0.833619 -1.514432
v -0.803600 0.833619 -1.514432
v -1.038800 0.783731 -1.651500
v -0.803600 0.783731 -1.651500
v -1.038800 0.689971 -1.763239
v -0.803600 0.689971 -1.763239
v -1.038800 0.563648 -1.836171
v -0.803600 0.563648 -1.836171
v -1.038800 0.420000 -1.861500
v -0.803600 0.420000 -1.861500
v -1.038800 0.276352 -1.836171
v -0.803600 0.276352 -1.836171
v -1.038800 0.150029 -1.763239
v -0.803600 0.150029 -1.763239
v -1.038800 0.056269 -1.651500
v -0.803600 0.056269 -1.651500
v -1.038800 0.006381 -1.514432
v -0.803600 0.006381 -1.514432
v -1.038800 0.006381 -1.368568
v -0.803600 0.006381 -1.368568
v -1.038800 0.056269 -1.231500
v -0.803600 0.056269 -1.231500
v -1.038800 0.150029 -1.119761
v -0.803600 0.150029 -1.119761
v -1.038800 0.276352 -1.046829
v -0.803600 0.276352 -1.046829
v -1.038800 0.420000 -1.441500
v -0.803600 0.420000 -1.441500
v -1.038800 0.420000 1.861500
v -0.803600 0.420000 1.861500
v -1.038800 0.563648 1.836171
v -0.803600 0.563648 1.836171
v -1.038800 0.689971 1.763239
v -0.803600 0.689971 1.763239
v -1.038800 0.783731 1.651500
v -0.803600 0.783731 1.651500
v -1.038800 0.833619 1.514432
v -0.803600 0.833619 1.514432
v -1.038800 0.833619 1.368568
v -0.803600 0.833619 1.368568
v -1.038800 0.783731 1.231500
v -0.803600 0.783731 1.231500
v -1.038800 0.689971 1.119761
v -0.803600 0.689971 1.119761
v -1.038800 0.563648 1.046829
v -0.803600 0.563648 1.046829
v -1.038800 0.420000 1.021500
v -0.803600 0.420000 1.021500
v -1.038800 0.276352 1.046829
v -0.803600 0.276352 1.046829
v -1.038800 0.150029 1.119761
v -0.803600 0.150029 1.119761
v -1.038800 0.056269 1.231500
v -0.803600 0.056269 1.231500
v -1.038800 0.006381 1.368568
v -0.803600 0.006381 1.368568
v -1.038800 0.006381 1.514432
v -0.803600 0.006381 1.514432
v -1.038800 0.056269 1.651500
v -0.803600 0.056269 1.651500
v -1.038800 0.150029 1.763239
v -0.803600 0.150029 1.763239
v -1.038800 0.276352 1.836171
v -0.803600 0.276352 1.836171
v -1.038800 0.420000 1.441500
v -0.803600 0.420000 1.441500
v 0.803600 0.420000 -1.021500
v 1.038800 0.420000 -1.021500
v 0.803600 0.563648 -1.046829
v 1.038800 0.563648 -1.046829
v 0.803600 0.689971 -1.119761
v 1.038800 0.689971 -1.119761
v 0.803600 0.783731 -1.231500
v 1.038800 0.783731 -1.231500
v 0.803600 0.833619 -1.368568
v 1.038800 0.833619 -1.368568
v 0.803600 0.833619 -1.514432
v 1.038800 0.833619 -1.514432
v 0.803600 0.783731 -1.651500
v 1.038800 0.783731 -1.651500
v 0.803600 0.689971 -1.763239
v 1.038800 0.689971 -1.763239
v 0.803600 0.563648 -1.836171
v 1.038800 0.563648 -1.836171
v 0.803600 0.420000 -1.861500
v 1.038800 0.420000 -1.861500
v 0.803600 0.276352 -1.836171
v 1.038800 0.276352 -1.836171
v 0.803600 0.150029 -1.763239
v 1.038800 0.150029 -1.763239
v 0.803600 0.056269 -1.651500
v 1.038800 0.056269 -1.651500
v 0.803600 0.006381 -1.514432
v 1.038800 0.006381 -1.514432
v 0.803600 0.006381 -1.368568
v 1.038800 0.006381 -1.368568
v 0.803600 0.056269 -1.231500
v 1.038800 0.056269 -1.231500
v 0.803600 0.150029 -1.119761
v 1.038800 0.150029 -1.119761
v 0.803600 0.276352 -1.046829
v 1.038800 0.276352 -1.046829
v 0.803600 0.420000 -1.441500
v 1.038800 0.420000 -1.441500
v 0.803600 0.420000 1.861500
v 1.038800 0.420000 1.861500
v 0.803600 0.563648 1.836171
v 1.038800 0.563648 1.836171
v 0.803600 0.689971 1.763239
v 1.038800 0.689971 1.763239
v 0.803600 0.783731 1.651500
v 1.038800 0.783731 1.651500
v 0.803600 0.833619 1.514432
v 1.038800 0.833619 1.514432
v 0.803600 0.833619 1.368568
v 1.038800 0.833619 1.368568
v 0.803600 0.783731 1.231500
v 1.038800 0.783731 1.231500
v 0.803600 0.689971 1.119761
v 1.038800 0.689971 1.119761
v 0.803600 0.563648 1.046829
v 1.038800 0.563648 1.046829
v 0.803600 0.420000 1.021500
v 1.038800 0.420000 1.021500
v 0.803600 0.276352 1.046829
v 1.038800 0.276352 1.046829
v 0.803600 0.150029 1.119761
v 1.038800 0.150029 1.119761
v 0.803600 0.056269 1.231500
v 1.038800 0.056269 1.231500
v 0.803600 0.006381 1.368568
v 1.038800 0.006381 1.368568
v 0.803600 0.006381 1.514432
v 1.038800 0.006381 1.514432
v 0.803600 0.056269 1.651500
v 1.038800 0.056269 1.651500
v 0.803600 0.150029 1.763239
v 1.038800 0.150029 1.763239
v 0.803600 0.276352 1.836171
v 1.038800 0.276352 1.836171
v 0.803600 0.420000 1.441500
v 1.038800 0.420000 1.441500
v -0.901600 0.126400 2.135000
v 0.901600 0.126400 2.135000
v 0.901600 0.226400 2.135000
v -0.901600 0.226400 2.135000
v -0.901600 0.126400 2.415000
v 0.901600 0.126400 2.415000
v 0.901600 0.226400 2.415000
v -0.901600 0.226400 2.415000
v -0.862400 0.141600 -2.395000
v 0.862400 0.141600 -2.395000
v 0.862400 0.261600 -2.395000
v -0.862400 0.261600 -2.395000
v -0.862400 0.141600 -2.095000
v 0.862400 0.141600 -2.095000
v 0.862400 0.261600 -2.095000
v -0.862400 0.261600 -2.095000
v -0.825000 1.212000 -2.225000
v 0.825000 1.212000 -2.225000
v 0.825000 1.312000 -2.225000
v -0.825000 1.312000 -2.225000
v -0.825000 1.212000 -1.985000
v 0.825000 1.212000 -1.985000
v 0.825000 1.312000 -1.985000
v -0.825000 1.312000 -1.985000
v -0.088200 1.246400 -0.794000
v 0.088200 1.246400 -0.794000
v 0.088200 1.366400 -0.794000
v -0.088200 1.366400 -0.794000
v -0.088200 1.246400 0.694000
v 0.088200 1.246400 0.694000
v 0.088200 1.366400 0.694000
v -0.088200 1.366400 0.694000
v -1.000800 0.594800 -0.787000
v -0.880800 0.594800 -0.787000
v -0.880800 0.774800 -0.787000
v -1.000800 0.774800 -0.787000
v -1.000800 0.594800 0.887000
v -0.880800 0.594800 0.887000
v -0.880800 0.774800 0.887000
v -1.000800 0.774800 0.887000
v 0.880800 0.594800 -0.787000
v 1.000800 0.594800 -0.787000
v 1.000800 0.774800 -0.787000
v 0.880800 0.774800 -0.787000
v 0.880800 0.594800 0.887000
v 1.000800 0.594800 0.887000
v 1.000800 0.774800 0.887000
v 0.880800 0.774800 0.887000
v -0.548800 0.730800 1.825000
v 0.548800 0.730800 1.825000
v 0.548800 0.860800 1.825000
v -0.548800 0.860800 1.825000
v -0.548800 0.730800 1.985000
v 0.548800 0.730800 1.985000
v 0.548800 0.860800 1.985000
v -0.548800 0.860800 1.985000
v 0.255300 0.684800 -2.325000
v 0.221096 0.869800 -2.325000
v 0.127650 1.005229 -2.325000
v 0.000000 1.054800 -2.325000
v -0.127650 1.005229 -2.325000
v -0.221096 0.869800 -2.325000
v -0.255300 0.684800 -2.325000
v -0.221096 0.520520 -2.325000
v -0.127650 0.423011 -2.325000
v -0.000000 0.387320 -2.325000
v 0.127650 0.423011 -2.325000
v 0.221096 0.520520 -2.325000
v 0.255300 0.684800 -2.146154
v 0.221096 0.869800 -2.146154
v 0.127650 1.005229 -2.146154
v 0.000000 1.054800 -2.146154
v -0.127650 1.005229 -2.146154
v -0.221096 0.869800 -2.146154
v -0.255300 0.684800 -2.146154
v -0.221096 0.520520 -2.146154
v -0.127650 0.423011 -2.146154
v -0.000000 0.387320 -2.146154
v 0.127650 0.423011 -2.146154
v 0.221096 0.520520 -2.146154
v 0.502262 0.684800 -1.967308
v 0.434972 0.869800 -1.967308
v 0.251131 1.005229 -1.967308
v 0.000000 1.054800 -1.967308
v -0.251131 1.005229 -1.967308
v -0.434972 0.869800 -1.967308
v -0.502262 0.684800 -1.967308
v -0.434972 0.520520 -1.967308
v -0.251131 0.423011 -1.967308
v -0.000000 0.387320 -1.967308
v 0.251131 0.423011 -1.967308
v 0.434972 0.520520 -1.967308
v 0.753394 0.684800 -1.788462
v 0.652458 0.869800 -1.788462
v 0.376697 1.005229 -1.788462
v 0.000000 1.054800 -1.788462
v -0.376697 1.005229 -1.788462
v -0.652458 0.869800 -1.788462
v -0.753394 0.684800 -1.788462
v -0.652458 0.520520 -1.788462
v -0.376697 0.423011 -1.788462
v -0.000000 0.387320 -1.788462
v 0.376697 0.423011 -1.788462
v 0.652458 0.520520 -1.788462
v 1.004525 0.684800 -1.609615
v 0.869944 0.869800 -1.609615
v 0.502262 1.005229 -1.609615
v 0.000000 1.054800 -1.609615
v -0.502262 1.005229 -1.609615
v -0.869944 0.869800 -1.609615
v -1.004525 0.684800 -1.609615
v -0.869944 0.520520 -1.609615
v -0.502262 0.423011 -1.609615
v -0.000000 0.387320 -1.609615
v 0.502262 0.423011 -1.609615
v 0.869944 0.520520 -1.609615
v 1.110000 0.684800 -1.430769
v 0.961288 0.869800 -1.430769
v 0.555000 1.005229 -1.430769
v 0.000000 1.054800 -1.430769
v -0.555000 1.005229 -1.430769
v -0.961288 0.869800 -1.430769
v -1.110000 0.684800 -1.430769
v -0.961288 0.520520 -1.430769
v -0.555000 0.423011 -1.430769
v -0.000000 0.387320 -1.430769
v 0.555000 0.423011 -1.430769
v 0.961288 0.520520 -1.430769
v 1.110000 0.684800 -1.251923
v 0.961288 0.869800 -1.251923
v 0.555000 1.005229 -1.251923
v 0.000000 1.054800 -1.251923
v -0.555000 1.005229 -1.251923
v -0.961288 0.869800 -1.251923
v -1.110000 0.684800 -1.251923
v -0.961288 0.520520 -1.251923
v -0.555000 0.423011 -1.251923
v -0.000000 0.387320 -1.251923
v 0.555000 0.423011 -1.251923
v 0.961288 0.520520 -1.251923
v 1.110000 0.684800 -1.073077
v 0.961288 0.869800 -1.073077
v 0.555000 1.005229 -1.073077
v 0.000000 1.054800 -1.073077
v -0.555000 1.005229 -1.073077
v -0.961288 0.869800 -1.073077
v -1.110000 0.684800 -1.073077
v -0.961288 0.520520 -1.073077
v -0.555000 0.423011 -1.073077
v -0.000000 0.387320 -1.073077
v 0.555000 0.423011 -1.073077
v 0.961288 0.520520 -1.073077
v 1.110000 0.684800 -0.894231
v 0.961288 0.869800 -0.894231
v 0.555000 1.005229 -0.894231
v 0.000000 1.054800 -0.894231
v -0.555000 1.005229 -0.894231
v -0.961288 0.869800 -0.894231
v -1.110000 0.684800 -0.894231
v -0.961288 0.520520 -0.894231
v -0.555000 0.423011 -0.894231
v -0.000000 0.387320 -0.894231
v 0.555000 0.423011 -0.894231
v 0.961288 0.520520 -0.894231
v 1.110000 0.684800 -0.715385
v 0.961288 0.869800 -0.715385
v 0.555000 1.005229 -0.715385
v 0.000000 1.054800 -0.715385
v -0.555000 1.005229 -0.715385
v -0.961288 0.869800 -0.715385
v -1.110000 0.684800 -0.715385
v -0.961288 0.520520 -0.715385
v -0.555000 0.423011 -0.715385
v -0.000000 0.387320 -0.715385
v 0.555000 0.423011 -0.715385
v 0.961288 0.520520 -0.715385
v 1.110000 0.684800 -0.536538
v 0.961288 0.869800 -0.536538
v 0.555000 1.005229 -0.536538
v 0.000000 1.054800 -0.536538
v -0.555000 1.005229 -0.536538
v -0.961288 0.869800 -0.536538
v -1.110000 0.684800 -0.536538
v -0.961288 0.520520 -0.536538
v -0.555000 0.423011 -0.536538
v -0.000000 0.387320 -0.536538
v 0.555000 0.423011 -0.536538
v 0.961288 0.520520 -0.536538
v 1.110000 0.684800 -0.357692
v 0.961288 0.869800 -0.357692
v 0.555000 1.005229 -0.357692
v 0.000000 1.054800 -0.357692
v -0.555000 1.005229 -0.357692
v -0.961288 0.869800 -0.357692
v -1.110000 0.684800 -0.357692
v -0.961288 0.520520 -0.357692
v -0.555000 0.423011 -0.357692
v -0.000000 0.387320 -0.357692
v 0.555000 0.423011 -0.357692
v 0.961288 0.520520 -0.357692
v 1.110000 0.684800 -0.178846
v 0.961288 0.869800 -0.178846
v 0.555000 1.005229 -0.178846
v 0.000000 1.054800 -0.178846
v -0.555000 1.005229 -0.178846
v -0.961288 0.869800 -0.178846
v -1.110000 0.684800 -0.178846
v -0.961288 0.520520 -0.178846
v -0.555000 0.423011 -0.178846
v -0.000000 0.387320 -0.178846
v 0.555000 0.423011 -0.178846
v 0.961288 0.520520 -0.178846
v 1.110000 0.684800 0.000000
v 0.961288 0.869800 0.000000
v 0.555000 1.005229 0.000000
v 0.000000 1.054800 0.000000
v -0.555000 1.005229 0.000000
v -0.961288 0.869800 0.000000
v -1.110000 0.684800 0.000000
v -0.961288 0.520520 0.000000
v -0.555000 0.423011 0.000000
v -0.000000 0.387320 0.000000
v 0.555000 0.423011 0.000000
v 0.961288 0.520520 0.000000
v 1.110000 0.684800 0.178846
v 0.961288 0.869800 0.178846
v 0.555000 1.005229 0.178846
v 0.000000 1.054800 0.178846
v -0.555000 1.005229 0.178846
v -0.961288 0.869800 0.178846
v -1.110000 0.684800 0.178846
v -0.961288 0.520520 0.178846
v -0.555000 0.423011 0.178846
v -0.000000 0.387320 0.178846
v 0.555000 0.423011 0.178846
v 0.961288 0.520520 0.178846
v 1.110000 0.684800 0.357692
v 0.961288 0.869800 0.357692
v 0.555000 1.005229 0.357692
v 0.000000 1.054800 0.357692
v -0.555000 1.005229 0.357692
v -0.961288 0.869800 0.357692
v -1.110000 0.684800 0.357692
v -0.961288 0.520520 0.357692
v -0.555000 0.423011 0.357692
v -0.000000 0.387320 0.357692
v 0.555000 0.423011 0.357692
v 0.961288 0.520520 0.357692
v 1.110000 0.684800 0.536538
v 0.961288 0.869800 0.536538
v 0.555000 1.005229 0.536538
v 0.000000 1.054800 0.536538
v -0.555000 1.005229 0.536538
v -0.961288 0.869800 0.536538
v -1.110000 0.684800 0.536538
v -0.961288 0.520520 0.536538
v -0.555000 0.423011 0.536538
v -0.000000 0.387320 0.536538
v 0.555000 0.423011 0.536538
v 0.961288 0.520520 0.536538
v 1.110000 0.684800 0.715385
v 0.961288 0.869800 0.715385
v 0.555000 1.005229 0.715385
v 0.000000 1.054800 0.715385
v -0.555000 1.005229 0.715385
v -0.961288 0.869800 0.715385
v -1.110000 0.684800 0.715385
v -0.961288 0.520520 0.715385
v -0.555000 0.423011 0.715385
v -0.000000 0.387320 0.715385
v 0.555000 0.423011 0.715385
v 0.961288 0.520520 0.715385
v 1.110000 0.684800 0.894231
v 0.961288 0.869800 0.894231
v 0.555000 1.005229 0.894231
v 0.000000 1.054800 0.894231
v -0.555000 1.005229 0.894231
v -0.961288 0.869800 0.894231
v -1.110000 0.684800 0.894231
v -0.961288 0.520520 0.894231
v -0.555000 0.423011 0.894231
v -0.000000 0.387320 0.894231
v 0.555000 0.423011 0.894231
v 0.961288 0.520520 0.894231
v 1.110000 0.684800 1.073077
v 0.961288 0.869800 1.073077
v 0.555000 1.005229 1.073077
v 0.000000 1.054800 1.073077
v -0.555000 1.005229 1.073077
v -0.961288 0.869800 1.073077
v -1.110000 0.684800 1.073077
v -0.961288 0.520520 1.073077
v -0.555000 0.423011 1.073077
v -0.000000 0.387320 1.073077
v 0.555000 0.423011 1.073077
v 0.961288 0.520520 1.073077
v 1.110000 0.684800 1.251923
v 0.961288 0.869800 1.251923
v 0.555000 1.005229 1.251923
v 0.000000 1.054800 1.251923
v -0.555000 1.005229 1.251923
v -0.961288 0.869800 1.251923
v -1.110000 0.684800 1.251923
v -0.961288 0.520520 1.251923
v -0.555000 0.423011 1.251923
v -0.000000 0.387320 1.251923
v 0.555000 0.423011 1.251923
v 0.961288 0.520520 1.251923
v 1.110000 0.684800 1.430769
v 0.961288 0.869800 1.430769
v 0.555000 1.005229 1.430769
v 0.000000 1.054800 1.430769
v -0.555000 1.005229 1.430769
v -0.961288 0.869800 1.430769
v -1.110000 0.684800 1.430769
v -0.961288 0.520520 1.430769
v -0.555000 0.423011 1.430769
v -0.000000 0.387320 1.430769
v 0.555000 0.423011 1.430769
v 0.961288 0.520520 1.430769
v 1.004525 0.684800 1.609615
v 0.869944 0.869800 1.609615
v 0.502262 1.005229 1.609615
v 0.000000 1.054800 1.609615
v -0.502262 1.005229 1.609615
v -0.869944 0.869800 1.609615
v -1.004525 0.684800 1.609615
v -0.869944 0.520520 1.609615
v -0.502262 0.423011 1.609615
v -0.000000 0.387320 1.609615
v 0.502262 0.423011 1.609615
v 0.869944 0.520520 1.609615
v 0.753394 0.684800 1.788462
v 0.652458 0.869800 1.788462
v 0.376697 1.005229 1.788462
v 0.000000 1.054800 1.788462
v -0.376697 1.005229 1.788462
v -0.652458 0.869800 1.788462
v -0.753394 0.684800 1.788462
v -0.652458 0.520520 1.788462
v -0.376697 0.423011 1.788462
v -0.000000 0.387320 1.788462
v 0.376697 0.423011 1.788462
v 0.652458 0.520520 1.788462
v 0.502262 0.684800 1.967308
v 0.434972 0.869800 1.967308
v 0.251131 1.005229 1.967308
v 0.000000 1.054800 1.967308
v -0.251131 1.005229 1.967308
v -0.434972 0.869800 1.967308
v -0.502262 0.684800 1.967308
v -0.434972 0.520520 1.967308
v -0.251131 0.423011 1.967308
v -0.000000 0.387320 1.967308
v 0.251131 0.423011 1.967308
v 0.434972 0.520520 1.967308
v 0.255300 0.684800 2.146154
v 0.221096 0.869800 2.146154
v 0.127650 1.005229 2.146154
v 0.000000 1.054800 2.146154
v -0.127650 1.005229 2.146154
v -0.221096 0.869800 2.146154
v -0.255300 0.684800 2.146154
v -0.221096 0.520520 2.146154
v -0.127650 0.423011 2.146154
v -0.000000 0.387320 2.146154
v 0.127650 0.423011 2.146154
v 0.221096 0.520520 2.146154
v 0.255300 0.684800 2.325000
v 0.221096 0.869800 2.325000
v 0.127650 1.005229 2.325000
v 0.000000 1.054800 2.325000
v -0.127650 1.005229 2.325000
v -0.221096 0.869800 2.325000
v -0.255300 0.684800 2.325000
v -0.221096 0.520520 2.325000
v -0.127650 0.423011 2.325000
v -0.000000 0.387320 2.325000
v 0.127650 0.423011 2.325000
v 0.221096 0.520520 2.325000
v 0.151018 1.247600 -0.720750
v 0.075509 1.550709 -0.720750
v -0.075509 1.550709 -0.720750
v -0.151018 1.247600 -0.720750
v -0.075509 0.999962 -0.720750
v 0.075509 0.999962 -0.720750
v 0.293125 1.247600 -0.514406
v 0.146563 1.550709 -0.514406
v -0.146562 1.550709 -0.514406
v -0.293125 1.247600 -0.514406
v -0.146563 0.999962 -0.514406
v 0.146563 0.999962 -0.514406
v 0.586250 1.247600 -0.308062
v 0.293125 1.550709 -0.308062
v -0.293125 1.550709 -0.308062
v -0.586250 1.247600 -0.308062
v -0.293125 0.999962 -0.308062
v 0.293125 0.999962 -0.308062
v 0.656600 1.247600 -0.101719
v 0.328300 1.550709 -0.101719
v -0.328300 1.550709 -0.101719
v -0.656600 1.247600 -0.101719
v -0.328300 0.999962 -0.101719
v 0.328300 0.999962 -0.101719
v 0.656600 1.247600 0.104625
v 0.328300 1.550709 0.104625
v -0.328300 1.550709 0.104625
v -0.656600 1.247600 0.104625
v -0.328300 0.999962 0.104625
v 0.328300 0.999962 0.104625
v 0.656600 1.247600 0.310969
v 0.328300 1.550709 0.310969
v -0.328300 1.550709 0.310969
v -0.656600 1.247600 0.310969
v -0.328300 0.999962 0.310969
v 0.328300 0.999962 0.310969
v 0.586250 1.247600 0.517313
v 0.293125 1.550709 0.517313
v -0.293125 1.550709 0.517313
v -0.586250 1.247600 0.517313
v -0.293125 0.999962 0.517313
v 0.293125 0.999962 0.517313
v 0.293125 1.247600 0.723656
v 0.146563 1.550709 0.723656
v -0.146562 1.550709 0.723656
v -0.293125 1.247600 0.723656
v -0.146563 0.999962 0.723656
v 0.146563 0.999962 0.723656
v 0.151018 1.247600 0.930000
v 0.075509 1.550709 0.930000
v -0.075509 1.550709 0.930000
v -0.151018 1.247600 0.930000
v -0.075509 0.999962 0.930000
v 0.075509 0.999962 0.930000
v -1.038800 0.420000 -1.021500
v -0.803600 0.420000 -1.021500
v -1.038800 0.630000 -1.077769
v -0.803600 0.630000 -1.077769
v -1.038800 0.783731 -1.231500
v -0.803600 0.783731 -1.231500
v -1.038800 0.840000 -1.441500
v -0.803600 0.840000 -1.441500
v -1.038800 0.783731 -1.651500
v -0.803600 0.783731 -1.651500
v -1.038800 0.630000 -1.805231
v -0.803600 0.630000 -1.805231
v -1.038800 0.420000 -1.861500
v -0.803600 0.420000 -1.861500
v -1.038800 0.210000 -1.805231
v -0.803600 0.210000 -1.805231
v -1.038800 0.056269 -1.651500
v -0.803600 0.056269 -1.651500
v -1.038800 0.000000 -1.441500
v -0.803600 0.000000 -1.441500
v -1.038800 0.056269 -1.231500
v -0.803600 0.056269 -1.231500
v -1.038800 0.210000 -1.077769
v -0.803600 0.210000 -1.077769
v -1.038800 0.420000 -1.441500
v -0.803600 0.420000 -1.441500
v -1.038800 0.420000 1.861500
v -0.803600 0.420000 1.861500
v -1.038800 0.630000 1.805231
v -0.803600 0.630000 1.805231
v -1.038800 0.783731 1.651500
v -0.803600 0.783731 1.651500
v -1.038800 0.840000 1.441500
v -0.803600 0.840000 1.441500
v -1.038800 0.783731 1.231500
v -0.803600 0.783731 1.231500
v -1.038800 0.630000 1.077769
v -0.803600 0.630000 1.077769
v -1.038800 0.420000 1.021500
v -0.803600 0.420000 1.021500
v -1.038800 0.210000 1.077769
v -0.803600 0.210000 1.077769
v -1.038800 0.056269 1.231500
v -0.803600 0.056269 1.231500
v -1.038800 0.000000 1.441500
v -0.803600 0.000000 1.441500
v -1.038800 0.056269 1.651500
v -0.803600 0.056269 1.651500
v -1.038800 0.210000 1.805231
v -0.803600 0.210000 1.805231
v -1.038800 0.420000 1.441500
v -0.803600 0.420000 1.441500
v 0.803600 0.420000 -1.021500
v 1.038800 0.420000 -1.021500
v 0.803600 0.630000 -1.077769
v 1.038800 0.630000 -1.077769
v 0.803600 0.783731 -1.231500
v 1.038800 0.783731 -1.231500
v 0.803600 0.840000 -1.441500
v 1.038800 0.840000 -1.441500
v 0.803600 0.783731 -1.651500
v 1.038800 0.783731 -1.651500
v 0.803600 0.630000 -1.805231
v 1.038800 0.630000 -1.805231
v 0.803600 0.420000 -1.861500
v 1.038800 0.420000 -1.861500
v 0.803600 0.210000 -1.805231
v 1.038800 0.210000 -1.805231
v 0.803600 0.056269 -1.651500
v 1.038800 0.056269 -1.651500
v 0.803600 0.000000 -1.441500
v 1.038800 0.000000 -1.441500
v 0.803600 0.056269 -1.231500
v 1.038800 0.056269 -1.231500
v 0.803600 0.210000 -1.077769
v 1.038800 0.210000 -1.077769
v 0.803600 0.420000 -1.441500
v 1.038800 0.420000 -1.441500
v 0.803600 0.420000 1.861500
v 1.038800 0.420000 1.861500
v 0.803600 0.630000 1.805231
v 1.038800 0.630000 1.805231
v 0.803600 0.783731 1.651500
v 1.038800 0.783731 1.651500
v 0.803600 0.840000 1.441500
v 1.038800 0.840000 1.441500
v 0.803600 0.783731 1.231500
v 1.038800 0.783731 1.231500
v 0.803600 0.630000 1.077769
v 1.038800 0.630000 1.077769
v 0.803600 0.420000 1.021500
v 1.038800 0.420000 1.021500
v 0.803600 0.210000 1.077769
v 1.038800 0.210000 1.077769
v 0.803600 0.056269 1.231500
v 1.038800 0.056269 1.231500
v 0.803600 0.000000 1.441500
v 1.038800 0.000000 1.441500
v 0.803600 0.056269 1.651500
v 1.038800 0.056269 1.651500
v 0.803600 0.210000 1.805231
v 1.038800 0.210000 1.805231
v 0.803600 0.420000 1.441500
v 1.038800 0.420000 1.441500
v -0.901600 0.126400 2.135000
v 0.901600 0.126400 2.135000
v 0.901600 0.226400 2.135000
v -0.901600 0.226400 2.135000
v -0.901600 0.126400 2.415000
v 0.901600 0.126400 2.415000
v 0.901600 0.226400 2.415000
v -0.901600 0.226400 2.415000
v -0.862400 0.141600 -2.395000
v 0.862400 0.141600 -2.395000
v 0.862400 0.261600 -2.395000
v -0.862400 0.261600 -2.395000
v -0.862400 0.141600 -2.095000
v 0.862400 0.141600 -2.095000
v 0.862400 0.261600 -2.095000
v -0.862400 0.261600 -2.095000
v -0.825000 1.212000 -2.225000
v 0.825000 1.212000 -2.225000
v 0.825000 1.312000 -2.225000
v -0.825000 1.312000 -2.225000
v -0.825000 1.212000 -1.985000
v 0.825000 1.212000 -1.985000
v 0.825000 1.312000 -1.985000
v -0.825000 1.312000 -1.985000
v -0.088200 1.246400 -0.794000
v 0.088200 1.246400 -0.794000
v 0.088200 1.366400 -0.794000
v -0.088200 1.366400 -0.794000
v -0.088200 1.246400 0.694000
v 0.088200 1.246400 0.694000
v 0.088200 1.366400 0.694000
v -0.088200 1.366400 0.694000
v -1.000800 0.594800 -0.787000
v -0.880800 0.594800 -0.787000
v -0.880800 0.774800 -0.787000
v -1.000800 0.774800 -0.787000
v -1.000800 0.594800 0.887000
v -0.880800 0.594800 0.887000
v -0.880800 0.774800 0.887000
v -1.000800 0.774800 0.887000
v 0.880800 0.594800 -0.787000
v 1.000800 0.594800 -0.787000
v 1.000800 0.774800 -0.787000
v 0.880800 0.774800 -0.787000
v 0.880800 0.594800 0.887000
v 1.000800 0.594800 0.887000
v 1.000800 0.774800 0.887000
v 0.880800 0.774800 0.887000
v -0.548800 0.730800 1.825000
v 0.548800 0.730800 1.825000
v 0.548800 0.860800 1.825000
v -0.548800 0.860800 1.825000
v -0.548800 0.730800 1.985000
v 0.548800 0.730800 1.985000
v 0.548800 0.860800 1.985000
v -0.548800 0.860800 1.985000
v 0.255300 0.684800 -2.325000
v 0.180524 0.946430 -2.325000
v 0.000000 1.054800 -2.325000
v -0.180524 0.946430 -2.325000
v -0.255300 0.684800 -2.325000
v -0.180524 0.465347 -2.325000
v -0.000000 0.387320 -2.325000
v 0.180524 0.465347 -2.325000
v 0.544118 0.684800 -1.937500
v 0.384749 0.946430 -1.937500
v 0.000000 1.054800 -1.937500
v -0.384749 0.946430 -1.937500
v -0.544118 0.684800 -1.937500
v -0.384749 0.465347 -1.937500
v -0.000000 0.387320 -1.937500
v 0.384749 0.465347 -1.937500
v 1.088235 0.684800 -1.550000
v 0.769499 0.946430 -1.550000
v 0.000000 1.054800 -1.550000
v -0.769499 0.946430 -1.550000
v -1.088235 0.684800 -1.550000
v -0.769499 0.465347 -1.550000
v -0.000000 0.387320 -1.550000
v 0.769499 0.465347 -1.550000
v 1.110000 0.684800 -1.162500
v 0.784889 0.946430 -1.162500
v 0.000000 1.054800 -1.162500
v -0.784889 0.946430 -1.162500
v -1.110000 0.684800 -1.162500
v -0.784889 0.465347 -1.162500
v -0.000000 0.387320 -1.162500
v 0.784889 0.465347 -1.162500
v 1.110000 0.684800 -0.775000
v 0.784889 0.946430 -0.775000
v 0.000000 1.054800 -0.775000
v -0.784889 0.946430 -0.775000
v -1.110000 0.684800 -0.775000
v -0.784889 0.465347 -0.775000
v -0.000000 0.387320 -0.775000
v 0.784889 0.465347 -0.775000
v 1.110000 0.684800 -0.387500
v 0.784889 0.946430 -0.387500
v 0.000000 1.054800 -0.387500
v -0.784889 0.946430 -0.387500
v -1.110000 0.684800 -0.387500
v -0.784889 0.465347 -0.387500
v -0.000000 0.387320 -0.387500
v 0.784889 0.465347 -0.387500
v 1.110000 0.684800 0.000000
v 0.784889 0.946430 0.000000
v 0.000000 1.054800 0.000000
v -0.784889 0.946430 0.000000
v -1.110000 0.684800 0.000000
v -0.784889 0.465347 0.000000
v -0.000000 0.387320 0.000000
v 0.784889 0.465347 0.000000
v 1.110000 0.684800 0.387500
v 0.784889 0.946430 0.387500
v 0.000000 1.054800 0.387500
v -0.784889 0.946430 0.387500
v -1.110000 0.684800 0.387500
v -0.784889 0.465347 0.387500
v -0.000000 0.387320 0.387500
v 0.784889 0.465347 0.387500
v 1.110000 0.684800 0.775000
v 0.784889 0.946430 0.775000
v 0.000000 1.054800 0.775000
v -0.784889 0.946430 0.775000
v -1.110000 0.684800 0.775000
v -0.784889 0.465347 0.775000
v -0.000000 0.387320 0.775000
v 0.784889 0.465347 0.775000
v 1.110000 0.684800 1.162500
v 0.784889 0.946430 1.162500
v 0.000000 1.054800 1.162500
v -0.784889 0.946430 1.162500
v -1.110000 0.684800 1.162500
v -0.784889 0.465347 1.162500
v -0.000000 0.387320 1.162500
v 0.784889 0.465347 1.162500
v 1.088235 0.684800 1.550000
v 0.769499 0.946430 1.550000
v 0.000000 1.054800 1.550000
v -0.769499 0.946430 1.550000
v -1.088235 0.684800 1.550000
v -0.769499 0.465347 1.550000
v -0.000000 0.387320 1.550000
v 0.769499 0.465347 1.550000
v 0.544118 0.684800 1.937500
v 0.384749 0.946430 1.937500
v 0.000000 1.054800 1.937500
v -0.384749 0.946430 1.937500
v -0.544118 0.684800 1.937500
v -0.384749 0.465347 1.937500
v -0.000000 0.387320 1.937500
v 0.384749 0.465347 1.937500
v 0.255300 0.684800 2.325000
v 0.180524 0.946430 2.325000
v 0.000000 1.054800 2.325000
v -0.180524 0.946430 2.325000
v -0.255300 0.684800 2.325000
v -0.180524 0.465347 2.325000
v -0.000000 0.387320 2.325000
v 0.180524 0.465347 2.325000
v 0.151018 1.247600 -0.720750
v 0.075509 1.550709 -0.720750
v -0.075509 1.550709 -0.720750
v -0.151018 1.247600 -0.720750
v -0.075509 0.999962 -0.720750
v 0.075509 0.999962 -0.720750
v 0.390833 1.247600 -0.445625
v 0.195417 1.550709 -0.445625
v -0.195417 1.550709 -0.445625
v -0.390833 1.247600 -0.445625
v -0.195417 0.999962 -0.445625
v 0.195417 0.999962 -0.445625
v 0.656600 1.247600 -0.170500
v 0.328300 1.550709 -0.170500
v -0.328300 1.550709 -0.170500
v -0.656600 1.247600 -0.170500
v -0.328300 0.999962 -0.170500
v 0.328300 0.999962 -0.170500
v 0.656600 1.247600 0.104625
v 0.328300 1.550709 0.104625
v -0.328300 1.550709 0.104625
v -0.656600 1.247600 0.104625
v -0.328300 0.999962 0.104625
v 0.328300 0.999962 0.104625
v 0.656600 1.247600 0.379750
v 0.328300 1.550709 0.379750
v -0.328300 1.550709 0.379750
v -0.656600 1.247600 0.379750
v -0.328300 0.999962 0.379750
v 0.328300 0.999962 0.379750
v 0.390833 1.247600 0.654875
v 0.195417 1.550709 0.654875
v -0.195417 1.550709 0.654875
v -0.390833 1.247600 0.654875
v -0.195417 0.999962 0.654875
v 0.195417 0.999962 0.654875
v 0.151018 1.247600 0.930000
v 0.075509 1.550709 0.930000
v -0.075509 1.550709 0.930000
v -0.151018 1.247600 0.930000
v -0.075509 0.999962 0.930000
v 0.075509 0.999962 0.930000
v -1.038800 0.420000 -1.021500
v -0.803600 0.420000 -1.021500
v -1.038800 0.716985 -1.144515
v -0.803600 0.716985 -1.144515
v -1.038800 0.840000 -1.441500
v -0.803600 0.840000 -1.441500
v -1.038800 0.716985 -1.738485
v -0.803600 0.716985 -1.738485
v -1.038800 0.420000 -1.861500
v -0.803600 0.420000 -1.861500
v -1.038800 0.123015 -1.738485
v -0.803600 0.123015 -1.738485
v -1.038800 0.000000 -1.441500
v -0.803600 0.000000 -1.441500
v -1.038800 0.123015 -1.144515
v -0.803600 0.123015 -1.144515
v -1.038800 0.420000 -1.441500
v -0.803600 0.420000 -1.441500
v -1.038800 0.420000 1.861500
v -0.803600 0.420000 1.861500
v -1.038800 0.716985 1.738485
v -0.803600 0.716985 1.738485
v -1.038800 0.840000 1.441500
v -0.803600 0.840000 1.441500
v -1.038800 0.716985 1.144515
v -0.803600 0.716985 1.144515
v -1.038800 0.420000 1.021500
v -0.803600 0.420000 1.021500
v -1.038800 0.123015 1.144515
v -0.803600 0.123015 1.144515
v -1.038800 0.000000 1.441500
v -0.803600 0.000000 1.441500
v -1.038800 0.123015 1.738485
v -0.803600 0.123015 1.738485
v -1.038800 0.420000 1.441500
v -0.803600 0.420000 1.441500
v 0.803600 0.420000 -1.021500
v 1.038800 0.420000 -1.021500
v 0.803600 0.716985 -1.144515
v 1.038800 0.716985 -1.144515
v 0.803600 0.840000 -1.441500
v 1.038800 0.840000 -1.441500
v 0.803600 0.716985 -1.738485
v 1.038800 0.716985 -1.738485
v 0.803600 0.420000 -1.861500
v 1.038800 0.420000 -1.861500
v 0.803600 0.123015 -1.738485
v 1.038800 0.123015 -1.738485
v 0.803600 0.000000 -1.441500
v 1.038800 0.000000 -1.441500
v 0.803600 0.123015 -1.144515
v 1.038800 0.123015 -1.144515
v 0.803600 0.420000 -1.441500
v 1.038800 0.420000 -1.441500
v 0.803600 0.420000 1.861500
v 1.038800 0.420000 1.861500
v 0.803600 0.716985 1.738485
v 1.038800 0.716985 1.738485
v 0.803600 0.840000 1.441500
v 1.038800 0.840000 1.441500
v 0.803600 0.716985 1.144515
v 1.038800 0.716985 1.144515
v 0.803600 0.420000 1.021500
v 1.038800 0.420000 1.021500
v 0.803600 0.123015 1.144515
v 1.038800 0.123015 1.144515
v 0.803600 0.000000 1.441500
v 1.038800 0.000000 1.441500
v 0.803600 0.123015 1.738485
v 1.038800 0.123015 1.738485
v 0.803600 0.420000 1.441500
v 1.038800 0.420000 1.441500
v -0.901600 0.126400 2.135000
v 0.901600 0.126400 2.135000
v 0.901600 0.226400 2.135000
v -0.901600 0.226400 2.135000
v -0.901600 0.126400 2.415000
v 0.901600 0.126400 2.415000
v 0.901600 0.226400 2.415000
v -0.901600 0.226400 2.415000
v -0.862400 0.141600 -2.395000
v 0.862400 0.141600 -2.395000
v 0.862400 0.261600 -2.395000
v -0.862400 0.261600 -2.395000
v -0.862400 0.141600 -2.095000
v 0.862400 0.141600 -2.095000
v 0.862400 0.261600 -2.095000
v -0.862400 0.261600 -2.095000
v -0.825000 1.212000 -2.225000
v 0.825000 1.212000 -2.225000
v 0.825000 1.312000 -2.225000
v -0.825000 1.312000 -2.225000
v -0.825000 1.212000 -1.985000
v 0.825000 1.212000 -1.985000
v 0.825000 1.312000 -1.985000
v -0.825000 1.312000 -1.985000
v -0.088200 1.246400 -0.794000
v 0.088200 1.246400 -0.794000
v 0.088200 1.366400 -0.794000
v -0.088200 1.366400 -0.794000
v -0.088200 1.246400 0.694000
v 0.088200 1.246400 0.694000
v 0.088200 1.366400 0.694000
v -0.088200 1.366400 0.694000
v -1.000800 0.594800 -0.787000
v -0.880800 0.594800 -0.787000
v -0.880800 0.774800 -0.787000
v -1.000800 0.774800 -0.787000
v -1.000800 0.594800 0.887000
v -0.880800 0.594800 0.887000
v -0.880800 0.774800 0.887000
v -1.000800 0.774800 0.887000
v 0.880800 0.594800 -0.787000
v 1.000800 0.594800 -0.787000
v 1.000800 0.774800 -0.787000
v 0.880800 0.774800 -0.787000
v 0.880800 0.594800 0.887000
v 1.000800 0.594800 0.887000
v 1.000800 0.774800 0.887000
v 0.880800 0.774800 0.887000
v -0.548800 0.730800 1.825000
v 0.548800 0.730800 1.825000
v 0.548800 0.860800 1.825000
v -0.548800 0.860800 1.825000
v -0.548800 0.730800 1.985000
v 0.548800 0.730800 1.985000
v 0.548800 0.860800 1.985000
v -0.548800 0.860800 1.985000
vt 0.596485 0.065217
vt 0.590666 0.065217
vt 0.573912 0.065217
vt 0.548243 0.065217
vt 0.516754 0.065217
vt 0.483246 0.065217
vt 0.451757 0.065217
vt 0.426088 0.065217
vt 0.409334 0.065217
vt 0.403515 0.065217
vt 0.409334 0.065217
vt 0.426088 0.065217
vt 0.451757 0.065217
vt 0.483246 0.065217
vt 0.516754 0.065217
vt 0.548243 0.065217
vt 0.573912 0.065217
vt 0.590666 0.065217
vt 0.596485 0.080210
vt 0.590666 0.080210
vt 0.573912 0.080210
vt 0.548243 0.080210
vt 0.516754 0.080210
vt 0.483246 0.080210
vt 0.451757 0.080210
vt 0.426088 0.080210
vt 0.409334 0.080210
vt 0.403515 0.080210
vt 0.409334 0.080210
vt 0.426088 0.080210
vt 0.451757 0.080210
vt 0.483246 0.080210
vt 0.516754 0.080210
vt 0.548243 0.080210
vt 0.573912 0.080210
vt 0.590666 0.080210
vt 0.596485 0.095202
vt 0.590666 0.095202
vt 0.573912 0.095202
vt 0.548243 0.095202
vt 0.516754 0.095202
vt 0.483246 0.095202
vt 0.451757 0.095202
vt 0.426088 0.095202
vt 0.409334 0.095202
vt 0.403515 0.095202
vt 0.409334 0.095202
vt 0.426088 0.095202
vt 0.451757 0.095202
vt 0.483246 0.095202
vt 0.516754 0.095202
vt 0.548243 0.095202
vt 0.573912 0.095202
vt 0.590666 0.095202
vt 0.627637 0.110195
vt 0.619940 0.110195
vt 0.597776 0.110195
vt 0.563819 0.110195
vt 0.522164 0.110195
vt 0.477836 0.110195
vt 0.436181 0.110195
vt 0.402224 0.110195
vt 0.380060 0.110195
vt 0.372363 0.110195
vt 0.380060 0.110195
vt 0.402224 0.110195
vt 0.436181 0.110195
vt 0.477836 0.110195
vt 0.522164 0.110195
vt 0.563819 0.110195
vt 0.597776 0.110195
vt 0.619940 0.110195
vt 0.670183 0.125187
vt 0.659920 0.125187
vt 0.630368 0.125187
vt 0.585092 0.125187
vt 0.529552 0.125187
vt 0.470448 0.125187
vt 0.414908 0.125187
vt 0.369632 0.125187
vt 0.340080 0.125187
vt 0.329817 0.125187
vt 0.340080 0.125187
vt 0.369632 0.125187
vt 0.414908 0.125187
vt 0.470448 0.125187
vt 0.529552 0.125187
vt 0.585092 0.125187
vt 0.630368 0.125187
vt 0.659920 0.125187
vt 0.712729 0.140180
vt 0.699900 0.140180
vt 0.662960 0.140180
vt 0.606364 0.140180
vt 0.536940 0.140180
vt 0.463060 0.140180
vt 0.393636 0.140180
vt 0.337040 0.140180
vt 0.300100 0.140180
vt 0.287271 0.140180
vt 0.300100 0.140180
vt 0.337040 0.140180
vt 0.393636 0.140180
vt 0.463060 0.140180
vt 0.536940 0.140180
vt 0.606364 0.140180
vt 0.662960 0.140180
vt 0.699900 0.140180
vt 0.755275 0.155172
vt 0.739880 0.155172
vt 0.695552 0.155172
vt 0.627637 0.155172
vt 0.544328 0.155172
vt 0.455672 0.155172
vt 0.372363 0.155172
vt 0.304448 0.155172
vt 0.260120 0.155172
vt 0.244725 0.155172
vt 0.260120 0.155172
vt 0.304448 0.155172
vt 0.372363 0.155172
vt 0.455672 0.155172
vt 0.544328 0.155172
vt 0.627637 0.155172
vt 0.695552 0.155172
vt 0.739880 0.155172
vt 0.797820 0.170165
vt 0.779860 0.170165
vt 0.728144 0.170165
vt 0.648910 0.170165
vt 0.551716 0.170165
vt 0.448284 0.170165
vt 0.351090 0.170165
vt 0.271856 0.170165
vt 0.220140 0.170165
vt 0.202180 0.170165
vt 0.220140 0.170165
vt 0.271856 0.170165
vt 0.351090 0.170165
vt 0.448284 0.170165
vt 0.551716 0.170165
vt 0.648910 0.170165
vt 0.728144 0.170165
vt 0.779860 0.170165
vt 0.840366 0.185157
vt 0.819839 0.185157
vt 0.760736 0.185157
vt 0.670183 0.185157
vt 0.559104 0.185157
vt 0.440896 0.185157
vt 0.329817 0.185157
vt 0.239264 0.185157
vt 0.180161 0.185157
vt 0.159634 0.185157
vt 0.180161 0.185157
vt 0.239264 0.185157
vt 0.329817 0.185157
vt 0.440896 0.185157
vt 0.559104 0.185157
vt 0.670183 0.185157
vt 0.760736 0.185157
vt 0.819839 0.185157
vt 0.882912 0.200150
vt 0.859819 0.200150
vt 0.793327 0.200150
vt 0.691456 0.200150
vt 0.566492 0.200150
vt 0.433508 0.200150
vt 0.308544 0.200150
vt 0.206673 0.200150
vt 0.140181 0.200150
vt 0.117088 0.200150
vt 0.140181 0.200150
vt 0.206673 0.200150
vt 0.308544 0.200150
vt 0.433508 0.200150
vt 0.566492 0.200150
vt 0.691456 0.200150
vt 0.793327 0.200150
vt 0.859819 0.200150
vt 0.919501 0.215142
vt 0.894202 0.215142
vt 0.821357 0.215142
vt 0.709751 0.215142
vt 0.572846 0.215142
vt 0.427154 0.215142
vt 0.290249 0.215142
vt 0.178643 0.215142
vt 0.105798 0.215142
vt 0.080499 0.215142
vt 0.105798 0.215142
vt 0.178643 0.215142
vt 0.290249 0.215142
vt 0.427154 0.215142
vt 0.572846 0.215142
vt 0.709751 0.215142
vt 0.821357 0.215142
vt 0.894202 0.215142
vt 0.919501 0.230135
vt 0.894202 0.230135
vt 0.821357 0.230135
vt 0.709751 0.230135
vt 0.572846 0.230135
vt 0.427154 0.230135
vt 0.290249 0.230135
vt 0.178643 0.230135
vt 0.105798 0.230135
vt 0.080499 0.230135
vt 0.105798 0.230135
vt 0.178643 0.230135
vt 0.290249 0.230135
vt 0.427154 0.230135
vt 0.572846 0.230135
vt 0.709751 0.230135
vt 0.821357 0.230135
vt 0.894202 0.230135
vt 0.919501 0.245127
vt 0.894202 0.245127
vt 0.821357 0.245127
vt 0.709751 0.245127
vt 0.572846 0.245127
vt 0.427154 0.245127
vt 0.290249 0.245127
vt 0.178643 0.245127
vt 0.105798 0.245127
vt 0.080499 0.245127
vt 0.105798 0.245127
vt 0.178643 0.245127
vt 0.290249 0.245127
vt 0.427154 0.245127
vt 0.572846 0.245127
vt 0.709751 0.245127
vt 0.821357 0.245127
vt 0.894202 0.245127
vt 0.919501 0.260120
vt 0.894202 0.260120
vt 0.821357 0.260120
vt 0.709751 0.260120
vt 0.572846 0.260120
vt 0.427154 0.260120
vt 0.290249 0.260120
vt 0.178643 0.260120
vt 0.105798 0.260120
vt 0.080499 0.260120
vt 0.105798 0.260120
vt 0.178643 0.260120
vt 0.290249 0.260120
vt 0.427154 0.260120
vt 0.572846 0.260120
vt 0.709751 0.260120
vt 0.821357 0.260120
vt 0.894202 0.260120
vt 0.919501 0.275112
vt 0.894202 0.275112
vt 0.821357 0.275112
vt 0.709751 0.275112
vt 0.572846 0.275112
vt 0.427154 0.275112
vt 0.290249 0.275112
vt 0.178643 0.275112
vt 0.105798 0.275112
vt 0.080499 0.275112
vt 0.105798 0.275112
vt 0.178643 0.275112
vt 0.290249 0.275112
vt 0.427154 0.275112
vt 0.572846 0.275112
vt 0.709751 0.275112
vt 0.821357 0.275112
vt 0.894202 0.275112
vt 0.919501 0.290105
vt 0.894202 0.290105
vt 0.821357 0.290105
vt 0.709751 0.290105
vt 0.572846 0.290105
vt 0.427154 0.290105
vt 0.290249 0.290105
vt 0.178643 0.290105
vt 0.105798 0.290105
vt 0.080499 0.290105
vt 0.105798 0.290105
vt 0.178643 0.290105
vt 0.290249 0.290105
vt 0.427154 0.290105
vt 0.572846 0.290105
vt 0.709751 0.290105
vt 0.821357 0.290105
vt 0.894202 0.290105
vt 0.919501 0.305097
vt 0.894202 0.305097
vt 0.821357 0.305097
vt 0.709751 0.305097
vt 0.572846 0.305097
vt 0.427154 0.305097
vt 0.290249 0.305097
vt 0.178643 0.305097
vt 0.105798 0.305097
vt 0.080499 0.305097
vt 0.105798 0.305097
vt 0.178643 0.305097
vt 0.290249 0.305097
vt 0.427154 0.305097
vt 0.572846 0.305097
vt 0.709751 0.305097
vt 0.821357 0.305097
vt 0.894202 0.305097
vt 0.919501 0.320090
vt 0.894202 0.320090
vt 0.821357 0.320090
vt 0.709751 0.320090
vt 0.572846 0.320090
vt 0.427154 0.320090
vt 0.290249 0.320090
vt 0.178643 0.320090
vt 0.105798 0.320090
vt 0.080499 0.320090
vt 0.105798 0.320090
vt 0.178643 0.320090
vt 0.290249 0.320090
vt 0.427154 0.320090
vt 0.572846 0.320090
vt 0.709751 0.320090
vt 0.821357 0.320090
vt 0.894202 0.320090
vt 0.919501 0.335082
vt 0.894202 0.335082
vt 0.821357 0.335082
vt 0.709751 0.335082
vt 0.572846 0.335082
vt 0.427154 0.335082
vt 0.290249 0.335082
vt 0.178643 0.335082
vt 0.105798 0.335082
vt 0.080499 0.335082
vt 0.105798 0.335082
vt 0.178643 0.335082
vt 0.290249 0.335082
vt 0.427154 0.335082
vt 0.572846 0.335082
vt 0.709751 0.335082
vt 0.821357 0.335082
vt 0.894202 0.335082
vt 0.919501 0.350075
vt 0.894202 0.350075
vt 0.821357 0.350075
vt 0.709751 0.350075
vt 0.572846 0.350075
vt 0.427154 0.350075
vt 0.290249 0.350075
vt 0.178643 0.350075
vt 0.105798 0.350075
vt 0.080499 0.350075
vt 0.105798 0.350075
vt 0.178643 0.350075
vt 0.290249 0.350075
vt 0.427154 0.350075
vt 0.572846 0.350075
vt 0.709751 0.350075
vt 0.821357 0.350075
vt 0.894202 0.350075
vt 0.919501 0.365067
vt 0.894202 0.365067
vt 0.821357 0.365067
vt 0.709751 0.365067
vt 0.572846 0.365067
vt 0.427154 0.365067
vt 0.290249 0.365067
vt 0.178643 0.365067
vt 0.105798 0.365067
vt 0.080499 0.365067
vt 0.105798 0.365067
vt 0.178643 0.365067
vt 0.290249 0.365067
vt 0.427154 0.365067
vt 0.572846 0.365067
vt 0.709751 0.365067
vt 0.821357 0.365067
vt 0.894202 0.365067
vt 0.919501 0.380060
vt 0.894202 0.380060
vt 0.821357 0.380060
vt 0.709751 0.380060
vt 0.572846 0.380060
vt 0.427154 0.380060
vt 0.290249 0.380060
vt 0.178643 0.380060
vt 0.105798 0.380060
vt 0.080499 0.380060
vt 0.105798 0.380060
vt 0.178643 0.380060
vt 0.290249 0.380060
vt 0.427154 0.380060
vt 0.572846 0.380060
vt 0.709751 0.380060
vt 0.821357 0.380060
vt 0.894202 0.380060
vt 0.919501 0.395052
vt 0.894202 0.395052
vt 0.821357 0.395052
vt 0.709751 0.395052
vt 0.572846 0.395052
vt 0.427154 0.395052
vt 0.290249 0.395052
vt 0.178643 0.395052
vt 0.105798 0.395052
vt 0.080499 0.395052
vt 0.105798 0.395052
vt 0.178643 0.395052
vt 0.290249 0.395052
vt 0.427154 0.395052
vt 0.572846 0.395052
vt 0.709751 0.395052
vt 0.821357 0.395052
vt 0.894202 0.395052
vt 0.919501 0.410045
vt 0.894202 0.410045
vt 0.821357 0.410045
vt 0.709751 0.410045
vt 0.572846 0.410045
vt 0.427154 0.410045
vt 0.290249 0.410045
vt 0.178643 0.410045
vt 0.105798 0.410045
vt 0.080499 0.410045
vt 0.105798 0.410045
vt 0.178643 0.410045
vt 0.290249 0.410045
vt 0.427154 0.410045
vt 0.572846 0.410045
vt 0.709751 0.410045
vt 0.821357 0.410045
vt 0.894202 0.410045
vt 0.919501 0.425037
vt 0.894202 0.425037
vt 0.821357 0.425037
vt 0.709751 0.425037
vt 0.572846 0.425037
vt 0.427154 0.425037
vt 0.290249 0.425037
vt 0.178643 0.425037
vt 0.105798 0.425037
vt 0.080499 0.425037
vt 0.105798 0.425037
vt 0.178643 0.425037
vt 0.290249 0.425037
vt 0.427154 0.425037
vt 0.572846 0.425037
vt 0.709751 0.425037
vt 0.821357 0.425037
vt 0.894202 0.425037
vt 0.919501 0.440030
vt 0.894202 0.440030
vt 0.821357 0.440030
vt 0.709751 0.440030
vt 0.572846 0.440030
vt 0.427154 0.440030
vt 0.290249 0.440030
vt 0.178643 0.440030
vt 0.105798 0.440030
vt 0.080499 0.440030
vt 0.105798 0.440030
vt 0.178643 0.440030
vt 0.290249 0.440030
vt 0.427154 0.440030
vt 0.572846 0.440030
vt 0.709751 0.440030
vt 0.821357 0.440030
vt 0.894202 0.440030
vt 0.919501 0.455022
vt 0.894202 0.455022
vt 0.821357 0.455022
vt 0.709751 0.455022
vt 0.572846 0.455022
vt 0.427154 0.455022
vt 0.290249 0.455022
vt 0.178643 0.455022
vt 0.105798 0.455022
vt 0.080499 0.455022
vt 0.105798 0.455022
vt 0.178643 0.455022
vt 0.290249 0.455022
vt 0.427154 0.455022
vt 0.572846 0.455022
vt 0.709751 0.455022
vt 0.821357 0.455022
vt 0.894202 0.455022
vt 0.919501 0.470015
vt 0.894202 0.470015
vt 0.821357 0.470015
vt 0.709751 0.470015
vt 0.572846 0.470015
vt 0.427154 0.470015
vt 0.290249 0.470015
vt 0.178643 0.470015
vt 0.105798 0.470015
vt 0.080499 0.470015
vt 0.105798 0.470015
vt 0.178643 0.470015
vt 0.290249 0.470015
vt 0.427154 0.470015
vt 0.572846 0.470015
vt 0.709751 0.470015
vt 0.821357 0.470015
vt 0.894202 0.470015
vt 0.919501 0.485007
vt 0.894202 0.485007
vt 0.821357 0.485007
vt 0.709751 0.485007
vt 0.572846 0.485007
vt 0.427154 0.485007
vt 0.290249 0.485007
vt 0.178643 0.485007
vt 0.105798 0.485007
vt 0.080499 0.485007
vt 0.105798 0.485007
vt 0.178643 0.485007
vt 0.290249 0.485007
vt 0.427154 0.485007
vt 0.572846 0.485007
vt 0.709751 0.485007
vt 0.821357 0.485007
vt 0.894202 0.485007
vt 0.919501 0.500000
vt 0.894202 0.500000
vt 0.821357 0.500000
vt 0.709751 0.500000
vt 0.572846 0.500000
vt 0.427154 0.500000
vt 0.290249 0.500000
vt 0.178643 0.500000
vt 0.105798 0.500000
vt 0.080499 0.500000
vt 0.105798 0.500000
vt 0.178643 0.500000
vt 0.290249 0.500000
vt 0.427154 0.500000
vt 0.572846 0.500000
vt 0.709751 0.500000
vt 0.821357 0.500000
vt 0.894202 0.500000
vt 0.919501 0.514993
vt 0.894202 0.514993
vt 0.821357 0.514993
vt 0.709751 0.514993
vt 0.572846 0.514993
vt 0.427154 0.514993
vt 0.290249 0.514993
vt 0.178643 0.514993
vt 0.105798 0.514993
vt 0.080499 0.514993
vt 0.105798 0.514993
vt 0.178643 0.514993
vt 0.290249 0.514993
vt 0.427154 0.514993
vt 0.572846 0.514993
vt 0.709751 0.514993
vt 0.821357 0.514993
vt 0.894202 0.514993
vt 0.919501 0.529985
vt 0.894202 0.529985
vt 0.821357 0.529985
vt 0.709751 0.529985
vt 0.572846 0.529985
vt 0.427154 0.529985
vt 0.290249 0.529985
vt 0.178643 0.529985
vt 0.105798 0.529985
vt 0.080499 0.529985
vt 0.105798 0.529985
vt 0.178643 0.529985
vt 0.290249 0.529985
vt 0.427154 0.529985
vt 0.572846 0.529985
vt 0.709751 0.529985
vt 0.821357 0.529985
vt 0.894202 0.529985
vt 0.919501 0.544978
vt 0.894202 0.544978
vt 0.821357 0.544978
vt 0.709751 0.544978
vt 0.572846 0.544978
vt 0.427154 0.544978
vt 0.290249 0.544978
vt 0.178643 0.544978
vt 0.105798 0.544978
vt 0.080499 0.544978
vt 0.105798 0.544978
vt 0.178643 0.544978
vt 0.290249 0.544978
vt 0.427154 0.544978
vt 0.572846 0.544978
vt 0.709751 0.544978
vt 0.821357 0.544978
vt 0.894202 0.544978
vt 0.919501 0.559970
vt 0.894202 0.559970
vt 0.821357 0.559970
vt 0.709751 0.559970
vt 0.572846 0.559970
vt 0.427154 0.559970
vt 0.290249 0.559970
vt 0.178643 0.559970
vt 0.105798 0.559970
vt 0.080499 0.559970
vt 0.105798 0.559970
vt 0.178643 0.559970
vt 0.290249 0.559970
vt 0.427154 0.559970
vt 0.572846 0.559970
vt 0.709751 0.559970
vt 0.821357 0.559970
vt 0.894202 0.559970
vt 0.919501 0.574963
vt 0.894202 0.574963
vt 0.821357 0.574963
vt 0.709751 0.574963
vt 0.572846 0.574963
vt 0.427154 0.574963
vt 0.290249 0.574963
vt 0.178643 0.574963
vt 0.105798 0.574963
vt 0.080499 0.574963
vt 0.105798 0.574963
vt 0.178643 0.574963
vt 0.290249 0.574963
vt 0.427154 0.574963
vt 0.572846 0.574963
vt 0.709751 0.574963
vt 0.821357 0.574963
vt 0.894202 0.574963
vt 0.919501 0.589955
vt 0.894202 0.589955
vt 0.821357 0.589955
vt 0.709751 0.589955
vt 0.572846 0.589955
vt 0.427154 0.589955
vt 0.290249 0.589955
vt 0.178643 0.589955
vt 0.105798 0.589955
vt 0.080499 0.589955
vt 0.105798 0.589955
vt 0.178643 0.589955
vt 0.290249 0.589955
vt 0.427154 0.589955
vt 0.572846 0.589955
vt 0.709751 0.589955
vt 0.821357 0.589955
vt 0.894202 0.589955
vt 0.919501 0.604948
vt 0.894202 0.604948
vt 0.821357 0.604948
vt 0.709751 0.604948
vt 0.572846 0.604948
vt 0.427154 0.604948
vt 0.290249 0.604948
vt 0.178643 0.604948
vt 0.105798 0.604948
vt 0.080499 0.604948
vt 0.105798 0.604948
vt 0.178643 0.604948
vt 0.290249 0.604948
vt 0.427154 0.604948
vt 0.572846 0.604948
vt 0.709751 0.604948
vt 0.821357 0.604948
vt 0.894202 0.604948
vt 0.919501 0.619940
vt 0.894202 0.619940
vt 0.821357 0.619940
vt 0.709751 0.619940
vt 0.572846 0.619940
vt 0.427154 0.619940
vt 0.290249 0.619940
vt 0.178643 0.619940
vt 0.105798 0.619940
vt 0.080499 0.619940
vt 0.105798 0.619940
vt 0.178643 0.619940
vt 0.290249 0.619940
vt 0.427154 0.619940
vt 0.572846 0.619940
vt 0.709751 0.619940
vt 0.821357 0.619940
vt 0.894202 0.619940
vt 0.919501 0.634933
vt 0.894202 0.634933
vt 0.821357 0.634933
vt 0.709751 0.634933
vt 0.572846 0.634933
vt 0.427154 0.634933
vt 0.290249 0.634933
vt 0.178643 0.634933
vt 0.105798 0.634933
vt 0.080499 0.634933
vt 0.105798 0.634933
vt 0.178643 0.634933
vt 0.290249 0.634933
vt 0.427154 0.634933
vt 0.572846 0.634933
vt 0.709751 0.634933
vt 0.821357 0.634933
vt 0.894202 0.634933
vt 0.919501 0.649925
vt 0.894202 0.649925
vt 0.821357 0.649925
vt 0.709751 0.649925
vt 0.572846 0.649925
vt 0.427154 0.649925
vt 0.290249 0.649925
vt 0.178643 0.649925
vt 0.105798 0.649925
vt 0.080499 0.649925
vt 0.105798 0.649925
vt 0.178643 0.649925
vt 0.290249 0.649925
vt 0.427154 0.649925
vt 0.572846 0.649925
vt 0.709751 0.649925
vt 0.821357 0.649925
vt 0.894202 0.649925
vt 0.919501 0.664918
vt 0.894202 0.664918
vt 0.821357 0.664918
vt 0.709751 0.664918
vt 0.572846 0.664918
vt 0.427154 0.664918
vt 0.290249 0.664918
vt 0.178643 0.664918
vt 0.105798 0.664918
vt 0.080499 0.664918
vt 0.105798 0.664918
vt 0.178643 0.664918
vt 0.290249 0.664918
vt 0.427154 0.664918
vt 0.572846 0.664918
vt 0.709751 0.664918
vt 0.821357 0.664918
vt 0.894202 0.664918
vt 0.919501 0.679910
vt 0.894202 0.679910
vt 0.821357 0.679910
vt 0.709751 0.679910
vt 0.572846 0.679910
vt 0.427154 0.679910
vt 0.290249 0.679910
vt 0.178643 0.679910
vt 0.105798 0.679910
vt 0.080499 0.679910
vt 0.105798 0.679910
vt 0.178643 0.679910
vt 0.290249 0.679910
vt 0.427154 0.679910
vt 0.572846 0.679910
vt 0.709751 0.679910
vt 0.821357 0.679910
vt 0.894202 0.679910
vt 0.919501 0.694903
vt 0.894202 0.694903
vt 0.821357 0.694903
vt 0.709751 0.694903
vt 0.572846 0.694903
vt 0.427154 0.694903
vt 0.290249 0.694903
vt 0.178643 0.694903
vt 0.105798 0.694903
vt 0.080499 0.694903
vt 0.105798 0.694903
vt 0.178643 0.694903
vt 0.290249 0.694903
vt 0.427154 0.694903
vt 0.572846 0.694903
vt 0.709751 0.694903
vt 0.821357 0.694903
vt 0.894202 0.694903
vt 0.919501 0.709895
vt 0.894202 0.709895
vt 0.821357 0.709895
vt 0.709751 0.709895
vt 0.572846 0.709895
vt 0.427154 0.709895
vt 0.290249 0.709895
vt 0.178643 0.709895
vt 0.105798 0.709895
vt 0.080499 0.709895
vt 0.105798 0.709895
vt 0.178643 0.709895
vt 0.290249 0.709895
vt 0.427154 0.709895
vt 0.572846 0.709895
vt 0.709751 0.709895
vt 0.821357 0.709895
vt 0.894202 0.709895
vt 0.919501 0.724888
vt 0.894202 0.724888
vt 0.821357 0.724888
vt 0.709751 0.724888
vt 0.572846 0.724888
vt 0.427154 0.724888
vt 0.290249 0.724888
vt 0.178643 0.724888
vt 0.105798 0.724888
vt 0.080499 0.724888
vt 0.105798 0.724888
vt 0.178643 0.724888
vt 0.290249 0.724888
vt 0.427154 0.724888
vt 0.572846 0.724888
vt 0.709751 0.724888
vt 0.821357 0.724888
vt 0.894202 0.724888
vt 0.919501 0.739880
vt 0.894202 0.739880
vt 0.821357 0.739880
vt 0.709751 0.739880
vt 0.572846 0.739880
vt 0.427154 0.739880
vt 0.290249 0.739880
vt 0.178643 0.739880
vt 0.105798 0.739880
vt 0.080499 0.739880
vt 0.105798 0.739880
vt 0.178643 0.739880
vt 0.290249 0.739880
vt 0.427154 0.739880
vt 0.572846 0.739880
vt 0.709751 0.739880
vt 0.821357 0.739880
vt 0.894202 0.739880
vt 0.919501 0.754873
vt 0.894202 0.754873
vt 0.821357 0.754873
vt 0.709751 0.754873
vt 0.572846 0.754873
vt 0.427154 0.754873
vt 0.290249 0.754873
vt 0.178643 0.754873
vt 0.105798 0.754873
vt 0.080499 0.754873
vt 0.105798 0.754873
vt 0.178643 0.754873
vt 0.290249 0.754873
vt 0.427154 0.754873
vt 0.572846 0.754873
vt 0.709751 0.754873
vt 0.821357 0.754873
vt 0.894202 0.754873
vt 0.919501 0.769865
vt 0.894202 0.769865
vt 0.821357 0.769865
vt 0.709751 0.769865
vt 0.572846 0.769865
vt 0.427154 0.769865
vt 0.290249 0.769865
vt 0.178643 0.769865
vt 0.105798 0.769865
vt 0.080499 0.769865
vt 0.105798 0.769865
vt 0.178643 0.769865
vt 0.290249 0.769865
vt 0.427154 0.769865
vt 0.572846 0.769865
vt 0.709751 0.769865
vt 0.821357 0.769865
vt 0.894202 0.769865
vt 0.919501 0.784858
vt 0.894202 0.784858
vt 0.821357 0.784858
vt 0.709751 0.784858
vt 0.572846 0.784858
vt 0.427154 0.784858
vt 0.290249 0.784858
vt 0.178643 0.784858
vt 0.105798 0.784858
vt 0.080499 0.784858
vt 0.105798 0.784858
vt 0.178643 0.784858
vt 0.290249 0.784858
vt 0.427154 0.784858
vt 0.572846 0.784858
vt 0.709751 0.784858
vt 0.821357 0.784858
vt 0.894202 0.784858
vt 0.882912 0.799850
vt 0.859819 0.799850
vt 0.793327 0.799850
vt 0.691456 0.799850
vt 0.566492 0.799850
vt 0.433508 0.799850
vt 0.308544 0.799850
vt 0.206673 0.799850
vt 0.140181 0.799850
vt 0.117088 0.799850
vt 0.140181 0.799850
vt 0.206673 0.799850
vt 0.308544 0.799850
vt 0.433508 0.799850
vt 0.566492 0.799850
vt 0.691456 0.799850
vt 0.793327 0.799850
vt 0.859819 0.799850
vt 0.840366 0.814843
vt 0.819839 0.814843
vt 0.760736 0.814843
vt 0.670183 0.814843
vt 0.559104 0.814843
vt 0.440896 0.814843
vt 0.329817 0.814843
vt 0.239264 0.814843
vt 0.180161 0.814843
vt 0.159634 0.814843
vt 0.180161 0.814843
vt 0.239264 0.814843
vt 0.329817 0.814843
vt 0.440896 0.814843
vt 0.559104 0.814843
vt 0.670183 0.814843
vt 0.760736 0.814843
vt 0.819839 0.814843
vt 0.797820 0.829835
vt 0.779860 0.829835
vt 0.728144 0.829835
vt 0.648910 0.829835
vt 0.551716 0.829835
vt 0.448284 0.829835
vt 0.351090 0.829835
vt 0.271856 0.829835
vt 0.220140 0.829835
vt 0.202180 0.829835
vt 0.220140 0.829835
vt 0.271856 0.829835
vt 0.351090 0.829835
vt 0.448284 0.829835
vt 0.551716 0.829835
vt 0.648910 0.829835
vt 0.728144 0.829835
vt 0.779860 0.829835
vt 0.755275 0.844828
vt 0.739880 0.844828
vt 0.695552 0.844828
vt 0.627637 0.844828
vt 0.544328 0.844828
vt 0.455672 0.844828
vt 0.372363 0.844828
vt 0.304448 0.844828
vt 0.260120 0.844828
vt 0.244725 0.844828
vt 0.260120 0.844828
vt 0.304448 0.844828
vt 0.372363 0.844828
vt 0.455672 0.844828
vt 0.544328 0.844828
vt 0.627637 0.844828
vt 0.695552 0.844828
vt 0.739880 0.844828
vt 0.712729 0.859820
vt 0.699900 0.859820
vt 0.662960 0.859820
vt 0.606364 0.859820
vt 0.536940 0.859820
vt 0.463060 0.859820
vt 0.393636 0.859820
vt 0.337040 0.859820
vt 0.300100 0.859820
vt 0.287271 0.859820
vt 0.300100 0.859820
vt 0.337040 0.859820
vt 0.393636 0.859820
vt 0.463060 0.859820
vt 0.536940 0.859820
vt 0.606364 0.859820
vt 0.662960 0.859820
vt 0.699900 0.859820
vt 0.670183 0.874813
vt 0.659920 0.874813
vt 0.630368 0.874813
vt 0.585092 0.874813
vt 0.529552 0.874813
vt 0.470448 0.874813
vt 0.414908 0.874813
vt 0.369632 0.874813
vt 0.340080 0.874813
vt 0.329817 0.874813
vt 0.340080 0.874813
vt 0.369632 0.874813
vt 0.414908 0.874813
vt 0.470448 0.874813
vt 0.529552 0.874813
vt 0.585092 0.874813
vt 0.630368 0.874813
vt 0.659920 0.874813
vt 0.627637 0.889805
vt 0.619940 0.889805
vt 0.597776 0.889805
vt 0.563819 0.889805
vt 0.522164 0.889805
vt 0.477836 0.889805
vt 0.436181 0.889805
vt 0.402224 0.889805
vt 0.380060 0.889805
vt 0.372363 0.889805
vt 0.380060 0.889805
vt 0.402224 0.889805
vt 0.436181 0.889805
vt 0.477836 0.889805
vt 0.522164 0.889805
vt 0.563819 0.889805
vt 0.597776 0.889805
vt 0.619940 0.889805
vt 0.596485 0.904798
vt 0.590666 0.904798
vt 0.573912 0.904798
vt 0.548243 0.904798
vt 0.516754 0.904798
vt 0.483246 0.904798
vt 0.451757 0.904798
vt 0.426088 0.904798
vt 0.409334 0.904798
vt 0.403515 0.904798
vt 0.409334 0.904798
vt 0.426088 0.904798
vt 0.451757 0.904798
vt 0.483246 0.904798
vt 0.516754 0.904798
vt 0.548243 0.904798
vt 0.573912 0.904798
vt 0.590666 0.904798
vt 0.596485 0.919790
vt 0.590666 0.919790
vt 0.573912 0.919790
vt 0.548243 0.919790
vt 0.516754 0.919790
vt 0.483246 0.919790
vt 0.451757 0.919790
vt 0.426088 0.919790
vt 0.409334 0.919790
vt 0.403515 0.919790
vt 0.409334 0.919790
vt 0.426088 0.919790
vt 0.451757 0.919790
vt 0.483246 0.919790
vt 0.516754 0.919790
vt 0.548243 0.919790
vt 0.573912 0.919790
vt 0.590666 0.919790
vt 0.596485 0.934783
vt 0.590666 0.934783
vt 0.573912 0.934783
vt 0.548243 0.934783
vt 0.516754 0.934783
vt 0.483246 0.934783
vt 0.451757 0.934783
vt 0.426088 0.934783
vt 0.409334 0.934783
vt 0.403515 0.934783
vt 0.409334 0.934783
vt 0.426088 0.934783
vt 0.451757 0.934783
vt 0.483246 0.934783
vt 0.516754 0.934783
vt 0.548243 0.934783
vt 0.573912 0.934783
vt 0.590666 0.934783
vt 0.557074 0.365217
vt 0.543721 0.365217
vt 0.509911 0.365217
vt 0.471463 0.365217
vt 0.446368 0.365217
vt 0.446368 0.365217
vt 0.471463 0.365217
vt 0.509911 0.365217
vt 0.543721 0.365217
vt 0.557074 0.381465
vt 0.543721 0.381465
vt 0.509911 0.381465
vt 0.471463 0.381465
vt 0.446368 0.381465
vt 0.446368 0.381465
vt 0.471463 0.381465
vt 0.509911 0.381465
vt 0.543721 0.381465
vt 0.593289 0.397712
vt 0.571463 0.397712
vt 0.516199 0.397712
vt 0.453356 0.397712
vt 0.412337 0.397712
vt 0.412337 0.397712
vt 0.453356 0.397712
vt 0.516199 0.397712
vt 0.571463 0.397712
vt 0.639933 0.413959
vt 0.607195 0.413959
vt 0.524299 0.413959
vt 0.430033 0.413959
vt 0.368506 0.413959
vt 0.368506 0.413959
vt 0.430033 0.413959
vt 0.524299 0.413959
vt 0.607195 0.413959
vt 0.686578 0.430206
vt 0.642927 0.430206
vt 0.532399 0.430206
vt 0.406711 0.430206
vt 0.324674 0.430206
vt 0.324674 0.430206
vt 0.406711 0.430206
vt 0.532399 0.430206
vt 0.642927 0.430206
vt 0.733222 0.446453
vt 0.678658 0.446453
vt 0.540499 0.446453
vt 0.383389 0.446453
vt 0.280843 0.446453
vt 0.280843 0.446453
vt 0.383389 0.446453
vt 0.540499 0.446453
vt 0.678658 0.446453
vt 0.748148 0.462700
vt 0.690093 0.462700
vt 0.543090 0.462700
vt 0.375926 0.462700
vt 0.266817 0.462700
vt 0.266817 0.462700
vt 0.375926 0.462700
vt 0.543090 0.462700
vt 0.690093 0.462700
vt 0.748148 0.478947
vt 0.690093 0.478947
vt 0.543090 0.478947
vt 0.375926 0.478947
vt 0.266817 0.478947
vt 0.266817 0.478947
vt 0.375926 0.478947
vt 0.543090 0.478947
vt 0.690093 0.478947
vt 0.748148 0.495195
vt 0.690093 0.495195
vt 0.543090 0.495195
vt 0.375926 0.495195
vt 0.266817 0.495195
vt 0.266817 0.495195
vt 0.375926 0.495195
vt 0.543090 0.495195
vt 0.690093 0.495195
vt 0.748148 0.511442
vt 0.690093 0.511442
vt 0.543090 0.511442
vt 0.375926 0.511442
vt 0.266817 0.511442
vt 0.266817 0.511442
vt 0.375926 0.511442
vt 0.543090 0.511442
vt 0.690093 0.511442
vt 0.748148 0.527689
vt 0.690093 0.527689
vt 0.543090 0.527689
vt 0.375926 0.527689
vt 0.266817 0.527689
vt 0.266817 0.527689
vt 0.375926 0.527689
vt 0.543090 0.527689
vt 0.690093 0.527689
vt 0.748148 0.543936
vt 0.690093 0.543936
vt 0.543090 0.543936
vt 0.375926 0.543936
vt 0.266817 0.543936
vt 0.266817 0.543936
vt 0.375926 0.543936
vt 0.543090 0.543936
vt 0.690093 0.543936
vt 0.748148 0.560183
vt 0.690093 0.560183
vt 0.543090 0.560183
vt 0.375926 0.560183
vt 0.266817 0.560183
vt 0.266817 0.560183
vt 0.375926 0.560183
vt 0.543090 0.560183
vt 0.690093 0.560183
vt 0.748148 0.576430
vt 0.690093 0.576430
vt 0.543090 0.576430
vt 0.375926 0.576430
vt 0.266817 0.576430
vt 0.266817 0.576430
vt 0.375926 0.576430
vt 0.543090 0.576430
vt 0.690093 0.576430
vt 0.733222 0.592677
vt 0.678658 0.592677
vt 0.540499 0.592677
vt 0.383389 0.592677
vt 0.280843 0.592677
vt 0.280843 0.592677
vt 0.383389 0.592677
vt 0.540499 0.592677
vt 0.678658 0.592677
vt 0.686578 0.608924
vt 0.642927 0.608924
vt 0.532399 0.608924
vt 0.406711 0.608924
vt 0.324674 0.608924
vt 0.324674 0.608924
vt 0.406711 0.608924
vt 0.532399 0.608924
vt 0.642927 0.608924
vt 0.639933 0.625172
vt 0.607195 0.625172
vt 0.524299 0.625172
vt 0.430033 0.625172
vt 0.368506 0.625172
vt 0.368506 0.625172
vt 0.430033 0.625172
vt 0.524299 0.625172
vt 0.607195 0.625172
vt 0.593289 0.641419
vt 0.571463 0.641419
vt 0.516199 0.641419
vt 0.453356 0.641419
vt 0.412337 0.641419
vt 0.412337 0.641419
vt 0.453356 0.641419
vt 0.516199 0.641419
vt 0.571463 0.641419
vt 0.557074 0.657666
vt 0.543721 0.657666
vt 0.509911 0.657666
vt 0.471463 0.657666
vt 0.446368 0.657666
vt 0.446368 0.657666
vt 0.471463 0.657666
vt 0.509911 0.657666
vt 0.543721 0.657666
vt 0.557074 0.673913
vt 0.543721 0.673913
vt 0.509911 0.673913
vt 0.471463 0.673913
vt 0.446368 0.673913
vt 0.446368 0.673913
vt 0.471463 0.673913
vt 0.509911 0.673913
vt 0.543721 0.673913
vt 0.107407 0.308976
vt 0.196296 0.308976
vt 0.107407 0.304240
vt 0.196296 0.304240
vt 0.107407 0.290601
vt 0.196296 0.290601
vt 0.107407 0.269705
vt 0.196296 0.269705
vt 0.107407 0.244073
vt 0.196296 0.244073
vt 0.107407 0.216796
vt 0.196296 0.216796
vt 0.107407 0.191164
vt 0.196296 0.191164
vt 0.107407 0.170269
vt 0.196296 0.170269
vt 0.107407 0.156630
vt 0.196296 0.156630
vt 0.107407 0.151893
vt 0.196296 0.151893
vt 0.107407 0.156630
vt 0.196296 0.156630
vt 0.107407 0.170269
vt 0.196296 0.170269
vt 0.107407 0.191164
vt 0.196296 0.191164
vt 0.107407 0.216796
vt 0.196296 0.216796
vt 0.107407 0.244073
vt 0.196296 0.244073
vt 0.107407 0.269705
vt 0.196296 0.269705
vt 0.107407 0.290601
vt 0.196296 0.290601
vt 0.107407 0.304240
vt 0.196296 0.304240
vt 0.107407 0.230435
vt 0.196296 0.230435
vt 0.107407 0.848107
vt 0.196296 0.848107
vt 0.107407 0.843370
vt 0.196296 0.843370
vt 0.107407 0.829731
vt 0.196296 0.829731
vt 0.107407 0.808836
vt 0.196296 0.808836
vt 0.107407 0.783204
vt 0.196296 0.783204
vt 0.107407 0.755927
vt 0.196296 0.755927
vt 0.107407 0.730295
vt 0.196296 0.730295
vt 0.107407 0.709399
vt 0.196296 0.709399
vt 0.107407 0.695760
vt 0.196296 0.695760
vt 0.107407 0.691024
vt 0.196296 0.691024
vt 0.107407 0.695760
vt 0.196296 0.695760
vt 0.107407 0.709399
vt 0.196296 0.709399
vt 0.107407 0.730295
vt 0.196296 0.730295
vt 0.107407 0.755927
vt 0.196296 0.755927
vt 0.107407 0.783204
vt 0.196296 0.783204
vt 0.107407 0.808836
vt 0.196296 0.808836
vt 0.107407 0.829731
vt 0.196296 0.829731
vt 0.107407 0.843370
vt 0.196296 0.843370
vt 0.107407 0.769565
vt 0.196296 0.769565
vt 0.803704 0.308976
vt 0.892593 0.308976
vt 0.803704 0.304240
vt 0.892593 0.304240
vt 0.803704 0.290601
vt 0.892593 0.290601
vt 0.803704 0.269705
vt 0.892593 0.269705
vt 0.803704 0.244073
vt 0.892593 0.244073
vt 0.803704 0.216796
vt 0.892593 0.216796
vt 0.803704 0.191164
vt 0.892593 0.191164
vt 0.803704 0.170269
vt 0.892593 0.170269
vt 0.803704 0.156630
vt 0.892593 0.156630
vt 0.803704 0.151893
vt 0.892593 0.151893
vt 0.803704 0.156630
vt 0.892593 0.156630
vt 0.803704 0.170269
vt 0.892593 0.170269
vt 0.803704 0.191164
vt 0.892593 0.191164
vt 0.803704 0.216796
vt 0.892593 0.216796
vt 0.803704 0.244073
vt 0.892593 0.244073
vt 0.803704 0.269705
vt 0.892593 0.269705
vt 0.803704 0.290601
vt 0.892593 0.290601
vt 0.803704 0.304240
vt 0.892593 0.304240
vt 0.803704 0.230435
vt 0.892593 0.230435
vt 0.803704 0.848107
vt 0.892593 0.848107
vt 0.803704 0.843370
vt 0.892593 0.843370
vt 0.803704 0.829731
vt 0.892593 0.829731
vt 0.803704 0.808836
vt 0.892593 0.808836
vt 0.803704 0.783204
vt 0.892593 0.783204
vt 0.803704 0.755927
vt 0.892593 0.755927
vt 0.803704 0.730295
vt 0.892593 0.730295
vt 0.803704 0.709399
vt 0.892593 0.709399
vt 0.803704 0.695760
vt 0.892593 0.695760
vt 0.803704 0.691024
vt 0.892593 0.691024
vt 0.803704 0.695760
vt 0.892593 0.695760
vt 0.803704 0.709399
vt 0.892593 0.709399
vt 0.803704 0.730295
vt 0.892593 0.730295
vt 0.803704 0.755927
vt 0.892593 0.755927
vt 0.803704 0.783204
vt 0.892593 0.783204
vt 0.803704 0.808836
vt 0.892593 0.808836
vt 0.803704 0.829731
vt 0.892593 0.829731
vt 0.803704 0.843370
vt 0.892593 0.843370
vt 0.803704 0.769565
vt 0.892593 0.769565
vt 0.159259 0.899252
vt 0.840741 0.899252
vt 0.840741 0.899252
vt 0.159259 0.899252
vt 0.159259 0.951613
vt 0.840741 0.951613
vt 0.840741 0.951613
vt 0.159259 0.951613
vt 0.174074 0.052127
vt 0.825926 0.052127
vt 0.825926 0.052127
vt 0.174074 0.052127
vt 0.174074 0.108228
vt 0.825926 0.108228
vt 0.825926 0.108228
vt 0.174074 0.108228
vt 0.188209 0.083918
vt 0.811791 0.083918
vt 0.811791 0.083918
vt 0.188209 0.083918
vt 0.188209 0.128799
vt 0.811791 0.128799
vt 0.811791 0.128799
vt 0.188209 0.128799
vt 0.466667 0.351519
vt 0.533333 0.351519
vt 0.533333 0.351519
vt 0.466667 0.351519
vt 0.466667 0.629780
vt 0.533333 0.629780
vt 0.533333 0.629780
vt 0.466667 0.629780
vt 0.121769 0.352828
vt 0.167120 0.352828
vt 0.167120 0.352828
vt 0.121769 0.352828
vt 0.121769 0.665872
vt 0.167120 0.665872
vt 0.167120 0.665872
vt 0.121769 0.665872
vt 0.832880 0.352828
vt 0.878231 0.352828
vt 0.878231 0.352828
vt 0.832880 0.352828
vt 0.832880 0.665872
vt 0.878231 0.665872
vt 0.878231 0.665872
vt 0.832880 0.665872
vt 0.292593 0.841281
vt 0.707407 0.841281
vt 0.707407 0.841281
vt 0.292593 0.841281
vt 0.292593 0.871201
vt 0.707407 0.871201
vt 0.707407 0.871201
vt 0.292593 0.871201
vt 0.596485 0.065217
vt 0.583559 0.065217
vt 0.548243 0.065217
vt 0.500000 0.065217
vt 0.451757 0.065217
vt 0.416441 0.065217
vt 0.403515 0.065217
vt 0.416441 0.065217
vt 0.451757 0.065217
vt 0.500000 0.065217
vt 0.548243 0.065217
vt 0.583559 0.065217
vt 0.596485 0.098662
vt 0.583559 0.098662
vt 0.548243 0.098662
vt 0.500000 0.098662
vt 0.451757 0.098662
vt 0.416441 0.098662
vt 0.403515 0.098662
vt 0.416441 0.098662
vt 0.451757 0.098662
vt 0.500000 0.098662
vt 0.548243 0.098662
vt 0.583559 0.098662
vt 0.689820 0.132107
vt 0.664389 0.132107
vt 0.594910 0.132107
vt 0.500000 0.132107
vt 0.405090 0.132107
vt 0.335611 0.132107
vt 0.310180 0.132107
vt 0.335611 0.132107
vt 0.405090 0.132107
vt 0.500000 0.132107
vt 0.594910 0.132107
vt 0.664389 0.132107
vt 0.784729 0.165552
vt 0.746583 0.165552
vt 0.642365 0.165552
vt 0.500000 0.165552
vt 0.357635 0.165552
vt 0.253417 0.165552
vt 0.215271 0.165552
vt 0.253417 0.165552
vt 0.357635 0.165552
vt 0.500000 0.165552
vt 0.642365 0.165552
vt 0.746583 0.165552
vt 0.879639 0.198997
vt 0.828777 0.198997
vt 0.689820 0.198997
vt 0.500000 0.198997
vt 0.310180 0.198997
vt 0.171223 0.198997
vt 0.120361 0.198997
vt 0.171223 0.198997
vt 0.310180 0.198997
vt 0.500000 0.198997
vt 0.689820 0.198997
vt 0.828777 0.198997
vt 0.919501 0.232441
vt 0.863299 0.232441
vt 0.709751 0.232441
vt 0.500000 0.232441
vt 0.290249 0.232441
vt 0.136701 0.232441
vt 0.080499 0.232441
vt 0.136701 0.232441
vt 0.290249 0.232441
vt 0.500000 0.232441
vt 0.709751 0.232441
vt 0.863299 0.232441
vt 0.919501 0.265886
vt 0.863299 0.265886
vt 0.709751 0.265886
vt 0.500000 0.265886
vt 0.290249 0.265886
vt 0.136701 0.265886
vt 0.080499 0.265886
vt 0.136701 0.265886
vt 0.290249 0.265886
vt 0.500000 0.265886
vt 0.709751 0.265886
vt 0.863299 0.265886
vt 0.919501 0.299331
vt 0.863299 0.299331
vt 0.709751 0.299331
vt 0.500000 0.299331
vt 0.290249 0.299331
vt 0.136701 0.299331
vt 0.080499 0.299331
vt 0.136701 0.299331
vt 0.290249 0.299331
vt 0.500000 0.299331
vt 0.709751 0.299331
vt 0.863299 0.299331
vt 0.919501 0.332776
vt 0.863299 0.332776
vt 0.709751 0.332776
vt 0.500000 0.332776
vt 0.290249 0.332776
vt 0.136701 0.332776
vt 0.080499 0.332776
vt 0.136701 0.332776
vt 0.290249 0.332776
vt 0.500000 0.332776
vt 0.709751 0.332776
vt 0.863299 0.332776
vt 0.919501 0.366221
vt 0.863299 0.366221
vt 0.709751 0.366221
vt 0.500000 0.366221
vt 0.290249 0.366221
vt 0.136701 0.366221
vt 0.080499 0.366221
vt 0.136701 0.366221
vt 0.290249 0.366221
vt 0.500000 0.366221
vt 0.709751 0.366221
vt 0.863299 0.366221
vt 0.919501 0.399666
vt 0.863299 0.399666
vt 0.709751 0.399666
vt 0.500000 0.399666
vt 0.290249 0.399666
vt 0.136701 0.399666
vt 0.080499 0.399666
vt 0.136701 0.399666
vt 0.290249 0.399666
vt 0.500000 0.399666
vt 0.709751 0.399666
vt 0.863299 0.399666
vt 0.919501 0.433110
vt 0.863299 0.433110
vt 0.709751 0.433110
vt 0.500000 0.433110
vt 0.290249 0.433110
vt 0.136701 0.433110
vt 0.080499 0.433110
vt 0.136701 0.433110
vt 0.290249 0.433110
vt 0.500000 0.433110
vt 0.709751 0.433110
vt 0.863299 0.433110
vt 0.919501 0.466555
vt 0.863299 0.466555
vt 0.709751 0.466555
vt 0.500000 0.466555
vt 0.290249 0.466555
vt 0.136701 0.466555
vt 0.080499 0.466555
vt 0.136701 0.466555
vt 0.290249 0.466555
vt 0.500000 0.466555
vt 0.709751 0.466555
vt 0.863299 0.466555
vt 0.919501 0.500000
vt 0.863299 0.500000
vt 0.709751 0.500000
vt 0.500000 0.500000
vt 0.290249 0.500000
vt 0.136701 0.500000
vt 0.080499 0.500000
vt 0.136701 0.500000
vt 0.290249 0.500000
vt 0.500000 0.500000
vt 0.709751 0.500000
vt 0.863299 0.500000
vt 0.919501 0.533445
vt 0.863299 0.533445
vt 0.709751 0.533445
vt 0.500000 0.533445
vt 0.290249 0.533445
vt 0.136701 0.533445
vt 0.080499 0.533445
vt 0.136701 0.533445
vt 0.290249 0.533445
vt 0.500000 0.533445
vt 0.709751 0.533445
vt 0.863299 0.533445
vt 0.919501 0.566890
vt 0.863299 0.566890
vt 0.709751 0.566890
vt 0.500000 0.566890
vt 0.290249 0.566890
vt 0.136701 0.566890
vt 0.080499 0.566890
vt 0.136701 0.566890
vt 0.290249 0.566890
vt 0.500000 0.566890
vt 0.709751 0.566890
vt 0.863299 0.566890
vt 0.919501 0.600334
vt 0.863299 0.600334
vt 0.709751 0.600334
vt 0.500000 0.600334
vt 0.290249 0.600334
vt 0.136701 0.600334
vt 0.080499 0.600334
vt 0.136701 0.600334
vt 0.290249 0.600334
vt 0.500000 0.600334
vt 0.709751 0.600334
vt 0.863299 0.600334
vt 0.919501 0.633779
vt 0.863299 0.633779
vt 0.709751 0.633779
vt 0.500000 0.633779
vt 0.290249 0.633779
vt 0.136701 0.633779
vt 0.080499 0.633779
vt 0.136701 0.633779
vt 0.290249 0.633779
vt 0.500000 0.633779
vt 0.709751 0.633779
vt 0.863299 0.633779
vt 0.919501 0.667224
vt 0.863299 0.667224
vt 0.709751 0.667224
vt 0.500000 0.667224
vt 0.290249 0.667224
vt 0.136701 0.667224
vt 0.080499 0.667224
vt 0.136701 0.667224
vt 0.290249 0.667224
vt 0.500000 0.667224
vt 0.709751 0.667224
vt 0.863299 0.667224
vt 0.919501 0.700669
vt 0.863299 0.700669
vt 0.709751 0.700669
vt 0.500000 0.700669
vt 0.290249 0.700669
vt 0.136701 0.700669
vt 0.080499 0.700669
vt 0.136701 0.700669
vt 0.290249 0.700669
vt 0.500000 0.700669
vt 0.709751 0.700669
vt 0.863299 0.700669
vt 0.919501 0.734114
vt 0.863299 0.734114
vt 0.709751 0.734114
vt 0.500000 0.734114
vt 0.290249 0.734114
vt 0.136701 0.734114
vt 0.080499 0.734114
vt 0.136701 0.734114
vt 0.290249 0.734114
vt 0.500000 0.734114
vt 0.709751 0.734114
vt 0.863299 0.734114
vt 0.919501 0.767559
vt 0.863299 0.767559
vt 0.709751 0.767559
vt 0.500000 0.767559
vt 0.290249 0.767559
vt 0.136701 0.767559
vt 0.080499 0.767559
vt 0.136701 0.767559
vt 0.290249 0.767559
vt 0.500000 0.767559
vt 0.709751 0.767559
vt 0.863299 0.767559
vt 0.879639 0.801003
vt 0.828777 0.801003
vt 0.689820 0.801003
vt 0.500000 0.801003
vt 0.310180 0.801003
vt 0.171223 0.801003
vt 0.120361 0.801003
vt 0.171223 0.801003
vt 0.310180 0.801003
vt 0.500000 0.801003
vt 0.689820 0.801003
vt 0.828777 0.801003
vt 0.784729 0.834448
vt 0.746583 0.834448
vt 0.642365 0.834448
vt 0.500000 0.834448
vt 0.357635 0.834448
vt 0.253417 0.834448
vt 0.215271 0.834448
vt 0.253417 0.834448
vt 0.357635 0.834448
vt 0.500000 0.834448
vt 0.642365 0.834448
vt 0.746583 0.834448
vt 0.689820 0.867893
vt 0.664389 0.867893
vt 0.594910 0.867893
vt 0.500000 0.867893
vt 0.405090 0.867893
vt 0.335611 0.867893
vt 0.310180 0.867893
vt 0.335611 0.867893
vt 0.405090 0.867893
vt 0.500000 0.867893
vt 0.594910 0.867893
vt 0.664389 0.867893
vt 0.596485 0.901338
vt 0.583559 0.901338
vt 0.548243 0.901338
vt 0.500000 0.901338
vt 0.451757 0.901338
vt 0.416441 0.901338
vt 0.403515 0.901338
vt 0.416441 0.901338
vt 0.451757 0.901338
vt 0.500000 0.901338
vt 0.548243 0.901338
vt 0.583559 0.901338
vt 0.596485 0.934783
vt 0.583559 0.934783
vt 0.548243 0.934783
vt 0.500000 0.934783
vt 0.451757 0.934783
vt 0.416441 0.934783
vt 0.403515 0.934783
vt 0.416441 0.934783
vt 0.451757 0.934783
vt 0.500000 0.934783
vt 0.548243 0.934783
vt 0.583559 0.934783
vt 0.557074 0.365217
vt 0.528537 0.365217
vt 0.471463 0.365217
vt 0.442926 0.365217
vt 0.471463 0.365217
vt 0.528537 0.365217
vt 0.610780 0.403804
vt 0.555390 0.403804
vt 0.444610 0.403804
vt 0.389220 0.403804
vt 0.444610 0.403804
vt 0.555390 0.403804
vt 0.721561 0.442391
vt 0.610780 0.442391
vt 0.389220 0.442391
vt 0.278439 0.442391
vt 0.389220 0.442391
vt 0.610780 0.442391
vt 0.748148 0.480978
vt 0.624074 0.480978
vt 0.375926 0.480978
vt 0.251852 0.480978
vt 0.375926 0.480978
vt 0.624074 0.480978
vt 0.748148 0.519565
vt 0.624074 0.519565
vt 0.375926 0.519565
vt 0.251852 0.519565
vt 0.375926 0.519565
vt 0.624074 0.519565
vt 0.748148 0.558152
vt 0.624074 0.558152
vt 0.375926 0.558152
vt 0.251852 0.558152
vt 0.375926 0.558152
vt 0.624074 0.558152
vt 0.721561 0.596739
vt 0.610780 0.596739
vt 0.389220 0.596739
vt 0.278439 0.596739
vt 0.389220 0.596739
vt 0.610780 0.596739
vt 0.610780 0.635326
vt 0.555390 0.635326
vt 0.444610 0.635326
vt 0.389220 0.635326
vt 0.444610 0.635326
vt 0.555390 0.635326
vt 0.557074 0.673913
vt 0.528537 0.673913
vt 0.471463 0.673913
vt 0.442926 0.673913
vt 0.471463 0.673913
vt 0.528537 0.673913
vt 0.107407 0.308976
vt 0.196296 0.308976
vt 0.107407 0.298454
vt 0.196296 0.298454
vt 0.107407 0.269705
vt 0.196296 0.269705
vt 0.107407 0.230435
vt 0.196296 0.230435
vt 0.107407 0.191164
vt 0.196296 0.191164
vt 0.107407 0.162416
vt 0.196296 0.162416
vt 0.107407 0.151893
vt 0.196296 0.151893
vt 0.107407 0.162416
vt 0.196296 0.162416
vt 0.107407 0.191164
vt 0.196296 0.191164
vt 0.107407 0.230435
vt 0.196296 0.230435
vt 0.107407 0.269705
vt 0.196296 0.269705
vt 0.107407 0.298454
vt 0.196296 0.298454
vt 0.107407 0.230435
vt 0.196296 0.230435
vt 0.107407 0.848107
vt 0.196296 0.848107
vt 0.107407 0.837584
vt 0.196296 0.837584
vt 0.107407 0.808836
vt 0.196296 0.808836
vt 0.107407 0.769565
vt 0.196296 0.769565
vt 0.107407 0.730295
vt 0.196296 0.730295
vt 0.107407 0.701546
vt 0.196296 0.701546
vt 0.107407 0.691024
vt 0.196296 0.691024
vt 0.107407 0.701546
vt 0.196296 0.701546
vt 0.107407 0.730295
vt 0.196296 0.730295
vt 0.107407 0.769565
vt 0.196296 0.769565
vt 0.107407 0.808836
vt 0.196296 0.808836
vt 0.107407 0.837584
vt 0.196296 0.837584
vt 0.107407 0.769565
vt 0.196296 0.769565
vt 0.803704 0.308976
vt 0.892593 0.308976
vt 0.803704 0.298454
vt 0.892593 0.298454
vt 0.803704 0.269705
vt 0.892593 0.269705
vt 0.803704 0.230435
vt 0.892593 0.230435
vt 0.803704 0.191164
vt 0.892593 0.191164
vt 0.803704 0.162416
vt 0.892593 0.162416
vt 0.803704 0.151893
vt 0.892593 0.151893
vt 0.803704 0.162416
vt 0.892593 0.162416
vt 0.803704 0.191164
vt 0.892593 0.191164
vt 0.803704 0.230435
vt 0.892593 0.230435
vt 0.803704 0.269705
vt 0.892593 0.269705
vt 0.803704 0.298454
vt 0.892593 0.298454
vt 0.803704 0.230435
vt 0.892593 0.230435
vt 0.803704 0.848107
vt 0.892593 0.848107
vt 0.803704 0.837584
vt 0.892593 0.837584
vt 0.803704 0.808836
vt 0.892593 0.808836
vt 0.803704 0.769565
vt 0.892593 0.769565
vt 0.803704 0.730295
vt 0.892593 0.730295
vt 0.803704 0.701546
vt 0.892593 0.701546
vt 0.803704 0.691024
vt 0.892593 0.691024
vt 0.803704 0.701546
vt 0.892593 0.701546
vt 0.803704 0.730295
vt 0.892593 0.730295
vt 0.803704 0.769565
vt 0.892593 0.769565
vt 0.803704 0.808836
vt 0.892593 0.808836
vt 0.803704 0.837584
vt 0.892593 0.837584
vt 0.803704 0.769565
vt 0.892593 0.769565
vt 0.159259 0.899252
vt 0.840741 0.899252
vt 0.840741 0.899252
vt 0.159259 0.899252
vt 0.159259 0.951613
vt 0.840741 0.951613
vt 0.840741 0.951613
vt 0.159259 0.951613
vt 0.174074 0.052127
vt 0.825926 0.052127
vt 0.825926 0.052127
vt 0.174074 0.052127
vt 0.174074 0.108228
vt 0.825926 0.108228
vt 0.825926 0.108228
vt 0.174074 0.108228
vt 0.188209 0.083918
vt 0.811791 0.083918
vt 0.811791 0.083918
vt 0.188209 0.083918
vt 0.188209 0.128799
vt 0.811791 0.128799
vt 0.811791 0.128799
vt 0.188209 0.128799
vt 0.466667 0.351519
vt 0.533333 0.351519
vt 0.533333 0.351519
vt 0.466667 0.351519
vt 0.466667 0.629780
vt 0.533333 0.629780
vt 0.533333 0.629780
vt 0.466667 0.629780
vt 0.121769 0.352828
vt 0.167120 0.352828
vt 0.167120 0.352828
vt 0.121769 0.352828
vt 0.121769 0.665872
vt 0.167120 0.665872
vt 0.167120 0.665872
vt 0.121769 0.665872
vt 0.832880 0.352828
vt 0.878231 0.352828
vt 0.878231 0.352828
vt 0.832880 0.352828
vt 0.832880 0.665872
vt 0.878231 0.665872
vt 0.878231 0.665872
vt 0.832880 0.665872
vt 0.292593 0.841281
vt 0.707407 0.841281
vt 0.707407 0.841281
vt 0.292593 0.841281
vt 0.292593 0.871201
vt 0.707407 0.871201
vt 0.707407 0.871201
vt 0.292593 0.871201
vt 0.596485 0.065217
vt 0.568225 0.065217
vt 0.500000 0.065217
vt 0.431775 0.065217
vt 0.403515 0.065217
vt 0.431775 0.065217
vt 0.500000 0.065217
vt 0.568225 0.065217
vt 0.705638 0.137681
vt 0.645408 0.137681
vt 0.500000 0.137681
vt 0.354592 0.137681
vt 0.294362 0.137681
vt 0.354592 0.137681
vt 0.500000 0.137681
vt 0.645408 0.137681
vt 0.911276 0.210145
vt 0.790816 0.210145
vt 0.500000 0.210145
vt 0.209184 0.210145
vt 0.088724 0.210145
vt 0.209184 0.210145
vt 0.500000 0.210145
vt 0.790816 0.210145
vt 0.919501 0.282609
vt 0.796632 0.282609
vt 0.500000 0.282609
vt 0.203368 0.282609
vt 0.080499 0.282609
vt 0.203368 0.282609
vt 0.500000 0.282609
vt 0.796632 0.282609
vt 0.919501 0.355072
vt 0.796632 0.355072
vt 0.500000 0.355072
vt 0.203368 0.355072
vt 0.080499 0.355072
vt 0.203368 0.355072
vt 0.500000 0.355072
vt 0.796632 0.355072
vt 0.919501 0.427536
vt 0.796632 0.427536
vt 0.500000 0.427536
vt 0.203368 0.427536
vt 0.080499 0.427536
vt 0.203368 0.427536
vt 0.500000 0.427536
vt 0.796632 0.427536
vt 0.919501 0.500000
vt 0.796632 0.500000
vt 0.500000 0.500000
vt 0.203368 0.500000
vt 0.080499 0.500000
vt 0.203368 0.500000
vt 0.500000 0.500000
vt 0.796632 0.500000
vt 0.919501 0.572464
vt 0.796632 0.572464
vt 0.500000 0.572464
vt 0.203368 0.572464
vt 0.080499 0.572464
vt 0.203368 0.572464
vt 0.500000 0.572464
vt 0.796632 0.572464
vt 0.919501 0.644928
vt 0.796632 0.644928
vt 0.500000 0.644928
vt 0.203368 0.644928
vt 0.080499 0.644928
vt 0.203368 0.644928
vt 0.500000 0.644928
vt 0.796632 0.644928
vt 0.919501 0.717391
vt 0.796632 0.717391
vt 0.500000 0.717391
vt 0.203368 0.717391
vt 0.080499 0.717391
vt 0.203368 0.717391
vt 0.500000 0.717391
vt 0.796632 0.717391
vt 0.911276 0.789855
vt 0.790816 0.789855
vt 0.500000 0.789855
vt 0.209184 0.789855
vt 0.088724 0.789855
vt 0.209184 0.789855
vt 0.500000 0.789855
vt 0.790816 0.789855
vt 0.705638 0.862319
vt 0.645408 0.862319
vt 0.500000 0.862319
vt 0.354592 0.862319
vt 0.294362 0.862319
vt 0.354592 0.862319
vt 0.500000 0.862319
vt 0.645408 0.862319
vt 0.596485 0.934783
vt 0.568225 0.934783
vt 0.500000 0.934783
vt 0.431775 0.934783
vt 0.403515 0.934783
vt 0.431775 0.934783
vt 0.500000 0.934783
vt 0.568225 0.934783
vt 0.557074 0.365217
vt 0.528537 0.365217
vt 0.471463 0.365217
vt 0.442926 0.365217
vt 0.471463 0.365217
vt 0.528537 0.365217
vt 0.647707 0.416667
vt 0.573854 0.416667
vt 0.426146 0.416667
vt 0.352293 0.416667
vt 0.426146 0.416667
vt 0.573854 0.416667
vt 0.748148 0.468116
vt 0.624074 0.468116
vt 0.375926 0.468116
vt 0.251852 0.468116
vt 0.375926 0.468116
vt 0.624074 0.468116
vt 0.748148 0.519565
vt 0.624074 0.519565
vt 0.375926 0.519565
vt 0.251852 0.519565
vt 0.375926 0.519565
vt 0.624074 0.519565
vt 0.748148 0.571014
vt 0.624074 0.571014
vt 0.375926 0.571014
vt 0.251852 0.571014
vt 0.375926 0.571014
vt 0.624074 0.571014
vt 0.647707 0.622464
vt 0.573854 0.622464
vt 0.426146 0.622464
vt 0.352293 0.622464
vt 0.426146 0.622464
vt 0.573854 0.622464
vt 0.557074 0.673913
vt 0.528537 0.673913
vt 0.471463 0.673913
vt 0.442926 0.673913
vt 0.471463 0.673913
vt 0.528537 0.673913
vt 0.107407 0.308976
vt 0.196296 0.308976
vt 0.107407 0.285972
vt 0.196296 0.285972
vt 0.107407 0.230435
vt 0.196296 0.230435
vt 0.107407 0.174898
vt 0.196296 0.174898
vt 0.107407 0.151893
vt 0.196296 0.151893
vt 0.107407 0.174898
vt 0.196296 0.174898
vt 0.107407 0.230435
vt 0.196296 0.230435
vt 0.107407 0.285972
vt 0.196296 0.285972
vt 0.107407 0.230435
vt 0.196296 0.230435
vt 0.107407 0.848107
vt 0.196296 0.848107
vt 0.107407 0.825102
vt 0.196296 0.825102
vt 0.107407 0.769565
vt 0.196296 0.769565
vt 0.107407 0.714028
vt 0.196296 0.714028
vt 0.107407 0.691024
vt 0.196296 0.691024
vt 0.107407 0.714028
vt 0.196296 0.714028
vt 0.107407 0.769565
vt 0.196296 0.769565
vt 0.107407 0.825102
vt 0.196296 0.825102
vt 0.107407 0.769565
vt 0.196296 0.769565
vt 0.803704 0.308976
vt 0.892593 0.308976
vt 0.803704 0.285972
vt 0.892593 0.285972
vt 0.803704 0.230435
vt 0.892593 0.230435
vt 0.803704 0.174898
vt 0.892593 0.174898
vt 0.803704 0.151893
vt 0.892593 0.151893
vt 0.803704 0.174898
vt 0.892593 0.174898
vt 0.803704 0.230435
vt 0.892593 0.230435
vt 0.803704 0.285972
vt 0.892593 0.285972
vt 0.803704 0.230435
vt 0.892593 0.230435
vt 0.803704 0.848107
vt 0.892593 0.848107
vt 0.803704 0.825102
vt 0.892593 0.825102
vt 0.803704 0.769565
vt 0.892593 0.769565
vt 0.803704 0.714028
vt 0.892593 0.714028
vt 0.803704 0.691024
vt 0.892593 0.691024
vt 0.803704 0.714028
vt 0.892593 0.714028
vt 0.803704 0.769565
vt 0.892593 0.769565
vt 0.803704 0.825102
vt 0.892593 0.825102
vt 0.803704 0.769565
vt 0.892593 0.769565
vt 0.159259 0.899252
vt 0.840741 0.899252
vt 0.840741 0.899252
vt 0.159259 0.899252
vt 0.159259 0.951613
vt 0.840741 0.951613
vt 0.840741 0.951613
vt 0.159259 0.951613
vt 0.174074 0.052127
vt 0.825926 0.052127
vt 0.825926 0.052127
vt 0.174074 0.052127
vt 0.174074 0.108228
vt 0.825926 0.108228
vt 0.825926 0.108228
vt 0.174074 0.108228
vt 0.188209 0.083918
vt 0.811791 0.083918
vt 0.811791 0.083918
vt 0.188209 0.083918
vt 0.188209 0.128799
vt 0.811791 0.128799
vt 0.811791 0.128799
vt 0.188209 0.128799
vt 0.466667 0.351519
vt 0.533333 0.351519
vt 0.533333 0.351519
vt 0.466667 0.351519
vt 0.466667 0.629780
vt 0.533333 0.629780
vt 0.533333 0.629780
vt 0.466667 0.629780
vt 0.121769 0.352828
vt 0.167120 0.352828
vt 0.167120 0.352828
vt 0.121769 0.352828
vt 0.121769 0.665872
vt 0.167120 0.665872
vt 0.167120 0.665872
vt 0.121769 0.665872
vt 0.832880 0.352828
vt 0.878231 0.352828
vt 0.878231 0.352828
vt 0.832880 0.352828
vt 0.832880 0.665872
vt 0.878231 0.665872
vt 0.878231 0.665872
vt 0.832880 0.665872
vt 0.292593 0.841281
vt 0.707407 0.841281
vt 0.707407 0.841281
vt 0.292593 0.841281
vt 0.292593 0.871201
vt 0.707407 0.871201
vt 0.707407 0.871201
vt 0.292593 0.871201
vn 0.999160 0.040991 0.000000
vn 0.958334 0.285652 0.000000
vn 0.837802 0.545974 0.000000
vn 0.587970 0.808883 0.000000
vn 0.166270 0.986080 0.000000
vn -0.325542 0.945528 0.000000
vn -0.690385 0.723442 0.000000
vn -0.889710 0.456526 0.000000
vn -0.979401 0.201927 0.000000
vn -0.999140 -0.041471 0.000000
vn -0.938340 -0.345715 0.000000
vn -0.741410 -0.671052 0.000000
vn -0.463695 -0.885995 0.000000
vn -0.120519 -0.992711 0.000000
vn 0.240611 -0.970622 0.000000
vn 0.566305 -0.824196 0.000000
vn 0.814358 -0.580363 0.000000
vn 0.974235 -0.225537 0.000000
vn 1.000000 0.000000 0.000000
vn 0.969882 0.243576 0.000000
vn 0.865415 0.501057 0.000000
vn 0.641725 0.766935 0.000000
vn 0.247590 0.968865 0.000000
vn -0.247590 0.968865 0.000000
vn -0.641725 0.766935 0.000000
vn -0.865415 0.501057 0.000000
vn -0.969882 0.243576 0.000000
vn -1.000000 0.000000 0.000000
vn -0.959078 -0.283141 0.000000
vn -0.779294 -0.626659 0.000000
vn -0.516040 -0.856565 0.000000
vn -0.180956 -0.983491 0.000000
vn 0.180956 -0.983491 0.000000
vn 0.516040 -0.856565 0.000000
vn 0.779294 -0.626659 0.000000
vn 0.959078 -0.283141 0.000000
vn 0.892061 0.005943 -0.451876
vn 0.886842 0.240512 -0.394544
vn 0.818442 0.504718 -0.274615
vn 0.615509 0.779217 -0.118193
vn 0.235291 0.971824 -0.014002
vn -0.235671 0.970309 -0.054409
vn -0.610033 0.764298 -0.209066
vn -0.799497 0.482566 -0.357678
vn -0.870047 0.224565 -0.438850
vn -0.894083 -0.005956 -0.447861
vn -0.882806 -0.281442 -0.376089
vn -0.735975 -0.630364 -0.246945
vn -0.492159 -0.865360 -0.094506
vn -0.171723 -0.985092 -0.010219
vn 0.172125 -0.984273 -0.039738
vn 0.491151 -0.854657 -0.168323
vn 0.724919 -0.607711 -0.324314
vn 0.853755 -0.259040 -0.451664
vn 0.642443 0.010125 -0.766267
vn 0.650819 0.229515 -0.723711
vn 0.639046 0.506633 -0.578742
vn 0.500604 0.810973 -0.302850
vn 0.186141 0.980803 -0.058103
vn -0.187059 0.979843 -0.070113
vn -0.502476 0.798441 -0.331676
vn -0.635474 0.484116 -0.601502
vn -0.646995 0.208124 -0.733541
vn -0.643095 -0.010135 -0.765719
vn -0.644709 -0.267269 -0.716182
vn -0.574238 -0.632297 -0.520049
vn -0.394410 -0.887417 -0.238606
vn -0.135266 -0.989909 -0.042223
vn 0.135996 -0.989397 -0.050974
vn 0.398208 -0.878829 -0.262850
vn 0.575867 -0.609314 -0.545081
vn 0.637300 -0.240990 -0.731964
vn 0.587873 0.010697 -0.808882
vn 0.587905 0.270935 -0.762208
vn 0.557015 0.578794 -0.595594
vn 0.406470 0.864096 -0.296851
vn 0.142792 0.988131 -0.056629
vn -0.143517 0.988010 -0.056916
vn -0.411630 0.860343 -0.300619
vn -0.563436 0.565315 -0.602461
vn -0.591151 0.251288 -0.766417
vn -0.587873 -0.010697 -0.808882
vn -0.577849 -0.313045 -0.753719
vn -0.486439 -0.702026 -0.520131
vn -0.312331 -0.922182 -0.228100
vn -0.103400 -0.993794 -0.041007
vn 0.103930 -0.993730 -0.041217
vn 0.316859 -0.919810 -0.231407
vn 0.494758 -0.689454 -0.529025
vn 0.582121 -0.290884 -0.759291
vn 0.587873 0.010697 -0.808882
vn 0.576622 0.329592 -0.747580
vn 0.511725 0.662379 -0.547168
vn 0.341574 0.906145 -0.249457
vn 0.114781 0.992347 -0.045520
vn -0.115250 0.992284 -0.045706
vn -0.345393 0.903922 -0.252246
vn -0.517955 0.651917 -0.553829
vn -0.580457 0.311023 -0.752552
vn -0.587873 -0.010697 -0.808882
vn -0.563185 -0.378416 -0.734591
vn -0.431317 -0.775415 -0.461191
vn -0.257266 -0.947899 -0.187885
vn -0.082947 -0.996011 -0.032896
vn 0.083289 -0.995978 -0.033031
vn 0.260418 -0.946579 -0.190187
vn 0.438563 -0.766655 -0.468938
vn 0.568138 -0.357857 -0.741052
vn 0.587873 0.010697 -0.808882
vn 0.563755 0.384668 -0.730898
vn 0.469069 0.726921 -0.501558
vn 0.293045 0.931838 -0.214015
vn 0.095907 0.994663 -0.038035
vn -0.096235 0.994627 -0.038165
vn -0.295933 0.930437 -0.216125
vn -0.474828 0.718862 -0.507716
vn -0.568062 0.367289 -0.736481
vn -0.587873 -0.010697 -0.808882
vn -0.546791 -0.438581 -0.713208
vn -0.384160 -0.826856 -0.410768
vn -0.218019 -0.962869 -0.159222
vn -0.069231 -0.997223 -0.027456
vn 0.069469 -0.997204 -0.027550
vn 0.220315 -0.962067 -0.160900
vn 0.390296 -0.820674 -0.417328
vn 0.552240 -0.419734 -0.720316
vn 0.587873 0.010697 -0.808882
vn 0.549664 0.435924 -0.712629
vn 0.430276 0.776654 -0.460078
vn 0.255873 0.948478 -0.186868
vn 0.082342 0.996069 -0.032656
vn -0.082585 0.996046 -0.032752
vn -0.258112 0.947547 -0.188503
vn -0.435460 0.770436 -0.465621
vn -0.554327 0.419796 -0.718675
vn -0.587873 -0.010697 -0.808882
vn -0.529220 -0.493382 -0.690290
vn -0.344456 -0.863537 -0.368313
vn -0.188850 -0.972272 -0.137920
vn -0.059399 -0.997956 -0.023557
vn 0.059574 -0.997944 -0.023626
vn 0.190588 -0.971752 -0.139189
vn 0.349608 -0.859087 -0.373823
vn 0.534992 -0.476270 -0.697818
vn 0.587873 0.010697 -0.808882
vn 0.534695 0.483265 -0.693222
vn 0.395649 0.815162 -0.423052
vn 0.226696 0.959791 -0.165559
vn 0.072129 0.996985 -0.028605
vn -0.072315 0.996969 -0.028679
vn -0.228473 0.959145 -0.166857
vn -0.400252 0.810331 -0.427974
vn -0.539605 0.468404 -0.699588
vn -0.587873 -0.010697 -0.808882
vn -0.510966 -0.542881 -0.666479
vn -0.311109 -0.890253 -0.332657
vn -0.166409 -0.978539 -0.121531
vn -0.052008 -0.998434 -0.020626
vn 0.052143 -0.998426 -0.020679
vn 0.167766 -0.978183 -0.122522
vn 0.315441 -0.886980 -0.337289
vn 0.516909 -0.527462 -0.674232
vn 0.615882 0.010422 -0.787770
vn 0.535358 0.541097 -0.648542
vn 0.369132 0.852108 -0.371017
vn 0.204049 0.968676 -0.141528
vn 0.064337 0.997620 -0.024783
vn -0.064478 0.997660 -0.022725
vn -0.205569 0.969054 -0.136659
vn -0.374136 0.851214 -0.368045
vn -0.542684 0.530451 -0.651242
vn -0.615560 -0.010417 -0.788021
vn -0.505907 -0.601084 -0.618672
vn -0.285255 -0.914563 -0.286711
vn -0.149147 -0.983389 -0.103448
vn -0.046376 -0.998764 -0.017864
vn 0.046476 -0.998785 -0.016380
vn 0.150230 -0.983594 -0.099871
vn 0.289244 -0.913990 -0.284535
vn 0.515166 -0.591941 -0.619847
vn 0.861872 0.006744 -0.507080
vn 0.629261 0.681948 -0.372797
vn 0.365924 0.910564 -0.192281
vn 0.190826 0.978614 -0.076813
vn 0.059502 0.998098 -0.016135
vn -0.059564 0.998216 -0.004163
vn -0.191766 0.980487 -0.043251
vn -0.370851 0.917120 -0.146152
vn -0.643568 0.687554 -0.336288
vn -0.859376 -0.006724 -0.511300
vn -0.576481 -0.734409 -0.358208
vn -0.275025 -0.950514 -0.144516
vn -0.138816 -0.988740 -0.055878
vn -0.042881 -0.999013 -0.011628
vn 0.042923 -0.999074 -0.003000
vn 0.139375 -0.989741 -0.031435
vn 0.277855 -0.954361 -0.109503
vn 0.594691 -0.746857 -0.297567
vn 1.000000 0.000000 0.000000
vn 0.675388 0.737463 0.000000
vn 0.369187 0.929355 0.000000
vn 0.188982 0.981981 0.000000
vn 0.058674 0.998277 0.000000
vn -0.058674 0.998277 0.000000
vn -0.188982 0.981981 0.000000
vn -0.369187 0.929355 0.000000
vn -0.675388 0.737463 0.000000
vn -1.000000 0.000000 0.000000
vn -0.614578 -0.788856 0.000000
vn -0.274994 -0.961446 0.000000
vn -0.137253 -0.990536 0.000000
vn -0.042281 -0.999106 0.000000
vn 0.042281 -0.999106 0.000000
vn 0.137253 -0.990536 0.000000
vn 0.274994 -0.961446 0.000000
vn 0.614578 -0.788856 0.000000
vn 1.000000 0.000000 0.000000
vn 0.675388 0.737463 0.000000
vn 0.369187 0.929355 0.000000
vn 0.188982 0.981981 0.000000
vn 0.058674 0.998277 0.000000
vn -0.058674 0.998277 0.000000
vn -0.188982 0.981981 0.000000
vn -0.369187 0.929355 0.000000
vn -0.675388 0.737463 0.000000
vn -1.000000 0.000000 0.000000
vn -0.614578 -0.788856 0.000000
vn -0.274994 -0.961446 0.000000
vn -0.137253 -0.990536 0.000000
vn -0.042281 -0.999106 0.000000
vn 0.042281 -0.999106 0.000000
vn 0.137253 -0.990536 0.000000
vn 0.274994 -0.961446 0.000000
vn 0.614578 -0.788856 0.000000
vn 1.000000 0.000000 0.000000
vn 0.675388 0.737463 0.000000
vn 0.369187 0.929355 0.000000
vn 0.188982 0.981981 0.000000
vn 0.058674 0.998277 0.000000
vn -0.058674 0.998277 0.000000
vn -0.188982 0.981981 0.000000
vn -0.369187 0.929355 0.000000
vn -0.675388 0.737463 0.000000
vn -1.000000 0.000000 0.000000
vn -0.614578 -0.788856 0.000000
vn -0.274994 -0.961446 0.000000
vn -0.137253 -0.990536 0.000000
vn -0.042281 -0.999106 0.000000
vn 0.042281 -0.999106 0.000000
vn 0.137253 -0.990536 0.000000
vn 0.274994 -0.961446 0.000000
vn 0.614578 -0.788856 0.000000
vn 1.000000 0.000000 0.000000
vn 0.675388 0.737463 0.000000
vn 0.369187 0.929355 0.000000
vn 0.188982 0.981981 0.000000
vn 0.058674 0.998277 0.000000
vn -0.058674 0.998277 0.000000
vn -0.188982 0.981981 0.000000
vn -0.369187 0.929355 0.000000
vn -0.675388 0.737463 0.000000
vn -1.000000 0.000000 0.000000
vn -0.614578 -0.788856 0.000000
vn -0.274994 -0.961446 0.000000
vn -0.137253 -0.990536 0.000000
vn -0.042281 -0.999106 0.000000
vn 0.042281 -0.999106 0.000000
vn 0.137253 -0.990536 0.000000
vn 0.274994 -0.961446 0.000000
vn 0.614578 -0.788856 0.000000
vn 1.000000 0.000000 0.000000
vn 0.675388 0.737463 0.000000
vn 0.369187 0.929355 0.000000
vn 0.188982 0.981981 0.000000
vn 0.058674 0.998277 0.000000
vn -0.058674 0.998277 0.000000
vn -0.188982 0.981981 0.000000
vn -0.369187 0.929355 0.000000
vn -0.675388 0.737463 0.000000
vn -1.000000 0.000000 0.000000
vn -0.614578 -0.788856 0.000000
vn -0.274994 -0.961446 0.000000
vn -0.137253 -0.990536 0.000000
vn -0.042281 -0.999106 0.000000
vn 0.042281 -0.999106 0.000000
vn 0.137253 -0.990536 0.000000
vn 0.274994 -0.961446 0.000000
vn 0.614578 -0.788856 0.000000
vn 1.000000 -0.000000 0.000000
vn 0.675388 0.737463 0.000000
vn 0.369187 0.929355 0.000000
vn 0.188982 0.981981 0.000000
vn 0.058674 0.998277 0.000000
vn -0.058674 0.998277 0.000000
vn -0.188982 0.981981 0.000000
vn -0.369187 0.929355 0.000000
vn -0.675388 0.737463 0.000000
vn -1.000000 0.000000 0.000000
vn -0.614578 -0.788856 0.000000
vn -0.274994 -0.961446 0.000000
vn -0.137253 -0.990536 0.000000
vn -0.042281 -0.999106 0.000000
vn 0.042281 -0.999106 0.000000
vn 0.137253 -0.990536 0.000000
vn 0.274994 -0.961446 0.000000
vn 0.614578 -0.788856 0.000000
vn 1.000000 0.000000 0.000000
vn 0.675388 0.737463 0.000000
vn 0.369187 0.929355 0.000000
vn 0.188982 0.981981 0.000000
vn 0.058674 0.998277 0.000000
vn -0.058674 0.998277 0.000000
vn -0.188982 0.981981 0.000000
vn -0.369187 0.929355 0.000000
vn -0.675388 0.737463 0.000000
vn -1.000000 0.000000 0.000000
vn -0.614578 -0.788856 0.000000
vn -0.274994 -0.961446 0.000000
vn -0.137253 -0.990536 0.000000
vn -0.042281 -0.999106 0.000000
vn 0.042281 -0.999106 0.000000
vn 0.137253 -0.990536 0.000000
vn 0.274994 -0.961446 0.000000
vn 0.614578 -0.788856 0.000000
vn 1.000000 -0.000000 0.000000
vn 0.675388 0.737463 0.000000
vn 0.369187 0.929355 0.000000
vn 0.188982 0.981981 0.000000
vn 0.058674 0.998277 0.000000
vn -0.058674 0.998277 0.000000
vn -0.188982 0.981981 0.000000
vn -0.369187 0.929355 0.000000
vn -0.675388 0.737463 0.000000
vn -1.000000 0.000000 0.000000
vn -0.614578 -0.788856 0.000000
vn -0.274994 -0.961446 0.000000
vn -0.137253 -0.990536 0.000000
vn -0.042281 -0.999106 0.000000
vn 0.042281 -0.999106 0.000000
vn 0.137253 -0.990536 0.000000
vn 0.274994 -0.961446 0.000000
vn 0.614578 -0.788856 0.000000
vn 1.000000 0.000000 0.000000
vn 0.675388 0.737463 0.000000
vn 0.369187 0.929355 0.000000
vn 0.188982 0.981981 0.000000
vn 0.058674 0.998277 0.000000
vn -0.058674 0.998277 0.000000
vn -0.188982 0.981981 0.000000
vn -0.369187 0.929355 0.000000
vn -0.675388 0.737463 0.000000
vn -1.000000 0.000000 0.000000
vn -0.614578 -0.788856 0.000000
vn -0.274994 -0.961446 0.000000
vn -0.137253 -0.990536 0.000000
vn -0.042281 -0.999106 0.000000
vn 0.042281 -0.999106 0.000000
vn 0.137253 -0.990536 0.000000
vn 0.274994 -0.961446 0.000000
vn 0.614578 -0.788856 0.000000
vn 1.000000 -0.000000 0.000000
vn 0.675388 0.737463 0.000000
vn 0.369187 0.929355 0.000000
vn 0.188982 0.981981 0.000000
vn 0.058674 0.998277 0.000000
vn -0.058674 0.998277 0.000000
vn -0.188982 0.981981 0.000000
vn -0.369187 0.929355 0.000000
vn -0.675388 0.737463 0.000000
vn -1.000000 0.000000 0.000000
vn -0.614578 -0.788856 0.000000
vn -0.274994 -0.961446 0.000000
vn -0.137253 -0.990536 0.000000
vn -0.042281 -0.999106 0.000000
vn 0.042281 -0.999106 0.000000
vn 0.137253 -0.990536 0.000000
vn 0.274994 -0.961446 0.000000
vn 0.614578 -0.788856 0.000000
vn 1.000000 -0.000000 0.000000
vn 0.675388 0.737463 0.000000
vn 0.369187 0.929355 0.000000
vn 0.188982 0.981981 0.000000
vn 0.058674 0.998277 0.000000
vn -0.058674 0.998277 0.000000
vn -0.188982 0.981981 0.000000
vn -0.369187 0.929355 0.000000
vn -0.675388 0.737463 0.000000
vn -1.000000 0.000000 0.000000
vn -0.614578 -0.788856 0.000000
vn -0.274994 -0.961446 0.000000
vn -0.137253 -0.990536 0.000000
vn -0.042281 -0.999106 0.000000
vn 0.042281 -0.999106 0.000000
vn 0.137253 -0.990536 0.000000
vn 0.274994 -0.961446 0.000000
vn 0.614578 -0.788856 0.000000
vn 1.000000 0.000000 0.000000
vn 0.675388 0.737463 0.000000
vn 0.369187 0.929355 0.000000
vn 0.188982 0.981981 0.000000
vn 0.058674 0.998277 0.000000
vn -0.058674 0.998277 0.000000
vn -0.188982 0.981981 0.000000
vn -0.369187 0.929355 0.000000
vn -0.675388 0.737463 0.000000
vn -1.000000 0.000000 0.000000
vn -0.614578 -0.788856 0.000000
vn -0.274994 -0.961446 0.000000
vn -0.137253 -0.990536 0.000000
vn -0.042281 -0.999106 0.000000
vn 0.042281 -0.999106 0.000000
vn 0.137253 -0.990536 0.000000
vn 0.274994 -0.961446 0.000000
vn 0.614578 -0.788856 0.000000
vn 1.000000 -0.000000 0.000000
vn 0.675388 0.737463 0.000000
vn 0.369187 0.929355 0.000000
vn 0.188982 0.981981 0.000000
vn 0.058674 0.998277 0.000000
vn -0.058674 0.998277 0.000000
vn -0.188982 0.981981 0.000000
vn -0.369187 0.929355 0.000000
vn -0.675388 0.737463 0.000000
vn -1.000000 0.000000 0.000000
vn -0.614578 -0.788856 0.000000
vn -0.274994 -0.961446 0.000000
vn -0.137253 -0.990536 0.000000
vn -0.042281 -0.999106 0.000000
vn 0.042281 -0.999106 0.000000
vn 0.137253 -0.990536 0.000000
vn 0.274994 -0.961446 0.000000
vn 0.614578 -0.788856 0.000000
vn 1.000000 0.000000 0.000000
vn 0.675388 0.737463 0.000000
vn 0.369187 0.929355 0.000000
vn 0.188982 0.981981 0.000000
vn 0.058674 0.998277 0.000000
vn -0.058674 0.998277 0.000000
vn -0.188982 0.981981 0.000000
vn -0.369187 0.929355 0.000000
vn -0.675388 0.737463 0.000000
vn -1.000000 0.000000 0.000000
vn -0.614578 -0.788856 0.000000
vn -0.274994 -0.961446 0.000000
vn -0.137253 -0.990536 0.000000
vn -0.042281 -0.999106 0.000000
vn 0.042281 -0.999106 0.000000
vn 0.137253 -0.990536 0.000000
vn 0.274994 -0.961446 0.000000
vn 0.614578 -0.788856 0.000000
vn 1.000000 0.000000 0.000000
vn 0.675388 0.737463 0.000000
vn 0.369187 0.929355 0.000000
vn 0.188982 0.981981 0.000000
vn 0.058674 0.998277 0.000000
vn -0.058674 0.998277 0.000000
vn -0.188982 0.981981 0.000000
vn -0.369187 0.929355 0.000000
vn -0.675388 0.737463 0.000000
vn -1.000000 0.000000 0.000000
vn -0.614578 -0.788856 0.000000
vn -0.274994 -0.961446 0.000000
vn -0.137253 -0.990536 0.000000
vn -0.042281 -0.999106 0.000000
vn 0.042281 -0.999106 0.000000
vn 0.137253 -0.990536 0.000000
vn 0.274994 -0.961446 0.000000
vn 0.614578 -0.788856 0.000000
vn 1.000000 0.000000 0.000000
vn 0.675388 0.737463 0.000000
vn 0.369187 0.929355 0.000000
vn 0.188982 0.981981 0.000000
vn 0.058674 0.998277 0.000000
vn -0.058674 0.998277 0.000000
vn -0.188982 0.981981 0.000000
vn -0.369187 0.929355 0.000000
vn -0.675388 0.737463 0.000000
vn -1.000000 0.000000 0.000000
vn -0.614578 -0.788856 0.000000
vn -0.274994 -0.961446 0.000000
vn -0.137253 -0.990536 0.000000
vn -0.042281 -0.999106 0.000000
vn 0.042281 -0.999106 0.000000
vn 0.137253 -0.990536 0.000000
vn 0.274994 -0.961446 0.000000
vn 0.614578 -0.788856 0.000000
vn 1.000000 0.000000 0.000000
vn 0.675388 0.737463 0.000000
vn 0.369187 0.929355 0.000000
vn 0.188982 0.981981 0.000000
vn 0.058674 0.998277 0.000000
vn -0.058674 0.998277 0.000000
vn -0.188982 0.981981 0.000000
vn -0.369187 0.929355 0.000000
vn -0.675388 0.737463 0.000000
vn -1.000000 0.000000 0.000000
vn -0.614578 -0.788856 0.000000
vn -0.274994 -0.961446 0.000000
vn -0.137253 -0.990536 0.000000
vn -0.042281 -0.999106 0.000000
vn 0.042281 -0.999106 0.000000
vn 0.137253 -0.990536 0.000000
vn 0.274994 -0.961446 0.000000
vn 0.614578 -0.788856 0.000000
vn 1.000000 0.000000 0.000000
vn 0.675388 0.737463 0.000000
vn 0.369187 0.929355 0.000000
vn 0.188982 0.981981 0.000000
vn 0.058674 0.998277 0.000000
vn -0.058674 0.998277 0.000000
vn -0.188982 0.981981 0.000000
vn -0.369187 0.929355 0.000000
vn -0.675388 0.737463 0.000000
vn -1.000000 0.000000 0.000000
vn -0.614578 -0.788856 0.000000
vn -0.274994 -0.961446 0.000000
vn -0.137253 -0.990536 0.000000
vn -0.042281 -0.999106 0.000000
vn 0.042281 -0.999106 0.000000
vn 0.137253 -0.990536 0.000000
vn 0.274994 -0.961446 0.000000
vn 0.614578 -0.788856 0.000000
vn 1.000000 0.000000 0.000000
vn 0.675388 0.737463 0.000000
vn 0.369187 0.929355 0.000000
vn 0.188982 0.981981 0.000000
vn 0.058674 0.998277 0.000000
vn -0.058674 0.998277 0.000000
vn -0.188982 0.981981 0.000000
vn -0.369187 0.929355 0.000000
vn -0.675388 0.737463 0.000000
vn -1.000000 0.000000 0.000000
vn -0.614578 -0.788856 0.000000
vn -0.274994 -0.961446 0.000000
vn -0.137253 -0.990536 0.000000
vn -0.042281 -0.999106 0.000000
vn 0.042281 -0.999106 0.000000
vn 0.137253 -0.990536 0.000000
vn 0.274994 -0.961446 0.000000
vn 0.614578 -0.788856 0.000000
vn 1.000000 -0.000000 0.000000
vn 0.675388 0.737463 0.000000
vn 0.369187 0.929355 0.000000
vn 0.188982 0.981981 0.000000
vn 0.058674 0.998277 0.000000
vn -0.058674 0.998277 0.000000
vn -0.188982 0.981981 0.000000
vn -0.369187 0.929355 0.000000
vn -0.675388 0.737463 0.000000
vn -1.000000 0.000000 0.000000
vn -0.614578 -0.788856 0.000000
vn -0.274994 -0.961446 0.000000
vn -0.137253 -0.990536 0.000000
vn -0.042281 -0.999106 0.000000
vn 0.042281 -0.999106 0.000000
vn 0.137253 -0.990536 0.000000
vn 0.274994 -0.961446 0.000000
vn 0.614578 -0.788856 0.000000
vn 1.000000 0.000000 0.000000
vn 0.675388 0.737463 0.000000
vn 0.369187 0.929355 0.000000
vn 0.188982 0.981981 0.000000
vn 0.058674 0.998277 0.000000
vn -0.058674 0.998277 0.000000
vn -0.188982 0.981981 0.000000
vn -0.369187 0.929355 0.000000
vn -0.675388 0.737463 0.000000
vn -1.000000 -0.000000 0.000000
vn -0.614578 -0.788856 0.000000
vn -0.274994 -0.961446 0.000000
vn -0.137253 -0.990536 0.000000
vn -0.042281 -0.999106 0.000000
vn 0.042281 -0.999106 0.000000
vn 0.137253 -0.990536 0.000000
vn 0.274994 -0.961446 0.000000
vn 0.614578 -0.788856 0.000000
vn 1.000000 -0.000000 0.000000
vn 0.675388 0.737463 0.000000
vn 0.369187 0.929355 0.000000
vn 0.188982 0.981981 0.000000
vn 0.058674 0.998277 0.000000
vn -0.058674 0.998277 0.000000
vn -0.188982 0.981981 0.000000
vn -0.369187 0.929355 0.000000
vn -0.675388 0.737463 0.000000
vn -1.000000 0.000000 0.000000
vn -0.614578 -0.788856 0.000000
vn -0.274994 -0.961446 0.000000
vn -0.137253 -0.990536 0.000000
vn -0.042281 -0.999106 0.000000
vn 0.042281 -0.999106 0.000000
vn 0.137253 -0.990536 0.000000
vn 0.274994 -0.961446 0.000000
vn 0.614578 -0.788856 0.000000
vn 1.000000 -0.000000 0.000000
vn 0.675388 0.737463 0.000000
vn 0.369187 0.929355 0.000000
vn 0.188982 0.981981 0.000000
vn 0.058674 0.998277 0.000000
vn -0.058674 0.998277 0.000000
vn -0.188982 0.981981 0.000000
vn -0.369187 0.929355 0.000000
vn -0.675388 0.737463 0.000000
vn -1.000000 0.000000 0.000000
vn -0.614578 -0.788856 0.000000
vn -0.274994 -0.961446 0.000000
vn -0.137253 -0.990536 0.000000
vn -0.042281 -0.999106 0.000000
vn 0.042281 -0.999106 0.000000
vn 0.137253 -0.990536 0.000000
vn 0.274994 -0.961446 0.000000
vn 0.614578 -0.788856 0.000000
vn 1.000000 0.000000 0.000000
vn 0.675388 0.737463 0.000000
vn 0.369187 0.929355 0.000000
vn 0.188982 0.981981 0.000000
vn 0.058674 0.998277 0.000000
vn -0.058674 0.998277 0.000000
vn -0.188982 0.981981 0.000000
vn -0.369187 0.929355 0.000000
vn -0.675388 0.737463 0.000000
vn -1.000000 -0.000000 0.000000
vn -0.614578 -0.788856 0.000000
vn -0.274994 -0.961446 0.000000
vn -0.137253 -0.990536 0.000000
vn -0.042281 -0.999106 0.000000
vn 0.042281 -0.999106 0.000000
vn 0.137253 -0.990536 0.000000
vn 0.274994 -0.961446 0.000000
vn 0.614578 -0.788856 0.000000
vn 1.000000 -0.000000 0.000000
vn 0.675388 0.737463 0.000000
vn 0.369187 0.929355 0.000000
vn 0.188982 0.981981 0.000000
vn 0.058674 0.998277 0.000000
vn -0.058674 0.998277 0.000000
vn -0.188982 0.981981 0.000000
vn -0.369187 0.929355 0.000000
vn -0.675388 0.737463 0.000000
vn -1.000000 0.000000 0.000000
vn -0.614578 -0.788856 0.000000
vn -0.274994 -0.961446 0.000000
vn -0.137253 -0.990536 0.000000
vn -0.042281 -0.999106 0.000000
vn 0.042281 -0.999106 0.000000
vn 0.137253 -0.990536 0.000000
vn 0.274994 -0.961446 0.000000
vn 0.614578 -0.788856 0.000000
vn 1.000000 0.000000 0.000000
vn 0.675388 0.737463 0.000000
vn 0.369187 0.929355 0.000000
vn 0.188982 0.981981 0.000000
vn 0.058674 0.998277 0.000000
vn -0.058674 0.998277 0.000000
vn -0.188982 0.981981 0.000000
vn -0.369187 0.929355 0.000000
vn -0.675388 0.737463 0.000000
vn -1.000000 0.000000 0.000000
vn -0.614578 -0.788856 0.000000
vn -0.274994 -0.961446 0.000000
vn -0.137253 -0.990536 0.000000
vn -0.042281 -0.999106 0.000000
vn 0.042281 -0.999106 0.000000
vn 0.137253 -0.990536 0.000000
vn 0.274994 -0.961446 0.000000
vn 0.614578 -0.788856 0.000000
vn 1.000000 -0.000000 0.000000
vn 0.675388 0.737463 0.000000
vn 0.369187 0.929355 0.000000
vn 0.188982 0.981981 0.000000
vn 0.058674 0.998277 0.000000
vn -0.058674 0.998277 0.000000
vn -0.188982 0.981981 0.000000
vn -0.369187 0.929355 0.000000
vn -0.675388 0.737463 0.000000
vn -1.000000 0.000000 0.000000
vn -0.614578 -0.788856 0.000000
vn -0.274994 -0.961446 0.000000
vn -0.137253 -0.990536 0.000000
vn -0.042281 -0.999106 0.000000
vn 0.042281 -0.999106 0.000000
vn 0.137253 -0.990536 0.000000
vn 0.274994 -0.961446 0.000000
vn 0.614578 -0.788856 0.000000
vn 1.000000 0.000000 0.000000
vn 0.675388 0.737463 0.000000
vn 0.369187 0.929355 0.000000
vn 0.188982 0.981981 0.000000
vn 0.058674 0.998277 0.000000
vn -0.058674 0.998277 0.000000
vn -0.188982 0.981981 0.000000
vn -0.369187 0.929355 0.000000
vn -0.675388 0.737463 0.000000
vn -1.000000 -0.000000 0.000000
vn -0.614578 -0.788856 0.000000
vn -0.274994 -0.961446 0.000000
vn -0.137253 -0.990536 0.000000
vn -0.042281 -0.999106 0.000000
vn 0.042281 -0.999106 0.000000
vn 0.137253 -0.990536 0.000000
vn 0.274994 -0.961446 0.000000
vn 0.614578 -0.788856 0.000000
vn 1.000000 -0.000000 0.000000
vn 0.675388 0.737463 0.000000
vn 0.369187 0.929355 0.000000
vn 0.188982 0.981981 0.000000
vn 0.058674 0.998277 0.000000
vn -0.058674 0.998277 0.000000
vn -0.188982 0.981981 0.000000
vn -0.369187 0.929355 0.000000
vn -0.675388 0.737463 0.000000
vn -1.000000 0.000000 0.000000
vn -0.614578 -0.788856 0.000000
vn -0.274994 -0.961446 0.000000
vn -0.137253 -0.990536 0.000000
vn -0.042281 -0.999106 0.000000
vn 0.042281 -0.999106 0.000000
vn 0.137253 -0.990536 0.000000
vn 0.274994 -0.961446 0.000000
vn 0.614578 -0.788856 0.000000
vn 1.000000 -0.000000 0.000000
vn 0.675388 0.737463 0.000000
vn 0.369187 0.929355 0.000000
vn 0.188982 0.981981 0.000000
vn 0.058674 0.998277 0.000000
vn -0.058674 0.998277 0.000000
vn -0.188982 0.981981 0.000000
vn -0.369187 0.929355 0.000000
vn -0.675388 0.737463 0.000000
vn -1.000000 0.000000 0.000000
vn -0.614578 -0.788856 0.000000
vn -0.274994 -0.961446 0.000000
vn -0.137253 -0.990536 0.000000
vn -0.042281 -0.999106 0.000000
vn 0.042281 -0.999106 0.000000
vn 0.137253 -0.990536 0.000000
vn 0.274994 -0.961446 0.000000
vn 0.614578 -0.788856 0.000000
vn 1.000000 0.000000 0.000000
vn 0.675388 0.737463 0.000000
vn 0.369187 0.929355 0.000000
vn 0.188982 0.981981 0.000000
vn 0.058674 0.998277 0.000000
vn -0.058674 0.998277 0.000000
vn -0.188982 0.981981 0.000000
vn -0.369187 0.929355 0.000000
vn -0.675388 0.737463 0.000000
vn -1.000000 -0.000000 0.000000
vn -0.614578 -0.788856 0.000000
vn -0.274994 -0.961446 0.000000
vn -0.137253 -0.990536 0.000000
vn -0.042281 -0.999106 0.000000
vn 0.042281 -0.999106 0.000000
vn 0.137253 -0.990536 0.000000
vn 0.274994 -0.961446 0.000000
vn 0.614578 -0.788856 0.000000
vn 1.000000 -0.000000 0.000000
vn 0.675388 0.737463 0.000000
vn 0.369187 0.929355 0.000000
vn 0.188982 0.981981 0.000000
vn 0.058674 0.998277 0.000000
vn -0.058674 0.998277 0.000000
vn -0.188982 0.981981 0.000000
vn -0.369187 0.929355 0.000000
vn -0.675388 0.737463 0.000000
vn -1.000000 0.000000 0.000000
vn -0.614578 -0.788856 0.000000
vn -0.274994 -0.961446 0.000000
vn -0.137253 -0.990536 0.000000
vn -0.042281 -0.999106 0.000000
vn 0.042281 -0.999106 0.000000
vn 0.137253 -0.990536 0.000000
vn 0.274994 -0.961446 0.000000
vn 0.614578 -0.788856 0.000000
vn 1.000000 -0.000000 0.000000
vn 0.675388 0.737463 0.000000
vn 0.369187 0.929355 0.000000
vn 0.188982 0.981981 0.000000
vn 0.058674 0.998277 0.000000
vn -0.058674 0.998277 0.000000
vn -0.188982 0.981981 0.000000
vn -0.369187 0.929355 0.000000
vn -0.675388 0.737463 0.000000
vn -1.000000 0.000000 0.000000
vn -0.614578 -0.788856 0.000000
vn -0.274994 -0.961446 0.000000
vn -0.137253 -0.990536 0.000000
vn -0.042281 -0.999106 0.000000
vn 0.042281 -0.999106 0.000000
vn 0.137253 -0.990536 0.000000
vn 0.274994 -0.961446 0.000000
vn 0.614578 -0.788856 0.000000
vn 1.000000 0.000000 0.000000
vn 0.675388 0.737463 0.000000
vn 0.369187 0.929355 0.000000
vn 0.188982 0.981981 0.000000
vn 0.058674 0.998277 0.000000
vn -0.058674 0.998277 0.000000
vn -0.188982 0.981981 0.000000
vn -0.369187 0.929355 0.000000
vn -0.675388 0.737463 0.000000
vn -1.000000 0.000000 0.000000
vn -0.614578 -0.788856 0.000000
vn -0.274994 -0.961446 0.000000
vn -0.137253 -0.990536 0.000000
vn -0.042281 -0.999106 0.000000
vn 0.042281 -0.999106 0.000000
vn 0.137253 -0.990536 0.000000
vn 0.274994 -0.961446 0.000000
vn 0.614578 -0.788856 0.000000
vn 1.000000 0.000000 0.000000
vn 0.675388 0.737463 0.000000
vn 0.369187 0.929355 0.000000
vn 0.188982 0.981981 0.000000
vn 0.058674 0.998277 0.000000
vn -0.058674 0.998277 0.000000
vn -0.188982 0.981981 0.000000
vn -0.369187 0.929355 0.000000
vn -0.675388 0.737463 0.000000
vn -1.000000 0.000000 0.000000
vn -0.614578 -0.788856 0.000000
vn -0.274994 -0.961446 0.000000
vn -0.137253 -0.990536 0.000000
vn -0.042281 -0.999106 0.000000
vn 0.042281 -0.999106 0.000000
vn 0.137253 -0.990536 0.000000
vn 0.274994 -0.961446 0.000000
vn 0.614578 -0.788856 0.000000
vn 1.000000 -0.000000 0.000000
vn 0.675388 0.737463 0.000000
vn 0.369187 0.929355 0.000000
vn 0.188982 0.981981 0.000000
vn 0.058674 0.998277 0.000000
vn -0.058674 0.998277 0.000000
vn -0.188982 0.981981 0.000000
vn -0.369187 0.929355 0.000000
vn -0.675388 0.737463 0.000000
vn -1.000000 0.000000 0.000000
vn -0.614578 -0.788856 0.000000
vn -0.274994 -0.961446 0.000000
vn -0.137253 -0.990536 0.000000
vn -0.042281 -0.999106 0.000000
vn 0.042281 -0.999106 0.000000
vn 0.137253 -0.990536 0.000000
vn 0.274994 -0.961446 0.000000
vn 0.614578 -0.788856 0.000000
vn 1.000000 0.000000 0.000000
vn 0.675388 0.737463 0.000000
vn 0.369187 0.929355 0.000000
vn 0.188982 0.981981 0.000000
vn 0.058674 0.998277 0.000000
vn -0.058674 0.998277 0.000000
vn -0.188982 0.981981 0.000000
vn -0.369187 0.929355 0.000000
vn -0.675388 0.737463 0.000000
vn -1.000000 0.000000 0.000000
vn -0.614578 -0.788856 0.000000
vn -0.274994 -0.961446 0.000000
vn -0.137253 -0.990536 0.000000
vn -0.042281 -0.999106 0.000000
vn 0.042281 -0.999106 0.000000
vn 0.137253 -0.990536 0.000000
vn 0.274994 -0.961446 0.000000
vn 0.614578 -0.788856 0.000000
vn 0.859376 -0.006724 0.511300
vn 0.643568 0.687554 0.336288
vn 0.370851 0.917120 0.146152
vn 0.191766 0.980487 0.043251
vn 0.059564 0.998216 0.004163
vn -0.059502 0.998098 0.016135
vn -0.190826 0.978614 0.076813
vn -0.365924 0.910564 0.192281
vn -0.629261 0.681948 0.372797
vn -0.861872 0.006744 0.507080
vn -0.594691 -0.746857 0.297567
vn -0.277855 -0.954361 0.109503
vn -0.139375 -0.989741 0.031435
vn -0.042923 -0.999074 0.003000
vn 0.042881 -0.999013 0.011628
vn 0.138816 -0.988740 0.055878
vn 0.275025 -0.950514 0.144516
vn 0.576481 -0.734409 0.358208
vn 0.615560 -0.010417 0.788021
vn 0.542684 0.530451 0.651242
vn 0.374136 0.851214 0.368045
vn 0.205569 0.969054 0.136659
vn 0.064478 0.997660 0.022725
vn -0.064337 0.997620 0.024783
vn -0.204049 0.968676 0.141528
vn -0.369132 0.852108 0.371017
vn -0.535358 0.541097 0.648542
vn -0.615882 0.010422 0.787770
vn -0.515166 -0.591941 0.619847
vn -0.289244 -0.913990 0.284535
vn -0.150230 -0.983594 0.099871
vn -0.046476 -0.998785 0.016380
vn 0.046376 -0.998764 0.017864
vn 0.149147 -0.983389 0.103448
vn 0.285255 -0.914563 0.286711
vn 0.505907 -0.601084 0.618672
vn 0.587873 -0.010697 0.808882
vn 0.539605 0.468404 0.699588
vn 0.400252 0.810331 0.427974
vn 0.228473 0.959145 0.166857
vn 0.072315 0.996969 0.028679
vn -0.072129 0.996985 0.028605
vn -0.226696 0.959791 0.165559
vn -0.395649 0.815162 0.423052
vn -0.534695 0.483265 0.693222
vn -0.587873 0.010697 0.808882
vn -0.516909 -0.527462 0.674232
vn -0.315441 -0.886980 0.337289
vn -0.167766 -0.978183 0.122522
vn -0.052143 -0.998426 0.020679
vn 0.052008 -0.998434 0.020626
vn 0.166409 -0.978539 0.121531
vn 0.311109 -0.890253 0.332657
vn 0.510966 -0.542881 0.666479
vn 0.587873 -0.010697 0.808882
vn 0.554327 0.419796 0.718675
vn 0.435460 0.770436 0.465621
vn 0.258112 0.947547 0.188503
vn 0.082585 0.996046 0.032752
vn -0.082342 0.996069 0.032656
vn -0.255873 0.948478 0.186868
vn -0.430276 0.776654 0.460078
vn -0.549664 0.435924 0.712629
vn -0.587873 0.010697 0.808882
vn -0.534992 -0.476270 0.697818
vn -0.349608 -0.859087 0.373823
vn -0.190588 -0.971752 0.139189
vn -0.059574 -0.997944 0.023626
vn 0.059399 -0.997956 0.023557
vn 0.188850 -0.972272 0.137920
vn 0.344456 -0.863537 0.368313
vn 0.529220 -0.493382 0.690290
vn 0.587873 -0.010697 0.808882
vn 0.568062 0.367289 0.736481
vn 0.474828 0.718862 0.507716
vn 0.295933 0.930437 0.216125
vn 0.096235 0.994627 0.038165
vn -0.095907 0.994663 0.038035
vn -0.293045 0.931838 0.214015
vn -0.469069 0.726921 0.501558
vn -0.563755 0.384668 0.730898
vn -0.587873 0.010697 0.808882
vn -0.552240 -0.419734 0.720316
vn -0.390296 -0.820674 0.417328
vn -0.220315 -0.962067 0.160900
vn -0.069469 -0.997204 0.027550
vn 0.069231 -0.997223 0.027456
vn 0.218019 -0.962869 0.159222
vn 0.384160 -0.826856 0.410768
vn 0.546791 -0.438581 0.713208
vn 0.587873 -0.010697 0.808882
vn 0.580457 0.311023 0.752552
vn 0.517955 0.651917 0.553829
vn 0.345393 0.903922 0.252246
vn 0.115250 0.992284 0.045706
vn -0.114781 0.992347 0.045520
vn -0.341574 0.906145 0.249457
vn -0.511725 0.662379 0.547168
vn -0.576622 0.329592 0.747580
vn -0.587873 0.010697 0.808882
vn -0.568138 -0.357857 0.741052
vn -0.438563 -0.766655 0.468938
vn -0.260418 -0.946579 0.190187
vn -0.083289 -0.995978 0.033031
vn 0.082947 -0.996011 0.032896
vn 0.257266 -0.947899 0.187885
vn 0.431317 -0.775415 0.461191
vn 0.563185 -0.378416 0.734591
vn 0.587873 -0.010697 0.808882
vn 0.591151 0.251288 0.766417
vn 0.563436 0.565315 0.602461
vn 0.411630 0.860343 0.300619
vn 0.143517 0.988010 0.056916
vn -0.142792 0.988131 0.056629
vn -0.406470 0.864096 0.296851
vn -0.557015 0.578794 0.595594
vn -0.587905 0.270935 0.762208
vn -0.587873 0.010697 0.808882
vn -0.582121 -0.290884 0.759291
vn -0.494758 -0.689454 0.529025
vn -0.316859 -0.919810 0.231407
vn -0.103930 -0.993730 0.041217
vn 0.103400 -0.993794 0.041007
vn 0.312331 -0.922182 0.228100
vn 0.486439 -0.702026 0.520131
vn 0.577849 -0.313045 0.753719
vn 0.643095 -0.010135 0.765719
vn 0.646995 0.208124 0.733541
vn 0.635474 0.484116 0.601502
vn 0.502476 0.798441 0.331676
vn 0.187059 0.979843 0.070113
vn -0.186141 0.980803 0.058103
vn -0.500604 0.810973 0.302850
vn -0.639046 0.506633 0.578742
vn -0.650819 0.229515 0.723711
vn -0.642443 0.010125 0.766267
vn -0.637300 -0.240990 0.731964
vn -0.575867 -0.609314 0.545081
vn -0.398208 -0.878829 0.262850
vn -0.135996 -0.989397 0.050974
vn 0.135266 -0.989909 0.042223
vn 0.394410 -0.887417 0.238606
vn 0.574238 -0.632297 0.520049
vn 0.644709 -0.267269 0.716182
vn 0.894083 -0.005956 0.447861
vn 0.870047 0.224565 0.438850
vn 0.799497 0.482566 0.357678
vn 0.610033 0.764298 0.209066
vn 0.235671 0.970309 0.054409
vn -0.235291 0.971824 0.014002
vn -0.615509 0.779217 0.118193
vn -0.818442 0.504718 0.274615
vn -0.886842 0.240512 0.394544
vn -0.892061 0.005943 0.451876
vn -0.853755 -0.259040 0.451664
vn -0.724919 -0.607711 0.324314
vn -0.491151 -0.854657 0.168323
vn -0.172125 -0.984273 0.039738
vn 0.171723 -0.985092 0.010219
vn 0.492159 -0.865360 0.094506
vn 0.735975 -0.630364 0.246945
vn 0.882806 -0.281442 0.376089
vn 1.000000 0.000000 0.000000
vn 0.969882 0.243576 0.000000
vn 0.865415 0.501057 0.000000
vn 0.641725 0.766935 0.000000
vn 0.247590 0.968865 0.000000
vn -0.247590 0.968865 0.000000
vn -0.641725 0.766935 0.000000
vn -0.865415 0.501057 0.000000
vn -0.969882 0.243576 0.000000
vn -1.000000 -0.000000 0.000000
vn -0.959078 -0.283141 0.000000
vn -0.779294 -0.626659 0.000000
vn -0.516040 -0.856565 0.000000
vn -0.180956 -0.983491 0.000000
vn 0.180956 -0.983491 0.000000
vn 0.516040 -0.856565 0.000000
vn 0.779294 -0.626659 0.000000
vn 0.959078 -0.283141 0.000000
vn 0.999140 -0.041471 0.000000
vn 0.979401 0.201927 0.000000
vn 0.889710 0.456526 0.000000
vn 0.690385 0.723442 0.000000
vn 0.325542 0.945528 0.000000
vn -0.166270 0.986080 0.000000
vn -0.587970 0.808883 0.000000
vn -0.837802 0.545974 0.000000
vn -0.958334 0.285652 0.000000
vn -0.999160 0.040991 0.000000
vn -0.974235 -0.225537 0.000000
vn -0.814358 -0.580363 0.000000
vn -0.566305 -0.824196 0.000000
vn -0.240611 -0.970622 0.000000
vn 0.120519 -0.992711 0.000000
vn 0.463695 -0.885995 0.000000
vn 0.741410 -0.671052 0.000000
vn 0.938340 -0.345715 0.000000
vn 0.998486 0.055007 0.000000
vn 0.908017 0.418934 0.000000
vn 0.123846 0.992301 0.000000
vn -0.867164 0.498023 0.000000
vn -0.994885 0.101013 0.000000
vn -0.966412 -0.256996 0.000000
vn -0.579544 -0.814941 0.000000
vn 0.452584 -0.891722 0.000000
vn 0.946353 -0.323135 0.000000
vn 0.887170 0.015923 -0.461168
vn 0.888707 0.370547 -0.269991
vn 0.344259 0.937224 -0.055649
vn -0.730808 0.591788 -0.340156
vn -0.871599 0.138227 -0.470328
vn -0.906350 -0.198484 -0.373007
vn -0.645443 -0.755695 -0.111032
vn 0.256530 -0.958147 -0.127065
vn 0.812870 -0.387344 -0.434980
vn 0.650574 0.026716 -0.758973
vn 0.667557 0.427779 -0.609404
vn 0.233090 0.958529 -0.163985
vn -0.572557 0.690683 -0.441741
vn -0.658294 0.148561 -0.737956
vn -0.656270 -0.226216 -0.719816
vn -0.464042 -0.826455 -0.318806
vn 0.173904 -0.974895 -0.139058
vn 0.635851 -0.445969 -0.629925
vn 0.606599 0.028046 -0.794513
vn 0.577740 0.537565 -0.614198
vn 0.161740 0.977297 -0.136861
vn -0.452836 0.810370 -0.371808
vn -0.612422 0.211669 -0.761667
vn -0.594415 -0.292707 -0.748995
vn -0.343876 -0.895562 -0.282345
vn 0.119382 -0.987696 -0.101019
vn 0.553698 -0.580927 -0.596609
vn 0.606599 0.028046 -0.794513
vn 0.524565 0.643303 -0.557667
vn 0.122726 0.986992 -0.103848
vn -0.366724 0.880255 -0.301105
vn -0.600557 0.285406 -0.746910
vn -0.577588 -0.369746 -0.727791
vn -0.271216 -0.936404 -0.222686
vn 0.089861 -0.993047 -0.076038
vn 0.489832 -0.693901 -0.527793
vn 0.760042 0.023192 -0.649460
vn 0.512422 0.755396 -0.408412
vn 0.101245 0.992301 -0.071337
vn -0.317639 0.939075 -0.131314
vn -0.714212 0.431988 -0.550715
vn -0.648421 -0.489169 -0.583322
vn -0.229657 -0.961017 -0.153962
vn 0.073653 -0.996821 -0.030371
vn 0.472989 -0.832680 -0.287967
vn 0.979624 0.007247 -0.200708
vn 0.534819 0.837107 -0.114975
vn 0.094439 0.995344 -0.019280
vn -0.297370 0.954530 -0.021084
vn -0.819949 0.554038 -0.143963
vn -0.773308 -0.607754 -0.180640
vn -0.217792 -0.975101 -0.041781
vn 0.068243 -0.997658 -0.004547
vn 0.459926 -0.886117 -0.057144
vn 1.000000 -0.000000 0.000000
vn 0.536214 0.844082 0.000000
vn 0.093578 0.995612 0.000000
vn -0.294141 0.955762 0.000000
vn -0.823263 0.567660 0.000000
vn -0.786242 -0.617919 0.000000
vn -0.216337 -0.976319 0.000000
vn 0.067519 -0.997718 0.000000
vn 0.455438 -0.890267 0.000000
vn 1.000000 -0.000000 0.000000
vn 0.536214 0.844082 0.000000
vn 0.093578 0.995612 0.000000
vn -0.294141 0.955762 0.000000
vn -0.823263 0.567660 0.000000
vn -0.786242 -0.617919 0.000000
vn -0.216337 -0.976319 0.000000
vn 0.067519 -0.997718 0.000000
vn 0.455438 -0.890267 0.000000
vn 1.000000 -0.000000 0.000000
vn 0.536214 0.844082 0.000000
vn 0.093578 0.995612 0.000000
vn -0.294141 0.955762 0.000000
vn -0.823263 0.567660 0.000000
vn -0.786242 -0.617919 0.000000
vn -0.216337 -0.976319 0.000000
vn 0.067519 -0.997718 0.000000
vn 0.455438 -0.890267 0.000000
vn 1.000000 0.000000 0.000000
vn 0.536214 0.844082 0.000000
vn 0.093578 0.995612 0.000000
vn -0.294141 0.955762 0.000000
vn -0.823263 0.567660 0.000000
vn -0.786242 -0.617919 0.000000
vn -0.216337 -0.976319 0.000000
vn 0.067519 -0.997718 0.000000
vn 0.455438 -0.890267 0.000000
vn 1.000000 -0.000000 0.000000
vn 0.536214 0.844082 0.000000
vn 0.093578 0.995612 0.000000
vn -0.294141 0.955762 0.000000
vn -0.823263 0.567660 0.000000
vn -0.786242 -0.617919 0.000000
vn -0.216337 -0.976319 0.000000
vn 0.067519 -0.997718 0.000000
vn 0.455438 -0.890267 0.000000
vn 1.000000 0.000000 0.000000
vn 0.536214 0.844082 0.000000
vn 0.093578 0.995612 0.000000
vn -0.294141 0.955762 0.000000
vn -0.823263 0.567660 0.000000
vn -0.786242 -0.617919 0.000000
vn -0.216337 -0.976319 0.000000
vn 0.067519 -0.997718 0.000000
vn 0.455438 -0.890267 0.000000
vn 0.977784 -0.007233 0.209488
vn 0.540508 0.838612 0.067680
vn 0.094577 0.995498 0.006301
vn -0.295806 0.953561 0.056748
vn -0.809801 0.558377 0.180106
vn -0.785211 -0.604735 0.133190
vn -0.218841 -0.975637 0.015516
vn 0.068149 -0.997578 0.013913
vn 0.455184 -0.884720 0.100392
vn 0.752599 -0.022965 0.658078
vn 0.544136 0.771418 0.329896
vn 0.101996 0.993895 0.042059
vn -0.308211 0.928608 0.206625
vn -0.674811 0.446639 0.587489
vn -0.696994 -0.480507 0.532271
vn -0.235498 -0.966986 0.097356
vn 0.073167 -0.995986 0.051554
vn 0.446642 -0.817619 0.363332
vn 0.606599 -0.028046 0.794513
vn 0.539824 0.615826 0.573889
vn 0.124011 0.986717 0.104935
vn -0.356829 0.887037 0.292981
vn -0.591083 0.331977 0.735127
vn -0.589139 -0.319119 0.742346
vn -0.279637 -0.932248 0.229601
vn 0.088918 -0.993193 0.075240
vn 0.472450 -0.719476 0.509064
vn 0.606599 -0.028046 0.794513
vn 0.592969 0.500998 0.630388
vn 0.163957 0.976663 0.138737
vn -0.438943 0.823067 0.360402
vn -0.604847 0.261314 0.752246
vn -0.603800 -0.237862 0.760820
vn -0.356875 -0.887006 0.293018
vn 0.117732 -0.988036 0.099623
vn 0.534827 -0.617954 0.576275
vn 0.652680 -0.026803 0.757159
vn 0.663602 0.374811 0.647417
vn 0.236156 0.953190 0.188836
vn -0.566473 0.726395 0.389177
vn -0.662872 0.200468 0.721397
vn -0.649672 -0.167112 0.741619
vn -0.476605 -0.798521 0.367712
vn 0.171207 -0.977845 0.120449
vn 0.634252 -0.504705 0.585660
vn 0.895349 -0.016070 0.445075
vn 0.839385 0.322101 0.437817
vn 0.343457 0.923632 0.170122
vn -0.758050 0.639027 0.130403
vn -0.905958 0.174065 0.385929
vn -0.859427 -0.155350 0.487085
vn -0.634801 -0.713950 0.295470
vn 0.255460 -0.965937 0.041295
vn 0.857824 -0.444148 0.258594
vn 0.998314 -0.058038 0.000000
vn 0.962691 0.270603 0.000000
vn 0.576156 0.817340 0.000000
vn -0.702720 0.711467 0.000000
vn -0.976528 0.215389 0.000000
vn -0.993984 -0.109521 0.000000
vn -0.781762 -0.623577 0.000000
vn 0.089500 -0.995987 0.000000
vn 0.861645 -0.507512 0.000000
vn 0.765158 -0.037777 -0.642733
vn -0.765158 0.037777 -0.642733
vn 0.765158 -0.255326 -0.591051
vn -0.765158 -0.184329 -0.616892
vn 0.765158 -0.442080 -0.468079
vn -0.765158 -0.384202 -0.516645
vn 0.765158 -0.575512 -0.288651
vn -0.765158 -0.537735 -0.354082
vn 0.765158 -0.639528 -0.074406
vn -0.765158 -0.626408 -0.148813
vn 0.765158 -0.626408 0.148813
vn -0.765158 -0.639528 0.074406
vn 0.765158 -0.537735 0.354082
vn -0.765158 -0.575512 0.288651
vn 0.765158 -0.384202 0.516645
vn -0.765158 -0.442080 0.468079
vn 0.765158 -0.184329 0.616892
vn -0.765158 -0.255326 0.591051
vn 0.765158 0.037777 0.642733
vn -0.765158 -0.037777 0.642733
vn 0.765158 0.255326 0.591051
vn -0.765158 0.184329 0.616892
vn 0.765158 0.442080 0.468079
vn -0.765158 0.384202 0.516645
vn 0.765158 0.575512 0.288651
vn -0.765158 0.537735 0.354082
vn 0.765158 0.639528 0.074406
vn -0.765158 0.626408 0.148813
vn 0.765158 0.626408 -0.148813
vn -0.765158 0.639528 -0.074406
vn 0.765158 0.537735 -0.354082
vn -0.765158 0.575512 -0.288651
vn 0.765158 0.384202 -0.516645
vn -0.765158 0.442080 -0.468079
vn 0.765158 0.184329 -0.616892
vn -0.765158 0.255326 -0.591051
vn 1.000000 0.000000 0.000000
vn -1.000000 0.000000 0.000000
vn 0.765158 -0.037777 -0.642733
vn -0.765158 0.037777 -0.642733
vn 0.765158 -0.255326 -0.591051
vn -0.765158 -0.184329 -0.616892
vn 0.765158 -0.442080 -0.468079
vn -0.765158 -0.384202 -0.516645
vn 0.765158 -0.575512 -0.288651
vn -0.765158 -0.537735 -0.354082
vn 0.765158 -0.639528 -0.074406
vn -0.765158 -0.626408 -0.148813
vn 0.765158 -0.626408 0.148813
vn -0.765158 -0.639528 0.074406
vn 0.765158 -0.537735 0.354082
vn -0.765158 -0.575512 0.288651
vn 0.765158 -0.384202 0.516645
vn -0.765158 -0.442080 0.468079
vn 0.765158 -0.184329 0.616892
vn -0.765158 -0.255326 0.591051
vn 0.765158 0.037777 0.642733
vn -0.765158 -0.037777 0.642733
vn 0.765158 0.255326 0.591051
vn -0.765158 0.184329 0.616892
vn 0.765158 0.442080 0.468079
vn -0.765158 0.384202 0.516645
vn 0.765158 0.575512 0.288651
vn -0.765158 0.537735 0.354082
vn 0.765158 0.639528 0.074406
vn -0.765158 0.626408 0.148813
vn 0.765158 0.626408 -0.148813
vn -0.765158 0.639528 -0.074406
vn 0.765158 0.537735 -0.354082
vn -0.765158 0.575512 -0.288651
vn 0.765158 0.384202 -0.516645
vn -0.765158 0.442080 -0.468079
vn 0.765158 0.184329 -0.616892
vn -0.765158 0.255326 -0.591051
vn 1.000000 0.000000 0.000000
vn -1.000000 0.000000 0.000000
vn 0.765158 -0.037777 -0.642733
vn -0.765158 0.037777 -0.642733
vn 0.765158 -0.255326 -0.591051
vn -0.765158 -0.184329 -0.616892
vn 0.765158 -0.442080 -0.468079
vn -0.765158 -0.384202 -0.516645
vn 0.765158 -0.575512 -0.288651
vn -0.765158 -0.537735 -0.354082
vn 0.765158 -0.639528 -0.074406
vn -0.765158 -0.626408 -0.148813
vn 0.765158 -0.626408 0.148813
vn -0.765158 -0.639528 0.074406
vn 0.765158 -0.537735 0.354082
vn -0.765158 -0.575512 0.288651
vn 0.765158 -0.384202 0.516645
vn -0.765158 -0.442080 0.468079
vn 0.765158 -0.184329 0.616892
vn -0.765158 -0.255326 0.591051
vn 0.765158 0.037777 0.642733
vn -0.765158 -0.037777 0.642733
vn 0.765158 0.255326 0.591051
vn -0.765158 0.184329 0.616892
vn 0.765158 0.442080 0.468079
vn -0.765158 0.384202 0.516645
vn 0.765158 0.575512 0.288651
vn -0.765158 0.537735 0.354082
vn 0.765158 0.639528 0.074406
vn -0.765158 0.626408 0.148813
vn 0.765158 0.626408 -0.148813
vn -0.765158 0.639528 -0.074406
vn 0.765158 0.537735 -0.354082
vn -0.765158 0.575512 -0.288651
vn 0.765158 0.384202 -0.516645
vn -0.765158 0.442080 -0.468079
vn 0.765158 0.184329 -0.616892
vn -0.765158 0.255326 -0.591051
vn 1.000000 0.000000 0.000000
vn -1.000000 0.000000 0.000000
vn 0.765158 -0.037777 -0.642733
vn -0.765158 0.037777 -0.642733
vn 0.765158 -0.255326 -0.591051
vn -0.765158 -0.184329 -0.616892
vn 0.765158 -0.442080 -0.468079
vn -0.765158 -0.384202 -0.516645
vn 0.765158 -0.575512 -0.288651
vn -0.765158 -0.537735 -0.354082
vn 0.765158 -0.639528 -0.074406
vn -0.765158 -0.626408 -0.148813
vn 0.765158 -0.626408 0.148813
vn -0.765158 -0.639528 0.074406
vn 0.765158 -0.537735 0.354082
vn -0.765158 -0.575512 0.288651
vn 0.765158 -0.384202 0.516645
vn -0.765158 -0.442080 0.468079
vn 0.765158 -0.184329 0.616892
vn -0.765158 -0.255326 0.591051
vn 0.765158 0.037777 0.642733
vn -0.765158 -0.037777 0.642733
vn 0.765158 0.255326 0.591051
vn -0.765158 0.184329 0.616892
vn 0.765158 0.442080 0.468079
vn -0.765158 0.384202 0.516645
vn 0.765158 0.575512 0.288651
vn -0.765158 0.537735 0.354082
vn 0.765158 0.639528 0.074406
vn -0.765158 0.626408 0.148813
vn 0.765158 0.626408 -0.148813
vn -0.765158 0.639528 -0.074406
vn 0.765158 0.537735 -0.354082
vn -0.765158 0.575512 -0.288651
vn 0.765158 0.384202 -0.516645
vn -0.765158 0.442080 -0.468079
vn 0.765158 0.184329 -0.616892
vn -0.765158 0.255326 -0.591051
vn 1.000000 0.000000 0.000000
vn -1.000000 0.000000 0.000000
vn 0.026104 0.941421 0.336222
vn -0.103887 0.936646 0.334517
vn -0.026104 -0.941421 0.336222
vn 0.103887 -0.936646 0.334517
vn 0.089889 0.810439 -0.578885
vn -0.027287 0.984061 -0.175725
vn -0.089889 -0.810439 -0.578885
vn 0.027287 -0.984061 -0.175725
vn 0.032282 0.927993 0.371197
vn -0.128129 0.920824 0.368329
vn -0.032282 -0.927993 0.371197
vn 0.128129 -0.920824 0.368329
vn 0.108019 0.776300 -0.621040
vn -0.034091 0.980011 -0.196002
vn -0.108019 -0.776300 -0.621040
vn 0.034091 -0.980011 -0.196002
vn 0.027961 0.922716 0.384465
vn -0.111194 0.917353 0.382230
vn -0.027961 -0.922716 0.384465
vn 0.111194 -0.917353 0.382230
vn 0.092717 0.764912 -0.637427
vn -0.029653 0.978550 -0.203865
vn -0.092717 -0.764912 -0.637427
vn 0.029653 -0.978550 -0.203865
vn 0.321084 0.943986 0.076128
vn -0.804847 0.591562 0.047707
vn -0.321084 -0.943986 0.076128
vn 0.804847 -0.591562 0.047707
vn 0.802113 0.589553 -0.095089
vn -0.321784 0.946044 -0.038147
vn -0.802113 -0.589553 -0.095089
vn 0.321784 -0.946044 -0.038147
vn 0.597792 0.797056 0.085705
vn -0.948135 0.316045 0.033983
vn -0.597792 -0.797056 0.085705
vn 0.948135 -0.316045 0.033983
vn 0.946497 0.315499 -0.067849
vn -0.599446 0.799261 -0.042971
vn -0.946497 -0.315499 -0.067849
vn 0.599446 -0.799261 -0.042971
vn 0.597792 0.797056 0.085705
vn -0.948135 0.316045 0.033983
vn -0.597792 -0.797056 0.085705
vn 0.948135 -0.316045 0.033983
vn 0.946497 0.315499 -0.067849
vn -0.599446 0.799261 -0.042971
vn -0.946497 -0.315499 -0.067849
vn 0.599446 -0.799261 -0.042971
vn 0.045913 0.775296 0.629928
vn -0.180816 0.763321 0.620199
vn -0.045913 -0.775296 0.629928
vn 0.180816 -0.763321 0.620199
vn 0.123203 0.520105 -0.845170
vn -0.054783 0.925075 -0.375812
vn -0.123203 -0.520105 -0.845170
vn 0.054783 -0.925075 -0.375812
vn 0.997957 0.063888 0.000000
vn 0.899757 0.436392 0.000000
vn 0.558110 0.829767 0.000000
vn -0.128373 0.991726 0.000000
vn -0.713632 0.700521 0.000000
vn -0.952361 0.304975 0.000000
vn -0.997789 -0.066454 0.000000
vn -0.851669 -0.524080 0.000000
vn -0.435859 -0.900015 0.000000
vn 0.092798 -0.995685 0.000000
vn 0.591438 -0.806350 0.000000
vn 0.934822 -0.355117 0.000000
vn 0.829938 0.026206 -0.557239
vn 0.819680 0.403616 -0.406472
vn 0.571422 0.810050 -0.131510
vn -0.000000 0.999260 -0.038454
vn -0.566450 0.769232 -0.295662
vn -0.783574 0.339124 -0.520583
vn -0.839001 -0.026492 -0.543484
vn -0.791103 -0.476801 -0.383166
vn -0.450400 -0.886789 -0.103657
vn 0.000000 -0.999616 -0.027696
vn 0.455026 -0.858221 -0.237503
vn 0.755233 -0.400073 -0.519196
vn 0.600368 0.038235 -0.798809
vn 0.569838 0.481477 -0.665931
vn 0.367566 0.887514 -0.277874
vn 0.000000 0.998955 -0.045700
vn -0.382277 0.877071 -0.290879
vn -0.587469 0.425738 -0.688206
vn -0.600483 -0.038242 -0.798722
vn -0.537453 -0.555834 -0.634187
vn -0.279313 -0.936695 -0.211156
vn -0.000000 -0.999458 -0.032921
vn 0.291938 -0.930283 -0.222139
vn 0.560131 -0.496852 -0.662866
vn 0.597224 0.038353 -0.801157
vn 0.505058 0.624364 -0.595891
vn 0.263026 0.943585 -0.201161
vn 0.000000 0.999526 -0.030782
vn -0.271170 0.939924 -0.207390
vn -0.524487 0.584792 -0.618815
vn -0.597224 -0.038353 -0.801157
vn -0.460802 -0.697255 -0.549087
vn -0.194586 -0.969531 -0.148818
vn 0.000000 -0.999754 -0.022168
vn 0.200964 -0.967466 -0.153696
vn 0.483234 -0.659485 -0.575817
vn 0.726243 0.033113 -0.686640
vn 0.484468 0.761888 -0.429904
vn 0.209201 0.968977 -0.131600
vn 0.000000 0.999859 -0.016803
vn -0.213822 0.971974 -0.097706
vn -0.510925 0.759512 -0.402613
vn -0.721208 -0.032883 -0.691938
vn -0.425400 -0.818850 -0.385382
vn -0.152890 -0.983552 -0.096177
vn 0.000000 -0.999927 -0.012099
vn 0.156042 -0.985173 -0.071304
vn 0.450438 -0.819584 -0.354102
vn 0.963714 0.012996 -0.266620
vn 0.498148 0.855494 -0.141347
vn 0.191279 0.980609 -0.042640
vn 0.000000 0.999990 -0.004460
vn -0.192339 0.981146 -0.018905
vn -0.505894 0.855916 -0.107143
vn -0.961178 -0.012962 -0.275625
vn -0.426217 -0.895923 -0.125141
vn -0.139012 -0.989806 -0.030989
vn 0.000000 -0.999995 -0.003211
vn 0.139747 -0.990092 -0.013736
vn 0.433096 -0.896885 -0.089589
vn 1.000000 -0.000000 0.000000
vn 0.500000 0.866025 0.000000
vn 0.188982 0.981981 0.000000
vn 0.000000 1.000000 0.000000
vn -0.188982 0.981981 0.000000
vn -0.500000 0.866025 0.000000
vn -1.000000 0.000000 0.000000
vn -0.426614 -0.904434 0.000000
vn -0.137253 -0.990536 0.000000
vn -0.000000 -1.000000 0.000000
vn 0.137253 -0.990536 0.000000
vn 0.426614 -0.904434 0.000000
vn 1.000000 -0.000000 0.000000
vn 0.500000 0.866025 0.000000
vn 0.188982 0.981981 0.000000
vn -0.000000 1.000000 0.000000
vn -0.188982 0.981981 0.000000
vn -0.500000 0.866025 0.000000
vn -1.000000 0.000000 0.000000
vn -0.426614 -0.904434 0.000000
vn -0.137253 -0.990536 0.000000
vn 0.000000 -1.000000 0.000000
vn 0.137253 -0.990536 0.000000
vn 0.426614 -0.904434 0.000000
vn 1.000000 -0.000000 0.000000
vn 0.500000 0.866025 0.000000
vn 0.188982 0.981981 0.000000
vn 0.000000 1.000000 0.000000
vn -0.188982 0.981981 0.000000
vn -0.500000 0.866025 0.000000
vn -1.000000 0.000000 0.000000
vn -0.426614 -0.904434 0.000000
vn -0.137253 -0.990536 0.000000
vn -0.000000 -1.000000 0.000000
vn 0.137253 -0.990536 0.000000
vn 0.426614 -0.904434 0.000000
vn 1.000000 -0.000000 0.000000
vn 0.500000 0.866025 0.000000
vn 0.188982 0.981981 0.000000
vn -0.000000 1.000000 0.000000
vn -0.188982 0.981981 0.000000
vn -0.500000 0.866025 0.000000
vn -1.000000 0.000000 0.000000
vn -0.426614 -0.904434 0.000000
vn -0.137253 -0.990536 0.000000
vn 0.000000 -1.000000 0.000000
vn 0.137253 -0.990536 0.000000
vn 0.426614 -0.904434 0.000000
vn 1.000000 -0.000000 0.000000
vn 0.500000 0.866025 0.000000
vn 0.188982 0.981981 0.000000
vn 0.000000 1.000000 0.000000
vn -0.188982 0.981981 0.000000
vn -0.500000 0.866025 0.000000
vn -1.000000 0.000000 0.000000
vn -0.426614 -0.904434 0.000000
vn -0.137253 -0.990536 0.000000
vn -0.000000 -1.000000 0.000000
vn 0.137253 -0.990536 0.000000
vn 0.426614 -0.904434 0.000000
vn 1.000000 -0.000000 0.000000
vn 0.500000 0.866025 0.000000
vn 0.188982 0.981981 0.000000
vn -0.000000 1.000000 0.000000
vn -0.188982 0.981981 0.000000
vn -0.500000 0.866025 0.000000
vn -1.000000 0.000000 0.000000
vn -0.426614 -0.904434 0.000000
vn -0.137253 -0.990536 0.000000
vn 0.000000 -1.000000 0.000000
vn 0.137253 -0.990536 0.000000
vn 0.426614 -0.904434 0.000000
vn 1.000000 -0.000000 0.000000
vn 0.500000 0.866025 0.000000
vn 0.188982 0.981981 0.000000
vn 0.000000 1.000000 0.000000
vn -0.188982 0.981981 0.000000
vn -0.500000 0.866025 0.000000
vn -1.000000 0.000000 0.000000
vn -0.426614 -0.904434 0.000000
vn -0.137253 -0.990536 0.000000
vn -0.000000 -1.000000 0.000000
vn 0.137253 -0.990536 0.000000
vn 0.426614 -0.904434 0.000000
vn 1.000000 -0.000000 0.000000
vn 0.500000 0.866025 0.000000
vn 0.188982 0.981981 0.000000
vn 0.000000 1.000000 0.000000
vn -0.188982 0.981981 0.000000
vn -0.500000 0.866025 0.000000
vn -1.000000 0.000000 0.000000
vn -0.426614 -0.904434 0.000000
vn -0.137253 -0.990536 0.000000
vn 0.000000 -1.000000 0.000000
vn 0.137253 -0.990536 0.000000
vn 0.426614 -0.904434 0.000000
vn 1.000000 -0.000000 0.000000
vn 0.500000 0.866025 0.000000
vn 0.188982 0.981981 0.000000
vn 0.000000 1.000000 0.000000
vn -0.188982 0.981981 0.000000
vn -0.500000 0.866025 0.000000
vn -1.000000 0.000000 0.000000
vn -0.426614 -0.904434 0.000000
vn -0.137253 -0.990536 0.000000
vn 0.000000 -1.000000 0.000000
vn 0.137253 -0.990536 0.000000
vn 0.426614 -0.904434 0.000000
vn 1.000000 -0.000000 0.000000
vn 0.500000 0.866025 0.000000
vn 0.188982 0.981981 0.000000
vn -0.000000 1.000000 0.000000
vn -0.188982 0.981981 0.000000
vn -0.500000 0.866025 0.000000
vn -1.000000 -0.000000 0.000000
vn -0.426614 -0.904434 0.000000
vn -0.137253 -0.990536 0.000000
vn 0.000000 -1.000000 0.000000
vn 0.137253 -0.990536 0.000000
vn 0.426614 -0.904434 0.000000
vn 1.000000 -0.000000 0.000000
vn 0.500000 0.866025 0.000000
vn 0.188982 0.981981 0.000000
vn 0.000000 1.000000 0.000000
vn -0.188982 0.981981 0.000000
vn -0.500000 0.866025 0.000000
vn -1.000000 0.000000 0.000000
vn -0.426614 -0.904434 0.000000
vn -0.137253 -0.990536 0.000000
vn -0.000000 -1.000000 0.000000
vn 0.137253 -0.990536 0.000000
vn 0.426614 -0.904434 0.000000
vn 1.000000 -0.000000 0.000000
vn 0.500000 0.866025 0.000000
vn 0.188982 0.981981 0.000000
vn 0.000000 1.000000 0.000000
vn -0.188982 0.981981 0.000000
vn -0.500000 0.866025 0.000000
vn -1.000000 0.000000 0.000000
vn -0.426614 -0.904434 0.000000
vn -0.137253 -0.990536 0.000000
vn 0.000000 -1.000000 0.000000
vn 0.137253 -0.990536 0.000000
vn 0.426614 -0.904434 0.000000
vn 1.000000 -0.000000 0.000000
vn 0.500000 0.866025 0.000000
vn 0.188982 0.981981 0.000000
vn 0.000000 1.000000 0.000000
vn -0.188982 0.981981 0.000000
vn -0.500000 0.866025 0.000000
vn -1.000000 0.000000 0.000000
vn -0.426614 -0.904434 0.000000
vn -0.137253 -0.990536 0.000000
vn 0.000000 -1.000000 0.000000
vn 0.137253 -0.990536 0.000000
vn 0.426614 -0.904434 0.000000
vn 1.000000 -0.000000 0.000000
vn 0.500000 0.866025 0.000000
vn 0.188982 0.981981 0.000000
vn -0.000000 1.000000 0.000000
vn -0.188982 0.981981 0.000000
vn -0.500000 0.866025 0.000000
vn -1.000000 -0.000000 0.000000
vn -0.426614 -0.904434 0.000000
vn -0.137253 -0.990536 0.000000
vn 0.000000 -1.000000 0.000000
vn 0.137253 -0.990536 0.000000
vn 0.426614 -0.904434 0.000000
vn 1.000000 -0.000000 0.000000
vn 0.500000 0.866025 0.000000
vn 0.188982 0.981981 0.000000
vn 0.000000 1.000000 0.000000
vn -0.188982 0.981981 0.000000
vn -0.500000 0.866025 0.000000
vn -1.000000 0.000000 0.000000
vn -0.426614 -0.904434 0.000000
vn -0.137253 -0.990536 0.000000
vn -0.000000 -1.000000 0.000000
vn 0.137253 -0.990536 0.000000
vn 0.426614 -0.904434 0.000000
vn 0.961178 -0.012962 0.275625
vn 0.505894 0.855916 0.107143
vn 0.192339 0.981146 0.018905
vn 0.000000 0.999990 0.004460
vn -0.191279 0.980609 0.042640
vn -0.498148 0.855494 0.141347
vn -0.963714 0.012996 0.266620
vn -0.433096 -0.896885 0.089589
vn -0.139747 -0.990092 0.013736
vn 0.000000 -0.999995 0.003211
vn 0.139012 -0.989806 0.030989
vn 0.426217 -0.895923 0.125141
vn 0.721208 -0.032883 0.691938
vn 0.510925 0.759512 0.402613
vn 0.213822 0.971974 0.097706
vn 0.000000 0.999859 0.016803
vn -0.209201 0.968977 0.131600
vn -0.484468 0.761888 0.429904
vn -0.726243 0.033113 0.686640
vn -0.450438 -0.819584 0.354102
vn -0.156042 -0.985173 0.071304
vn 0.000000 -0.999927 0.012099
vn 0.152890 -0.983552 0.096177
vn 0.425400 -0.818850 0.385382
vn 0.597224 -0.038353 0.801157
vn 0.524487 0.584792 0.618815
vn 0.271170 0.939924 0.207390
vn -0.000000 0.999526 0.030782
vn -0.263026 0.943585 0.201161
vn -0.505058 0.624364 0.595891
vn -0.597224 0.038353 0.801157
vn -0.483234 -0.659485 0.575817
vn -0.200964 -0.967466 0.153696
vn 0.000000 -0.999754 0.022168
vn 0.194586 -0.969531 0.148818
vn 0.460802 -0.697255 0.549087
vn 0.600483 -0.038242 0.798722
vn 0.587469 0.425738 0.688206
vn 0.382277 0.877071 0.290879
vn 0.000000 0.998955 0.045700
vn -0.367566 0.887514 0.277874
vn -0.569838 0.481477 0.665931
vn -0.600368 0.038235 0.798809
vn -0.560131 -0.496852 0.662866
vn -0.291938 -0.930283 0.222139
vn -0.000000 -0.999458 0.032921
vn 0.279313 -0.936695 0.211156
vn 0.537453 -0.555834 0.634187
vn 0.839001 -0.026492 0.543484
vn 0.783574 0.339124 0.520583
vn 0.566450 0.769232 0.295662
vn 0.000000 0.999260 0.038454
vn -0.571422 0.810050 0.131510
vn -0.819680 0.403616 0.406472
vn -0.829938 0.026206 0.557239
vn -0.755233 -0.400073 0.519196
vn -0.455026 -0.858221 0.237503
vn 0.000000 -0.999616 0.027696
vn 0.450400 -0.886789 0.103657
vn 0.791103 -0.476801 0.383166
vn 0.997789 -0.066454 0.000000
vn 0.952361 0.304975 0.000000
vn 0.713632 0.700521 0.000000
vn 0.128373 0.991726 0.000000
vn -0.558110 0.829767 0.000000
vn -0.899757 0.436392 0.000000
vn -0.997957 0.063888 0.000000
vn -0.934822 -0.355117 0.000000
vn -0.591438 -0.806350 0.000000
vn -0.092798 -0.995685 0.000000
vn 0.435859 -0.900015 0.000000
vn 0.851669 -0.524080 0.000000
vn 0.860558 0.147713 -0.487465
vn 0.496428 0.851080 -0.170943
vn -0.779550 0.479765 -0.402651
vn -0.853645 -0.156707 -0.496722
vn -0.425552 -0.892991 -0.146537
vn 0.738366 -0.556207 -0.381379
vn 0.745238 0.098155 -0.659535
vn 0.487367 0.825993 -0.283212
vn -0.513044 0.746731 -0.423295
vn -0.749747 -0.098749 -0.654315
vn -0.421039 -0.873421 -0.244668
vn 0.453864 -0.808568 -0.374467
vn 0.806458 0.088706 -0.584600
vn 0.323999 0.912826 -0.248542
vn -0.353174 0.924437 -0.143823
vn -0.799571 -0.087948 -0.594098
vn -0.272364 -0.939236 -0.208932
vn 0.295781 -0.947631 -0.120450
vn 0.990231 0.021081 -0.137835
vn 0.296992 0.953537 -0.050628
vn -0.300630 0.953588 -0.017083
vn -0.989442 -0.021064 -0.143388
vn -0.246388 -0.968261 -0.042001
vn 0.249402 -0.968296 -0.014172
vn 1.000000 -0.000000 0.000000
vn 0.294141 0.955762 0.000000
vn -0.294141 0.955762 0.000000
vn -1.000000 0.000000 0.000000
vn -0.243845 -0.969814 0.000000
vn 0.243845 -0.969814 0.000000
vn 0.989442 -0.021064 0.143388
vn 0.300630 0.953588 0.017083
vn -0.296992 0.953537 0.050628
vn -0.990231 0.021081 0.137835
vn -0.249402 -0.968296 0.014172
vn 0.246388 -0.968261 0.042001
vn 0.799571 -0.087948 0.594098
vn 0.353174 0.924437 0.143823
vn -0.323999 0.912826 0.248542
vn -0.806458 0.088706 0.584600
vn -0.295781 -0.947631 0.120450
vn 0.272364 -0.939236 0.208932
vn 0.749747 -0.098749 0.654315
vn 0.513044 0.746731 0.423295
vn -0.487367 0.825993 0.283212
vn -0.745238 0.098155 0.659535
vn -0.453864 -0.808568 0.374467
vn 0.421039 -0.873421 0.244668
vn 0.853645 -0.156707 0.496722
vn 0.779550 0.479765 0.402651
vn -0.496428 0.851080 0.170943
vn -0.860558 0.147713 0.487465
vn -0.738366 -0.556207 0.381379
vn 0.425552 -0.892991 0.146537
vn 0.764444 -0.057353 -0.642133
vn -0.764444 0.057353 -0.642133
vn 0.764444 -0.370736 -0.527427
vn -0.764444 -0.271397 -0.584780
vn 0.764444 -0.584780 -0.271397
vn -0.764444 -0.527427 -0.370736
vn 0.764444 -0.642133 0.057353
vn -0.764444 -0.642133 -0.057353
vn 0.764444 -0.527427 0.370736
vn -0.764444 -0.584780 0.271397
vn 0.764444 -0.271397 0.584780
vn -0.764444 -0.370736 0.527427
vn 0.764444 0.057353 0.642133
vn -0.764444 -0.057353 0.642133
vn 0.764444 0.370736 0.527427
vn -0.764444 0.271397 0.584780
vn 0.764444 0.584780 0.271397
vn -0.764444 0.527427 0.370736
vn 0.764444 0.642133 -0.057353
vn -0.764444 0.642133 0.057353
vn 0.764444 0.527427 -0.370736
vn -0.764444 0.584780 -0.271397
vn 0.764444 0.271397 -0.584780
vn -0.764444 0.370736 -0.527427
vn 1.000000 0.000000 0.000000
vn -1.000000 0.000000 0.000000
vn 0.764444 -0.057353 -0.642133
vn -0.764444 0.057353 -0.642133
vn 0.764444 -0.370736 -0.527427
vn -0.764444 -0.271397 -0.584780
vn 0.764444 -0.584780 -0.271397
vn -0.764444 -0.527427 -0.370736
vn 0.764444 -0.642133 0.057353
vn -0.764444 -0.642133 -0.057353
vn 0.764444 -0.527427 0.370736
vn -0.764444 -0.584780 0.271397
vn 0.764444 -0.271397 0.584780
vn -0.764444 -0.370736 0.527427
vn 0.764444 0.057353 0.642133
vn -0.764444 -0.057353 0.642133
vn 0.764444 0.370736 0.527427
vn -0.764444 0.271397 0.584780
vn 0.764444 0.584780 0.271397
vn -0.764444 0.527427 0.370736
vn 0.764444 0.642133 -0.057353
vn -0.764444 0.642133 0.057353
vn 0.764444 0.527427 -0.370736
vn -0.764444 0.584780 -0.271397
vn 0.764444 0.271397 -0.584780
vn -0.764444 0.370736 -0.527427
vn 1.000000 0.000000 0.000000
vn -1.000000 0.000000 0.000000
vn 0.764444 -0.057353 -0.642133
vn -0.764444 0.057353 -0.642133
vn 0.764444 -0.370736 -0.527427
vn -0.764444 -0.271397 -0.584780
vn 0.764444 -0.584780 -0.271397
vn -0.764444 -0.527427 -0.370736
vn 0.764444 -0.642133 0.057353
vn -0.764444 -0.642133 -0.057353
vn 0.764444 -0.527427 0.370736
vn -0.764444 -0.584780 0.271397
vn 0.764444 -0.271397 0.584780
vn -0.764444 -0.370736 0.527427
vn 0.764444 0.057353 0.642133
vn -0.764444 -0.057353 0.642133
vn 0.764444 0.370736 0.527427
vn -0.764444 0.271397 0.584780
vn 0.764444 0.584780 0.271397
vn -0.764444 0.527427 0.370736
vn 0.764444 0.642133 -0.057353
vn -0.764444 0.642133 0.057353
vn 0.764444 0.527427 -0.370736
vn -0.764444 0.584780 -0.271397
vn 0.764444 0.271397 -0.584780
vn -0.764444 0.370736 -0.527427
vn 1.000000 0.000000 0.000000
vn -1.000000 0.000000 0.000000
vn 0.764444 -0.057353 -0.642133
vn -0.764444 0.057353 -0.642133
vn 0.764444 -0.370736 -0.527427
vn -0.764444 -0.271397 -0.584780
vn 0.764444 -0.584780 -0.271397
vn -0.764444 -0.527427 -0.370736
vn 0.764444 -0.642133 0.057353
vn -0.764444 -0.642133 -0.057353
vn 0.764444 -0.527427 0.370736
vn -0.764444 -0.584780 0.271397
vn 0.764444 -0.271397 0.584780
vn -0.764444 -0.370736 0.527427
vn 0.764444 0.057353 0.642133
vn -0.764444 -0.057353 0.642133
vn 0.764444 0.370736 0.527427
vn -0.764444 0.271397 0.584780
vn 0.764444 0.584780 0.271397
vn -0.764444 0.527427 0.370736
vn 0.764444 0.642133 -0.057353
vn -0.764444 0.642133 0.057353
vn 0.764444 0.527427 -0.370736
vn -0.764444 0.584780 -0.271397
vn 0.764444 0.271397 -0.584780
vn -0.764444 0.370736 -0.527427
vn 1.000000 0.000000 0.000000
vn -1.000000 0.000000 0.000000
vn 0.026104 0.941421 0.336222
vn -0.103887 0.936646 0.334517
vn -0.026104 -0.941421 0.336222
vn 0.103887 -0.936646 0.334517
vn 0.089889 0.810439 -0.578885
vn -0.027287 0.984061 -0.175725
vn -0.089889 -0.810439 -0.578885
vn 0.027287 -0.984061 -0.175725
vn 0.032282 0.927993 0.371197
vn -0.128129 0.920824 0.368329
vn -0.032282 -0.927993 0.371197
vn 0.128129 -0.920824 0.368329
vn 0.108019 0.776300 -0.621040
vn -0.034091 0.980011 -0.196002
vn -0.108019 -0.776300 -0.621040
vn 0.034091 -0.980011 -0.196002
vn 0.027961 0.922716 0.384465
vn -0.111194 0.917353 0.382230
vn -0.027961 -0.922716 0.384465
vn 0.111194 -0.917353 0.382230
vn 0.092717 0.764912 -0.637427
vn -0.029653 0.978550 -0.203865
vn -0.092717 -0.764912 -0.637427
vn 0.029653 -0.978550 -0.203865
vn 0.321084 0.943986 0.076128
vn -0.804847 0.591562 0.047707
vn -0.321084 -0.943986 0.076128
vn 0.804847 -0.591562 0.047707
vn 0.802113 0.589553 -0.095089
vn -0.321784 0.946044 -0.038147
vn -0.802113 -0.589553 -0.095089
vn 0.321784 -0.946044 -0.038147
vn 0.597792 0.797056 0.085705
vn -0.948135 0.316045 0.033983
vn -0.597792 -0.797056 0.085705
vn 0.948135 -0.316045 0.033983
vn 0.946497 0.315499 -0.067849
vn -0.599446 0.799261 -0.042971
vn -0.946497 -0.315499 -0.067849
vn 0.599446 -0.799261 -0.042971
vn 0.597792 0.797056 0.085705
vn -0.948135 0.316045 0.033983
vn -0.597792 -0.797056 0.085705
vn 0.948135 -0.316045 0.033983
vn 0.946497 0.315499 -0.067849
vn -0.599446 0.799261 -0.042971
vn -0.946497 -0.315499 -0.067849
vn 0.599446 -0.799261 -0.042971
vn 0.045913 0.775296 0.629928
vn -0.180816 0.763321 0.620199
vn -0.045913 -0.775296 0.629928
vn 0.180816 -0.763321 0.620199
vn 0.123203 0.520105 -0.845170
vn -0.054783 0.925075 -0.375812
vn -0.123203 -0.520105 -0.845170
vn 0.054783 -0.925075 -0.375812
vn 0.818450 0.175620 -0.547081
vn 0.581596 0.778163 -0.237081
vn -0.143387 0.986777 -0.075569
vn -0.742832 0.487674 -0.458666
vn -0.813785 -0.185132 -0.550891
vn -0.495097 -0.843889 -0.206713
vn 0.103898 -0.993079 -0.054757
vn 0.702292 -0.563358 -0.435216
vn 0.710241 0.120056 -0.693645
vn 0.471580 0.821021 -0.321770
vn 0.000000 0.997817 -0.066033
vn -0.516605 0.738836 -0.432714
vn -0.715020 -0.120864 -0.688577
vn -0.402746 -0.872116 -0.277865
vn -0.000000 -0.998867 -0.047593
vn 0.452215 -0.804412 -0.385257
vn 0.836489 0.096063 -0.539498
vn 0.326857 0.918947 -0.220685
vn -0.000000 0.999653 -0.026336
vn -0.356025 0.925771 -0.127259
vn -0.825949 -0.094852 -0.555708
vn -0.270139 -0.944634 -0.186259
vn -0.000000 -0.999820 -0.018965
vn 0.293759 -0.950076 -0.105171
vn 0.999684 0.004416 -0.024754
vn 0.316762 0.948468 -0.008387
vn 0.000000 1.000000 -0.000917
vn -0.317545 0.948234 -0.004204
vn -0.999654 -0.004415 -0.025913
vn -0.259322 -0.965766 -0.007015
vn -0.000000 -1.000000 -0.000660
vn 0.259984 -0.965607 -0.003442
vn 1.000000 -0.000000 0.000000
vn 0.316228 0.948683 0.000000
vn -0.000000 1.000000 0.000000
vn -0.316228 0.948683 0.000000
vn -1.000000 0.000000 0.000000
vn -0.258865 -0.965914 0.000000
vn -0.000000 -1.000000 0.000000
vn 0.258865 -0.965914 0.000000
vn 1.000000 -0.000000 0.000000
vn 0.316228 0.948683 0.000000
vn 0.000000 1.000000 0.000000
vn -0.316228 0.948683 0.000000
vn -1.000000 0.000000 0.000000
vn -0.258865 -0.965914 0.000000
vn -0.000000 -1.000000 0.000000
vn 0.258865 -0.965914 0.000000
vn 1.000000 -0.000000 0.000000
vn 0.316228 0.948683 0.000000
vn -0.000000 1.000000 0.000000
vn -0.316228 0.948683 0.000000
vn -1.000000 0.000000 0.000000
vn -0.258865 -0.965914 0.000000
vn -0.000000 -1.000000 0.000000
vn 0.258865 -0.965914 0.000000
vn 1.000000 -0.000000 0.000000
vn 0.316228 0.948683 0.000000
vn 0.000000 1.000000 0.000000
vn -0.316228 0.948683 0.000000
vn -1.000000 0.000000 0.000000
vn -0.258865 -0.965914 0.000000
vn -0.000000 -1.000000 0.000000
vn 0.258865 -0.965914 0.000000
vn 1.000000 -0.000000 0.000000
vn 0.316228 0.948683 0.000000
vn -0.000000 1.000000 0.000000
vn -0.316228 0.948683 0.000000
vn -1.000000 0.000000 0.000000
vn -0.258865 -0.965914 0.000000
vn -0.000000 -1.000000 0.000000
vn 0.258865 -0.965914 0.000000
vn 0.999654 -0.004415 0.025913
vn 0.317545 0.948234 0.004204
vn 0.000000 1.000000 0.000917
vn -0.316762 0.948468 0.008387
vn -0.999684 0.004416 0.024754
vn -0.259984 -0.965607 0.003442
vn -0.000000 -1.000000 0.000660
vn 0.259322 -0.965766 0.007015
vn 0.825949 -0.094852 0.555708
vn 0.356025 0.925771 0.127259
vn 0.000000 0.999653 0.026336
vn -0.326857 0.918947 0.220685
vn -0.836489 0.096063 0.539498
vn -0.293759 -0.950076 0.105171
vn -0.000000 -0.999820 0.018965
vn 0.270139 -0.944634 0.186259
vn 0.715020 -0.120864 0.688577
vn 0.516605 0.738836 0.432714
vn -0.000000 0.997817 0.066033
vn -0.471580 0.821021 0.321770
vn -0.710241 0.120056 0.693645
vn -0.452215 -0.804412 0.385257
vn -0.000000 -0.998867 0.047593
vn 0.402746 -0.872116 0.277865
vn 0.813785 -0.185132 0.550891
vn 0.742832 0.487674 0.458666
vn 0.143387 0.986777 0.075569
vn -0.581596 0.778163 0.237081
vn -0.818450 0.175620 0.547081
vn -0.702292 -0.563358 0.435216
vn -0.103898 -0.993079 0.054757
vn 0.495097 -0.843889 0.206713
vn 0.799006 0.182864 -0.572844
vn 0.432809 0.881529 -0.188631
vn -0.723227 0.503385 -0.472806
vn -0.790000 -0.193364 -0.581816
vn -0.367484 -0.916135 -0.160161
vn 0.681491 -0.580586 -0.445521
vn 0.787891 0.120546 -0.603901
vn 0.417274 0.873992 -0.249041
vn -0.461536 0.838393 -0.289969
vn -0.788485 -0.120637 -0.603107
vn -0.355139 -0.910467 -0.211956
vn 0.397202 -0.883151 -0.249550
vn 0.927674 0.074609 -0.365862
vn 0.303405 0.941526 -0.146543
vn -0.319926 0.946041 -0.051507
vn -0.922507 -0.074194 -0.378783
vn -0.252696 -0.959817 -0.122050
vn 0.266064 -0.963003 -0.042836
vn 1.000000 -0.000000 0.000000
vn 0.294141 0.955762 0.000000
vn -0.294141 0.955762 0.000000
vn -1.000000 0.000000 0.000000
vn -0.243845 -0.969814 0.000000
vn 0.243845 -0.969814 0.000000
vn 0.922507 -0.074194 0.378783
vn 0.319926 0.946041 0.051507
vn -0.303405 0.941526 0.146543
vn -0.927674 0.074609 0.365862
vn -0.266064 -0.963003 0.042836
vn 0.252696 -0.959817 0.122050
vn 0.788485 -0.120637 0.603107
vn 0.461536 0.838393 0.289969
vn -0.417274 0.873992 0.249041
vn -0.787891 0.120546 0.603901
vn -0.397202 -0.883151 0.249550
vn 0.355139 -0.910467 0.211956
vn 0.790000 -0.193364 0.581816
vn 0.723227 0.503385 0.472806
vn -0.432809 0.881529 0.188631
vn -0.799006 0.182864 0.572844
vn -0.681491 -0.580586 0.445521
vn 0.367484 -0.916135 0.160161
vn 0.762703 -0.088458 -0.640671
vn -0.762703 0.088458 -0.640671
vn 0.762703 -0.515572 -0.390473
vn -0.762703 -0.390473 -0.515572
vn 0.762703 -0.640671 0.088458
vn -0.762703 -0.640671 -0.088458
vn 0.762703 -0.390473 0.515572
vn -0.762703 -0.515572 0.390473
vn 0.762703 0.088458 0.640671
vn -0.762703 -0.088458 0.640671
vn 0.762703 0.515572 0.390473
vn -0.762703 0.390473 0.515572
vn 0.762703 0.640671 -0.088458
vn -0.762703 0.640671 0.088458
vn 0.762703 0.390473 -0.515572
vn -0.762703 0.515572 -0.390473
vn 1.000000 0.000000 0.000000
vn -1.000000 0.000000 0.000000
vn 0.762703 -0.088458 -0.640671
vn -0.762703 0.088458 -0.640671
vn 0.762703 -0.515572 -0.390473
vn -0.762703 -0.390473 -0.515572
vn 0.762703 -0.640671 0.088458
vn -0.762703 -0.640671 -0.088458
vn 0.762703 -0.390473 0.515572
vn -0.762703 -0.515572 0.390473
vn 0.762703 0.088458 0.640671
vn -0.762703 -0.088458 0.640671
vn 0.762703 0.515572 0.390473
vn -0.762703 0.390473 0.515572
vn 0.762703 0.640671 -0.088458
vn -0.762703 0.640671 0.088458
vn 0.762703 0.390473 -0.515572
vn -0.762703 0.515572 -0.390473
vn 1.000000 0.000000 0.000000
vn -1.000000 0.000000 0.000000
vn 0.762703 -0.088458 -0.640671
vn -0.762703 0.088458 -0.640671
vn 0.762703 -0.515572 -0.390473
vn -0.762703 -0.390473 -0.515572
vn 0.762703 -0.640671 0.088458
vn -0.762703 -0.640671 -0.088458
vn 0.762703 -0.390473 0.515572
vn -0.762703 -0.515572 0.390473
vn 0.762703 0.088458 0.640671
vn -0.762703 -0.088458 0.640671
vn 0.762703 0.515572 0.390473
vn -0.762703 0.390473 0.515572
vn 0.762703 0.640671 -0.088458
vn -0.762703 0.640671 0.088458
vn 0.762703 0.390473 -0.515572
vn -0.762703 0.515572 -0.390473
vn 1.000000 0.000000 0.000000
vn -1.000000 0.000000 0.000000
vn 0.762703 -0.088458 -0.640671
vn -0.762703 0.088458 -0.640671
vn 0.762703 -0.515572 -0.390473
vn -0.762703 -0.390473 -0.515572
vn 0.762703 -0.640671 0.088458
vn -0.762703 -0.640671 -0.088458
vn 0.762703 -0.390473 0.515572
vn -0.762703 -0.515572 0.390473
vn 0.762703 0.088458 0.640671
vn -0.762703 -0.088458 0.640671
vn 0.762703 0.515572 0.390473
vn -0.762703 0.390473 0.515572
vn 0.762703 0.640671 -0.088458
vn -0.762703 0.640671 0.088458
vn 0.762703 0.390473 -0.515572
vn -0.762703 0.515572 -0.390473
vn 1.000000 0.000000 0.000000
vn -1.000000 0.000000 0.000000
vn 0.026104 0.941421 0.336222
vn -0.103887 0.936646 0.334517
vn -0.026104 -0.941421 0.336222
vn 0.103887 -0.936646 0.334517
vn 0.089889 0.810439 -0.578885
vn -0.027287 0.984061 -0.175725
vn -0.089889 -0.810439 -0.578885
vn 0.027287 -0.984061 -0.175725
vn 0.032282 0.927993 0.371197
vn -0.128129 0.920824 0.368329
vn -0.032282 -0.927993 0.371197
vn 0.128129 -0.920824 0.368329
vn 0.108019 0.776300 -0.621040
vn -0.034091 0.980011 -0.196002
vn -0.108019 -0.776300 -0.621040
vn 0.034091 -0.980011 -0.196002
vn 0.027961 0.922716 0.384465
vn -0.111194 0.917353 0.382230
vn -0.027961 -0.922716 0.384465
vn 0.111194 -0.917353 0.382230
vn 0.092717 0.764912 -0.637427
vn -0.029653 0.978550 -0.203865
vn -0.092717 -0.764912 -0.637427
vn 0.029653 -0.978550 -0.203865
vn 0.321084 0.943986 0.076128
vn -0.804847 0.591562 0.047707
vn -0.321084 -0.943986 0.076128
vn 0.804847 -0.591562 0.047707
vn 0.802113 0.589553 -0.095089
vn -0.321784 0.946044 -0.038147
vn -0.802113 -0.589553 -0.095089
vn 0.321784 -0.946044 -0.038147
vn 0.597792 0.797056 0.085705
vn -0.948135 0.316045 0.033983
vn -0.597792 -0.797056 0.085705
vn 0.948135 -0.316045 0.033983
vn 0.946497 0.315499 -0.067849
vn -0.599446 0.799261 -0.042971
vn -0.946497 -0.315499 -0.067849
vn 0.599446 -0.799261 -0.042971
vn 0.597792 0.797056 0.085705
vn -0.948135 0.316045 0.033983
vn -0.597792 -0.797056 0.085705
vn 0.948135 -0.316045 0.033983
vn 0.946497 0.315499 -0.067849
vn -0.599446 0.799261 -0.042971
vn -0.946497 -0.315499 -0.067849
vn 0.599446 -0.799261 -0.042971
vn 0.045913 0.775296 0.629928
vn -0.180816 0.763321 0.620199
vn -0.045913 -0.775296 0.629928
vn 0.180816 -0.763321 0.620199
vn 0.123203 0.520105 -0.845170
vn -0.054783 0.925075 -0.375812
vn -0.123203 -0.520105 -0.845170
vn 0.054783 -0.925075 -0.375812
o Rival_01_WedgeCoupe_LOD0
s 1
usemtl BodyPaint
f 1/1/1 2/2/2 20/20/20
f 1/1/1 20/20/20 19/19/19
f 2/2/2 3/3/3 21/21/21
f 2/2/2 21/21/21 20/20/20
f 3/3/3 4/4/4 22/22/22
f 3/3/3 22/22/22 21/21/21
f 4/4/4 5/5/5 23/23/23
f 4/4/4 23/23/23 22/22/22
f 5/5/5 6/6/6 24/24/24
f 5/5/5 24/24/24 23/23/23
f 6/6/6 7/7/7 25/25/25
f 6/6/6 25/25/25 24/24/24
f 7/7/7 8/8/8 26/26/26
f 7/7/7 26/26/26 25/25/25
f 8/8/8 9/9/9 27/27/27
f 8/8/8 27/27/27 26/26/26
f 9/9/9 10/10/10 28/28/28
f 9/9/9 28/28/28 27/27/27
f 10/10/10 11/11/11 29/29/29
f 10/10/10 29/29/29 28/28/28
f 11/11/11 12/12/12 30/30/30
f 11/11/11 30/30/30 29/29/29
f 12/12/12 13/13/13 31/31/31
f 12/12/12 31/31/31 30/30/30
f 13/13/13 14/14/14 32/32/32
f 13/13/13 32/32/32 31/31/31
f 14/14/14 15/15/15 33/33/33
f 14/14/14 33/33/33 32/32/32
f 15/15/15 16/16/16 34/34/34
f 15/15/15 34/34/34 33/33/33
f 16/16/16 17/17/17 35/35/35
f 16/16/16 35/35/35 34/34/34
f 17/17/17 18/18/18 36/36/36
f 17/17/17 36/36/36 35/35/35
f 18/18/18 1/1/1 19/19/19
f 18/18/18 19/19/19 36/36/36
f 19/19/19 20/20/20 38/38/38
f 19/19/19 38/38/38 37/37/37
f 20/20/20 21/21/21 39/39/39
f 20/20/20 39/39/39 38/38/38
f 21/21/21 22/22/22 40/40/40
f 21/21/21 40/40/40 39/39/39
f 22/22/22 23/23/23 41/41/41
f 22/22/22 41/41/41 40/40/40
f 23/23/23 24/24/24 42/42/42
f 23/23/23 42/42/42 41/41/41
f 24/24/24 25/25/25 43/43/43
f 24/24/24 43/43/43 42/42/42
f 25/25/25 26/26/26 44/44/44
f 25/25/25 44/44/44 43/43/43
f 26/26/26 27/27/27 45/45/45
f 26/26/26 45/45/45 44/44/44
f 27/27/27 28/28/28 46/46/46
f 27/27/27 46/46/46 45/45/45
f 28/28/28 29/29/29 47/47/47
f 28/28/28 47/47/47 46/46/46
f 29/29/29 30/30/30 48/48/48
f 29/29/29 48/48/48 47/47/47
f 30/30/30 31/31/31 49/49/49
f 30/30/30 49/49/49 48/48/48
f 31/31/31 32/32/32 50/50/50
f 31/31/31 50/50/50 49/49/49
f 32/32/32 33/33/33 51/51/51
f 32/32/32 51/51/51 50/50/50
f 33/33/33 34/34/34 52/52/52
f 33/33/33 52/52/52 51/51/51
f 34/34/34 35/35/35 53/53/53
f 34/34/34 53/53/53 52/52/52
f 35/35/35 36/36/36 54/54/54
f 35/35/35 54/54/54 53/53/53
f 36/36/36 19/19/19 37/37/37
f 36/36/36 37/37/37 54/54/54
f 37/37/37 38/38/38 56/56/56
f 37/37/37 56/56/56 55/55/55
f 38/38/38 39/39/39 57/57/57
f 38/38/38 57/57/57 56/56/56
f 39/39/39 40/40/40 58/58/58
f 39/39/39 58/58/58 57/57/57
f 40/40/40 41/41/41 59/59/59
f 40/40/40 59/59/59 58/58/58
f 41/41/41 42/42/42 60/60/60
f 41/41/41 60/60/60 59/59/59
f 42/42/42 43/43/43 61/61/61
f 42/42/42 61/61/61 60/60/60
f 43/43/43 44/44/44 62/62/62
f 43/43/43 62/62/62 61/61/61
f 44/44/44 45/45/45 63/63/63
f 44/44/44 63/63/63 62/62/62
f 45/45/45 46/46/46 64/64/64
f 45/45/45 64/64/64 63/63/63
f 46/46/46 47/47/47 65/65/65
f 46/46/46 65/65/65 64/64/64
f 47/47/47 48/48/48 66/66/66
f 47/47/47 66/66/66 65/65/65
f 48/48/48 49/49/49 67/67/67
f 48/48/48 67/67/67 66/66/66
f 49/49/49 50/50/50 68/68/68
f 49/49/49 68/68/68 67/67/67
f 50/50/50 51/51/51 69/69/69
f 50/50/50 69/69/69 68/68/68
f 51/51/51 52/52/52 70/70/70
f 51/51/51 70/70/70 69/69/69
f 52/52/52 53/53/53 71/71/71
f 52/52/52 71/71/71 70/70/70
f 53/53/53 54/54/54 72/72/72
f 53/53/53 72/72/72 71/71/71
f 54/54/54 37/37/37 55/55/55
f 54/54/54 55/55/55 72/72/72
f 55/55/55 56/56/56 74/74/74
f 55/55/55 74/74/74 73/73/73
f 56/56/56 57/57/57 75/75/75
f 56/56/56 75/75/75 74/74/74
f 57/57/57 58/58/58 76/76/76
f 57/57/57 76/76/76 75/75/75
f 58/58/58 59/59/59 77/77/77
f 58/58/58 77/77/77 76/76/76
f 59/59/59 60/60/60 78/78/78
f 59/59/59 78/78/78 77/77/77
f 60/60/60 61/61/61 79/79/79
f 60/60/60 79/79/79 78/78/78
f 61/61/61 62/62/62 80/80/80
f 61/61/61 80/80/80 79/79/79
f 62/62/62 63/63/63 81/81/81
f 62/62/62 81/81/81 80/80/80
f 63/63/63 64/64/64 82/82/82
f 63/63/63 82/82/82 81/81/81
f 64/64/64 65/65/65 83/83/83
f 64/64/64 83/83/83 82/82/82
f 65/65/65 66/66/66 84/84/84
f 65/65/65 84/84/84 83/83/83
f 66/66/66 67/67/67 85/85/85
f 66/66/66 85/85/85 84/84/84
f 67/67/67 68/68/68 86/86/86
f 67/67/67 86/86/86 85/85/85
f 68/68/68 69/69/69 87/87/87
f 68/68/68 87/87/87 86/86/86
f 69/69/69 70/70/70 88/88/88
f 69/69/69 88/88/88 87/87/87
f 70/70/70 71/71/71 89/89/89
f 70/70/70 89/89/89 88/88/88
f 71/71/71 72/72/72 90/90/90
f 71/71/71 90/90/90 89/89/89
f 72/72/72 55/55/55 73/73/73
f 72/72/72 73/73/73 90/90/90
f 73/73/73 74/74/74 92/92/92
f 73/73/73 92/92/92 91/91/91
f 74/74/74 75/75/75 93/93/93
f 74/74/74 93/93/93 92/92/92
f 75/75/75 76/76/76 94/94/94
f 75/75/75 94/94/94 93/93/93
f 76/76/76 77/77/77 95/95/95
f 76/76/76 95/95/95 94/94/94
f 77/77/77 78/78/78 96/96/96
f 77/77/77 96/96/96 95/95/95
f 78/78/78 79/79/79 97/97/97
f 78/78/78 97/97/97 96/96/96
f 79/79/79 80/80/80 98/98/98
f 79/79/79 98/98/98 97/97/97
f 80/80/80 81/81/81 99/99/99
f 80/80/80 99/99/99 98/98/98
f 81/81/81 82/82/82 100/100/100
f 81/81/81 100/100/100 99/99/99
f 82/82/82 83/83/83 101/101/101
f 82/82/82 101/101/101 100/100/100
f 83/83/83 84/84/84 102/102/102
f 83/83/83 102/102/102 101/101/101
f 84/84/84 85/85/85 103/103/103
f 84/84/84 103/103/103 102/102/102
f 85/85/85 86/86/86 104/104/104
f 85/85/85 104/104/104 103/103/103
f 86/86/86 87/87/87 105/105/105
f 86/86/86 105/105/105 104/104/104
f 87/87/87 88/88/88 106/106/106
f 87/87/87 106/106/106 105/105/105
f 88/88/88 89/89/89 107/107/107
f 88/88/88 107/107/107 106/106/106
f 89/89/89 90/90/90 108/108/108
f 89/89/89 108/108/108 107/107/107
f 90/90/90 73/73/73 91/91/91
f 90/90/90 91/91/91 108/108/108
f 91/91/91 92/92/92 110/110/110
f 91/91/91 110/110/110 109/109/109
f 92/92/92 93/93/93 111/111/111
f 92/92/92 111/111/111 110/110/110
f 93/93/93 94/94/94 112/112/112
f 93/93/93 112/112/112 111/111/111
f 94/94/94 95/95/95 113/113/113
f 94/94/94 113/113/113 112/112/112
f 95/95/95 96/96/96 114/114/114
f 95/95/95 114/114/114 113/113/113
f 96/96/96 97/97/97 115/115/115
f 96/96/96 115/115/115 114/114/114
f 97/97/97 98/98/98 116/116/116
f 97/97/97 116/116/116 115/115/115
f 98/98/98 99/99/99 117/117/117
f 98/98/98 117/117/117 116/116/116
f 99/99/99 100/100/100 118/118/118
f 99/99/99 118/118/118 117/117/117
f 100/100/100 101/101/101 119/119/119
f 100/100/100 119/119/119 118/118/118
f 101/101/101 102/102/102 120/120/120
f 101/101/101 120/120/120 119/119/119
f 102/102/102 103/103/103 121/121/121
f 102/102/102 121/121/121 120/120/120
f 103/103/103 104/104/104 122/122/122
f 103/103/103 122/122/122 121/121/121
f 104/104/104 105/105/105 123/123/123
f 104/104/104 123/123/123 122/122/122
f 105/105/105 106/106/106 124/124/124
f 105/105/105 124/124/124 123/123/123
f 106/106/106 107/107/107 125/125/125
f 106/106/106 125/125/125 124/124/124
f 107/107/107 108/108/108 126/126/126
f 107/107/107 126/126/126 125/125/125
f 108/108/108 91/91/91 109/109/109
f 108/108/108 109/109/109 126/126/126
f 109/109/109 110/110/110 128/128/128
f 109/109/109 128/128/128 127/127/127
f 110/110/110 111/111/111 129/129/129
f 110/110/110 129/129/129 128/128/128
f 111/111/111 112/112/112 130/130/130
f 111/111/111 130/130/130 129/129/129
f 112/112/112 113/113/113 131/131/131
f 112/112/112 131/131/131 130/130/130
f 113/113/113 114/114/114 132/132/132
f 113/113/113 132/132/132 131/131/131
f 114/114/114 115/115/115 133/133/133
f 114/114/114 133/133/133 132/132/132
f 115/115/115 116/116/116 134/134/134
f 115/115/115 134/134/134 133/133/133
f 116/116/116 117/117/117 135/135/135
f 116/116/116 135/135/135 134/134/134
f 117/117/117 118/118/118 136/136/136
f 117/117/117 136/136/136 135/135/135
f 118/118/118 119/119/119 137/137/137
f 118/118/118 137/137/137 136/136/136
f 119/119/119 120/120/120 138/138/138
f 119/119/119 138/138/138 137/137/137
f 120/120/120 121/121/121 139/139/139
f 120/120/120 139/139/139 138/138/138
f 121/121/121 122/122/122 140/140/140
f 121/121/121 140/140/140 139/139/139
f 122/122/122 123/123/123 141/141/141
f 122/122/122 141/141/141 140/140/140
f 123/123/123 124/124/124 142/142/142
f 123/123/123 142/142/142 141/141/141
f 124/124/124 125/125/125 143/143/143
f 124/124/124 143/143/143 142/142/142
f 125/125/125 126/126/126 144/144/144
f 125/125/125 144/144/144 143/143/143
f 126/126/126 109/109/109 127/127/127
f 126/126/126 127/127/127 144/144/144
f 127/127/127 128/128/128 146/146/146
f 127/127/127 146/146/146 145/145/145
f 128/128/128 129/129/129 147/147/147
f 128/128/128 147/147/147 146/146/146
f 129/129/129 130/130/130 148/148/148
f 129/129/129 148/148/148 147/147/147
f 130/130/130 131/131/131 149/149/149
f 130/130/130 149/149/149 148/148/148
f 131/131/131 132/132/132 150/150/150
f 131/131/131 150/150/150 149/149/149
f 132/132/132 133/133/133 151/151/151
f 132/132/132 151/151/151 150/150/150
f 133/133/133 134/134/134 152/152/152
f 133/133/133 152/152/152 151/151/151
f 134/134/134 135/135/135 153/153/153
f 134/134/134 153/153/153 152/152/152
f 135/135/135 136/136/136 154/154/154
f 135/135/135 154/154/154 153/153/153
f 136/136/136 137/137/137 155/155/155
f 136/136/136 155/155/155 154/154/154
f 137/137/137 138/138/138 156/156/156
f 137/137/137 156/156/156 155/155/155
f 138/138/138 139/139/139 157/157/157
f 138/138/138 157/157/157 156/156/156
f 139/139/139 140/140/140 158/158/158
f 139/139/139 158/158/158 157/157/157
f 140/140/140 141/141/141 159/159/159
f 140/140/140 159/159/159 158/158/158
f 141/141/141 142/142/142 160/160/160
f 141/141/141 160/160/160 159/159/159
f 142/142/142 143/143/143 161/161/161
f 142/142/142 161/161/161 160/160/160
f 143/143/143 144/144/144 162/162/162
f 143/143/143 162/162/162 161/161/161
f 144/144/144 127/127/127 145/145/145
f 144/144/144 145/145/145 162/162/162
f 145/145/145 146/146/146 164/164/164
f 145/145/145 164/164/164 163/163/163
f 146/146/146 147/147/147 165/165/165
f 146/146/146 165/165/165 164/164/164
f 147/147/147 148/148/148 166/166/166
f 147/147/147 166/166/166 165/165/165
f 148/148/148 149/149/149 167/167/167
f 148/148/148 167/167/167 166/166/166
f 149/149/149 150/150/150 168/168/168
f 149/149/149 168/168/168 167/167/167
f 150/150/150 151/151/151 169/169/169
f 150/150/150 169/169/169 168/168/168
f 151/151/151 152/152/152 170/170/170
f 151/151/151 170/170/170 169/169/169
f 152/152/152 153/153/153 171/171/171
f 152/152/152 171/171/171 170/170/170
f 153/153/153 154/154/154 172/172/172
f 153/153/153 172/172/172 171/171/171
f 154/154/154 155/155/155 173/173/173
f 154/154/154 173/173/173 172/172/172
f 155/155/155 156/156/156 174/174/174
f 155/155/155 174/174/174 173/173/173
f 156/156/156 157/157/157 175/175/175
f 156/156/156 175/175/175 174/174/174
f 157/157/157 158/158/158 176/176/176
f 157/157/157 176/176/176 175/175/175
f 158/158/158 159/159/159 177/177/177
f 158/158/158 177/177/177 176/176/176
f 159/159/159 160/160/160 178/178/178
f 159/159/159 178/178/178 177/177/177
f 160/160/160 161/161/161 179/179/179
f 160/160/160 179/179/179 178/178/178
f 161/161/161 162/162/162 180/180/180
f 161/161/161 180/180/180 179/179/179
f 162/162/162 145/145/145 163/163/163
f 162/162/162 163/163/163 180/180/180
f 163/163/163 164/164/164 182/182/182
f 163/163/163 182/182/182 181/181/181
f 164/164/164 165/165/165 183/183/183
f 164/164/164 183/183/183 182/182/182
f 165/165/165 166/166/166 184/184/184
f 165/165/165 184/184/184 183/183/183
f 166/166/166 167/167/167 185/185/185
f 166/166/166 185/185/185 184/184/184
f 167/167/167 168/168/168 186/186/186
f 167/167/167 186/186/186 185/185/185
f 168/168/168 169/169/169 187/187/187
f 168/168/168 187/187/187 186/186/186
f 169/169/169 170/170/170 188/188/188
f 169/169/169 188/188/188 187/187/187
f 170/170/170 171/171/171 189/189/189
f 170/170/170 189/189/189 188/188/188
f 171/171/171 172/172/172 190/190/190
f 171/171/171 190/190/190 189/189/189
f 172/172/172 173/173/173 191/191/191
f 172/172/172 191/191/191 190/190/190
f 173/173/173 174/174/174 192/192/192
f 173/173/173 192/192/192 191/191/191
f 174/174/174 175/175/175 193/193/193
f 174/174/174 193/193/193 192/192/192
f 175/175/175 176/176/176 194/194/194
f 175/175/175 194/194/194 193/193/193
f 176/176/176 177/177/177 195/195/195
f 176/176/176 195/195/195 194/194/194
f 177/177/177 178/178/178 196/196/196
f 177/177/177 196/196/196 195/195/195
f 178/178/178 179/179/179 197/197/197
f 178/178/178 197/197/197 196/196/196
f 179/179/179 180/180/180 198/198/198
f 179/179/179 198/198/198 197/197/197
f 180/180/180 163/163/163 181/181/181
f 180/180/180 181/181/181 198/198/198
f 181/181/181 182/182/182 200/200/200
f 181/181/181 200/200/200 199/199/199
f 182/182/182 183/183/183 201/201/201
f 182/182/182 201/201/201 200/200/200
f 183/183/183 184/184/184 202/202/202
f 183/183/183 202/202/202 201/201/201
f 184/184/184 185/185/185 203/203/203
f 184/184/184 203/203/203 202/202/202
f 185/185/185 186/186/186 204/204/204
f 185/185/185 204/204/204 203/203/203
f 186/186/186 187/187/187 205/205/205
f 186/186/186 205/205/205 204/204/204
f 187/187/187 188/188/188 206/206/206
f 187/187/187 206/206/206 205/205/205
f 188/188/188 189/189/189 207/207/207
f 188/188/188 207/207/207 206/206/206
f 189/189/189 190/190/190 208/208/208
f 189/189/189 208/208/208 207/207/207
f 190/190/190 191/191/191 209/209/209
f 190/190/190 209/209/209 208/208/208
f 191/191/191 192/192/192 210/210/210
f 191/191/191 210/210/210 209/209/209
f 192/192/192 193/193/193 211/211/211
f 192/192/192 211/211/211 210/210/210
f 193/193/193 194/194/194 212/212/212
f 193/193/193 212/212/212 211/211/211
f 194/194/194 195/195/195 213/213/213
f 194/194/194 213/213/213 212/212/212
f 195/195/195 196/196/196 214/214/214
f 195/195/195 214/214/214 213/213/213
f 196/196/196 197/197/197 215/215/215
f 196/196/196 215/215/215 214/214/214
f 197/197/197 198/198/198 216/216/216
f 197/197/197 216/216/216 215/215/215
f 198/198/198 181/181/181 199/199/199
f 198/198/198 199/199/199 216/216/216
f 199/199/199 200/200/200 218/218/218
f 199/199/199 218/218/218 217/217/217
f 200/200/200 201/201/201 219/219/219
f 200/200/200 219/219/219 218/218/218
f 201/201/201 202/202/202 220/220/220
f 201/201/201 220/220/220 219/219/219
f 202/202/202 203/203/203 221/221/221
f 202/202/202 221/221/221 220/220/220
f 203/203/203 204/204/204 222/222/222
f 203/203/203 222/222/222 221/221/221
f 204/204/204 205/205/205 223/223/223
f 204/204/204 223/223/223 222/222/222
f 205/205/205 206/206/206 224/224/224
f 205/205/205 224/224/224 223/223/223
f 206/206/206 207/207/207 225/225/225
f 206/206/206 225/225/225 224/224/224
f 207/207/207 208/208/208 226/226/226
f 207/207/207 226/226/226 225/225/225
f 208/208/208 209/209/209 227/227/227
f 208/208/208 227/227/227 226/226/226
f 209/209/209 210/210/210 228/228/228
f 209/209/209 228/228/228 227/227/227
f 210/210/210 211/211/211 229/229/229
f 210/210/210 229/229/229 228/228/228
f 211/211/211 212/212/212 230/230/230
f 211/211/211 230/230/230 229/229/229
f 212/212/212 213/213/213 231/231/231
f 212/212/212 231/231/231 230/230/230
f 213/213/213 214/214/214 232/232/232
f 213/213/213 232/232/232 231/231/231
f 214/214/214 215/215/215 233/233/233
f 214/214/214 233/233/233 232/232/232
f 215/215/215 216/216/216 234/234/234
f 215/215/215 234/234/234 233/233/233
f 216/216/216 199/199/199 217/217/217
f 216/216/216 217/217/217 234/234/234
f 217/217/217 218/218/218 236/236/236
f 217/217/217 236/236/236 235/235/235
f 218/218/218 219/219/219 237/237/237
f 218/218/218 237/237/237 236/236/236
f 219/219/219 220/220/220 238/238/238
f 219/219/219 238/238/238 237/237/237
f 220/220/220 221/221/221 239/239/239
f 220/220/220 239/239/239 238/238/238
f 221/221/221 222/222/222 240/240/240
f 221/221/221 240/240/240 239/239/239
f 222/222/222 223/223/223 241/241/241
f 222/222/222 241/241/241 240/240/240
f 223/223/223 224/224/224 242/242/242
f 223/223/223 242/242/242 241/241/241
f 224/224/224 225/225/225 243/243/243
f 224/224/224 243/243/243 242/242/242
f 225/225/225 226/226/226 244/244/244
f 225/225/225 244/244/244 243/243/243
f 226/226/226 227/227/227 245/245/245
f 226/226/226 245/245/245 244/244/244
f 227/227/227 228/228/228 246/246/246
f 227/227/227 246/246/246 245/245/245
f 228/228/228 229/229/229 247/247/247
f 228/228/228 247/247/247 246/246/246
f 229/229/229 230/230/230 248/248/248
f 229/229/229 248/248/248 247/247/247
f 230/230/230 231/231/231 249/249/249
f 230/230/230 249/249/249 248/248/248
f 231/231/231 232/232/232 250/250/250
f 231/231/231 250/250/250 249/249/249
f 232/232/232 233/233/233 251/251/251
f 232/232/232 251/251/251 250/250/250
f 233/233/233 234/234/234 252/252/252
f 233/233/233 252/252/252 251/251/251
f 234/234/234 217/217/217 235/235/235
f 234/234/234 235/235/235 252/252/252
f 235/235/235 236/236/236 254/254/254
f 235/235/235 254/254/254 253/253/253
f 236/236/236 237/237/237 255/255/255
f 236/236/236 255/255/255 254/254/254
f 237/237/237 238/238/238 256/256/256
f 237/237/237 256/256/256 255/255/255
f 238/238/238 239/239/239 257/257/257
f 238/238/238 257/257/257 256/256/256
f 239/239/239 240/240/240 258/258/258
f 239/239/239 258/258/258 257/257/257
f 240/240/240 241/241/241 259/259/259
f 240/240/240 259/259/259 258/258/258
f 241/241/241 242/242/242 260/260/260
f 241/241/241 260/260/260 259/259/259
f 242/242/242 243/243/243 261/261/261
f 242/242/242 261/261/261 260/260/260
f 243/243/243 244/244/244 262/262/262
f 243/243/243 262/262/262 261/261/261
f 244/244/244 245/245/245 263/263/263
f 244/244/244 263/263/263 262/262/262
f 245/245/245 246/246/246 264/264/264
f 245/245/245 264/264/264 263/263/263
f 246/246/246 247/247/247 265/265/265
f 246/246/246 265/265/265 264/264/264
f 247/247/247 248/248/248 266/266/266
f 247/247/247 266/266/266 265/265/265
f 248/248/248 249/249/249 267/267/267
f 248/248/248 267/267/267 266/266/266
f 249/249/249 250/250/250 268/268/268
f 249/249/249 268/268/268 267/267/267
f 250/250/250 251/251/251 269/269/269
f 250/250/250 269/269/269 268/268/268
f 251/251/251 252/252/252 270/270/270
f 251/251/251 270/270/270 269/269/269
f 252/252/252 235/235/235 253/253/253
f 252/252/252 253/253/253 270/270/270
f 253/253/253 254/254/254 272/272/272
f 253/253/253 272/272/272 271/271/271
f 254/254/254 255/255/255 273/273/273
f 254/254/254 273/273/273 272/272/272
f 255/255/255 256/256/256 274/274/274
f 255/255/255 274/274/274 273/273/273
f 256/256/256 257/257/257 275/275/275
f 256/256/256 275/275/275 274/274/274
f 257/257/257 258/258/258 276/276/276
f 257/257/257 276/276/276 275/275/275
f 258/258/258 259/259/259 277/277/277
f 258/258/258 277/277/277 276/276/276
f 259/259/259 260/260/260 278/278/278
f 259/259/259 278/278/278 277/277/277
f 260/260/260 261/261/261 279/279/279
f 260/260/260 279/279/279 278/278/278
f 261/261/261 262/262/262 280/280/280
f 261/261/261 280/280/280 279/279/279
f 262/262/262 263/263/263 281/281/281
f 262/262/262 281/281/281 280/280/280
f 263/263/263 264/264/264 282/282/282
f 263/263/263 282/282/282 281/281/281
f 264/264/264 265/265/265 283/283/283
f 264/264/264 283/283/283 282/282/282
f 265/265/265 266/266/266 284/284/284
f 265/265/265 284/284/284 283/283/283
f 266/266/266 267/267/267 285/285/285
f 266/266/266 285/285/285 284/284/284
f 267/267/267 268/268/268 286/286/286
f 267/267/267 286/286/286 285/285/285
f 268/268/268 269/269/269 287/287/287
f 268/268/268 287/287/287 286/286/286
f 269/269/269 270/270/270 288/288/288
f 269/269/269 288/288/288 287/287/287
f 270/270/270 253/253/253 271/271/271
f 270/270/270 271/271/271 288/288/288
f 271/271/271 272/272/272 290/290/290
f 271/271/271 290/290/290 289/289/289
f 272/272/272 273/273/273 291/291/291
f 272/272/272 291/291/291 290/290/290
f 273/273/273 274/274/274 292/292/292
f 273/273/273 292/292/292 291/291/291
f 274/274/274 275/275/275 293/293/293
f 274/274/274 293/293/293 292/292/292
f 275/275/275 276/276/276 294/294/294
f 275/275/275 294/294/294 293/293/293
f 276/276/276 277/277/277 295/295/295
f 276/276/276 295/295/295 294/294/294
f 277/277/277 278/278/278 296/296/296
f 277/277/277 296/296/296 295/295/295
f 278/278/278 279/279/279 297/297/297
f 278/278/278 297/297/297 296/296/296
f 279/279/279 280/280/280 298/298/298
f 279/279/279 298/298/298 297/297/297
f 280/280/280 281/281/281 299/299/299
f 280/280/280 299/299/299 298/298/298
f 281/281/281 282/282/282 300/300/300
f 281/281/281 300/300/300 299/299/299
f 282/282/282 283/283/283 301/301/301
f 282/282/282 301/301/301 300/300/300
f 283/283/283 284/284/284 302/302/302
f 283/283/283 302/302/302 301/301/301
f 284/284/284 285/285/285 303/303/303
f 284/284/284 303/303/303 302/302/302
f 285/285/285 286/286/286 304/304/304
f 285/285/285 304/304/304 303/303/303
f 286/286/286 287/287/287 305/305/305
f 286/286/286 305/305/305 304/304/304
f 287/287/287 288/288/288 306/306/306
f 287/287/287 306/306/306 305/305/305
f 288/288/288 271/271/271 289/289/289
f 288/288/288 289/289/289 306/306/306
f 289/289/289 290/290/290 308/308/308
f 289/289/289 308/308/308 307/307/307
f 290/290/290 291/291/291 309/309/309
f 290/290/290 309/309/309 308/308/308
f 291/291/291 292/292/292 310/310/310
f 291/291/291 310/310/310 309/309/309
f 292/292/292 293/293/293 311/311/311
f 292/292/292 311/311/311 310/310/310
f 293/293/293 294/294/294 312/312/312
f 293/293/293 312/312/312 311/311/311
f 294/294/294 295/295/295 313/313/313
f 294/294/294 313/313/313 312/312/312
f 295/295/295 296/296/296 314/314/314
f 295/295/295 314/314/314 313/313/313
f 296/296/296 297/297/297 315/315/315
f 296/296/296 315/315/315 314/314/314
f 297/297/297 298/298/298 316/316/316
f 297/297/297 316/316/316 315/315/315
f 298/298/298 299/299/299 317/317/317
f 298/298/298 317/317/317 316/316/316
f 299/299/299 300/300/300 318/318/318
f 299/299/299 318/318/318 317/317/317
f 300/300/300 301/301/301 319/319/319
f 300/300/300 319/319/319 318/318/318
f 301/301/301 302/302/302 320/320/320
f 301/301/301 320/320/320 319/319/319
f 302/302/302 303/303/303 321/321/321
f 302/302/302 321/321/321 320/320/320
f 303/303/303 304/304/304 322/322/322
f 303/303/303 322/322/322 321/321/321
f 304/304/304 305/305/305 323/323/323
f 304/304/304 323/323/323 322/322/322
f 305/305/305 306/306/306 324/324/324
f 305/305/305 324/324/324 323/323/323
f 306/306/306 289/289/289 307/307/307
f 306/306/306 307/307/307 324/324/324
f 307/307/307 308/308/308 326/326/326
f 307/307/307 326/326/326 325/325/325
f 308/308/308 309/309/309 327/327/327
f 308/308/308 327/327/327 326/326/326
f 309/309/309 310/310/310 328/328/328
f 309/309/309 328/328/328 327/327/327
f 310/310/310 311/311/311 329/329/329
f 310/310/310 329/329/329 328/328/328
f 311/311/311 312/312/312 330/330/330
f 311/311/311 330/330/330 329/329/329
f 312/312/312 313/313/313 331/331/331
f 312/312/312 331/331/331 330/330/330
f 313/313/313 314/314/314 332/332/332
f 313/313/313 332/332/332 331/331/331
f 314/314/314 315/315/315 333/333/333
f 314/314/314 333/333/333 332/332/332
f 315/315/315 316/316/316 334/334/334
f 315/315/315 334/334/334 333/333/333
f 316/316/316 317/317/317 335/335/335
f 316/316/316 335/335/335 334/334/334
f 317/317/317 318/318/318 336/336/336
f 317/317/317 336/336/336 335/335/335
f 318/318/318 319/319/319 337/337/337
f 318/318/318 337/337/337 336/336/336
f 319/319/319 320/320/320 338/338/338
f 319/319/319 338/338/338 337/337/337
f 320/320/320 321/321/321 339/339/339
f 320/320/320 339/339/339 338/338/338
f 321/321/321 322/322/322 340/340/340
f 321/321/321 340/340/340 339/339/339
f 322/322/322 323/323/323 341/341/341
f 322/322/322 341/341/341 340/340/340
f 323/323/323 324/324/324 342/342/342
f 323/323/323 342/342/342 341/341/341
f 324/324/324 307/307/307 325/325/325
f 324/324/324 325/325/325 342/342/342
f 325/325/325 326/326/326 344/344/344
f 325/325/325 344/344/344 343/343/343
f 326/326/326 327/327/327 345/345/345
f 326/326/326 345/345/345 344/344/344
f 327/327/327 328/328/328 346/346/346
f 327/327/327 346/346/346 345/345/345
f 328/328/328 329/329/329 347/347/347
f 328/328/328 347/347/347 346/346/346
f 329/329/329 330/330/330 348/348/348
f 329/329/329 348/348/348 347/347/347
f 330/330/330 331/331/331 349/349/349
f 330/330/330 349/349/349 348/348/348
f 331/331/331 332/332/332 350/350/350
f 331/331/331 350/350/350 349/349/349
f 332/332/332 333/333/333 351/351/351
f 332/332/332 351/351/351 350/350/350
f 333/333/333 334/334/334 352/352/352
f 333/333/333 352/352/352 351/351/351
f 334/334/334 335/335/335 353/353/353
f 334/334/334 353/353/353 352/352/352
f 335/335/335 336/336/336 354/354/354
f 335/335/335 354/354/354 353/353/353
f 336/336/336 337/337/337 355/355/355
f 336/336/336 355/355/355 354/354/354
f 337/337/337 338/338/338 356/356/356
f 337/337/337 356/356/356 355/355/355
f 338/338/338 339/339/339 357/357/357
f 338/338/338 357/357/357 356/356/356
f 339/339/339 340/340/340 358/358/358
f 339/339/339 358/358/358 357/357/357
f 340/340/340 341/341/341 359/359/359
f 340/340/340 359/359/359 358/358/358
f 341/341/341 342/342/342 360/360/360
f 341/341/341 360/360/360 359/359/359
f 342/342/342 325/325/325 343/343/343
f 342/342/342 343/343/343 360/360/360
f 343/343/343 344/344/344 362/362/362
f 343/343/343 362/362/362 361/361/361
f 344/344/344 345/345/345 363/363/363
f 344/344/344 363/363/363 362/362/362
f 345/345/345 346/346/346 364/364/364
f 345/345/345 364/364/364 363/363/363
f 346/346/346 347/347/347 365/365/365
f 346/346/346 365/365/365 364/364/364
f 347/347/347 348/348/348 366/366/366
f 347/347/347 366/366/366 365/365/365
f 348/348/348 349/349/349 367/367/367
f 348/348/348 367/367/367 366/366/366
f 349/349/349 350/350/350 368/368/368
f 349/349/349 368/368/368 367/367/367
f 350/350/350 351/351/351 369/369/369
f 350/350/350 369/369/369 368/368/368
f 351/351/351 352/352/352 370/370/370
f 351/351/351 370/370/370 369/369/369
f 352/352/352 353/353/353 371/371/371
f 352/352/352 371/371/371 370/370/370
f 353/353/353 354/354/354 372/372/372
f 353/353/353 372/372/372 371/371/371
f 354/354/354 355/355/355 373/373/373
f 354/354/354 373/373/373 372/372/372
f 355/355/355 356/356/356 374/374/374
f 355/355/355 374/374/374 373/373/373
f 356/356/356 357/357/357 375/375/375
f 356/356/356 375/375/375 374/374/374
f 357/357/357 358/358/358 376/376/376
f 357/357/357 376/376/376 375/375/375
f 358/358/358 359/359/359 377/377/377
f 358/358/358 377/377/377 376/376/376
f 359/359/359 360/360/360 378/378/378
f 359/359/359 378/378/378 377/377/377
f 360/360/360 343/343/343 361/361/361
f 360/360/360 361/361/361 378/378/378
f 361/361/361 362/362/362 380/380/380
f 361/361/361 380/380/380 379/379/379
f 362/362/362 363/363/363 381/381/381
f 362/362/362 381/381/381 380/380/380
f 363/363/363 364/364/364 382/382/382
f 363/363/363 382/382/382 381/381/381
f 364/364/364 365/365/365 383/383/383
f 364/364/364 383/383/383 382/382/382
f 365/365/365 366/366/366 384/384/384
f 365/365/365 384/384/384 383/383/383
f 366/366/366 367/367/367 385/385/385
f 366/366/366 385/385/385 384/384/384
f 367/367/367 368/368/368 386/386/386
f 367/367/367 386/386/386 385/385/385
f 368/368/368 369/369/369 387/387/387
f 368/368/368 387/387/387 386/386/386
f 369/369/369 370/370/370 388/388/388
f 369/369/369 388/388/388 387/387/387
f 370/370/370 371/371/371 389/389/389
f 370/370/370 389/389/389 388/388/388
f 371/371/371 372/372/372 390/390/390
f 371/371/371 390/390/390 389/389/389
f 372/372/372 373/373/373 391/391/391
f 372/372/372 391/391/391 390/390/390
f 373/373/373 374/374/374 392/392/392
f 373/373/373 392/392/392 391/391/391
f 374/374/374 375/375/375 393/393/393
f 374/374/374 393/393/393 392/392/392
f 375/375/375 376/376/376 394/394/394
f 375/375/375 394/394/394 393/393/393
f 376/376/376 377/377/377 395/395/395
f 376/376/376 395/395/395 394/394/394
f 377/377/377 378/378/378 396/396/396
f 377/377/377 396/396/396 395/395/395
f 378/378/378 361/361/361 379/379/379
f 378/378/378 379/379/379 396/396/396
f 379/379/379 380/380/380 398/398/398
f 379/379/379 398/398/398 397/397/397
f 380/380/380 381/381/381 399/399/399
f 380/380/380 399/399/399 398/398/398
f 381/381/381 382/382/382 400/400/400
f 381/381/381 400/400/400 399/399/399
f 382/382/382 383/383/383 401/401/401
f 382/382/382 401/401/401 400/400/400
f 383/383/383 384/384/384 402/402/402
f 383/383/383 402/402/402 401/401/401
f 384/384/384 385/385/385 403/403/403
f 384/384/384 403/403/403 402/402/402
f 385/385/385 386/386/386 404/404/404
f 385/385/385 404/404/404 403/403/403
f 386/386/386 387/387/387 405/405/405
f 386/386/386 405/405/405 404/404/404
f 387/387/387 388/388/388 406/406/406
f 387/387/387 406/406/406 405/405/405
f 388/388/388 389/389/389 407/407/407
f 388/388/388 407/407/407 406/406/406
f 389/389/389 390/390/390 408/408/408
f 389/389/389 408/408/408 407/407/407
f 390/390/390 391/391/391 409/409/409
f 390/390/390 409/409/409 408/408/408
f 391/391/391 392/392/392 410/410/410
f 391/391/391 410/410/410 409/409/409
f 392/392/392 393/393/393 411/411/411
f 392/392/392 411/411/411 410/410/410
f 393/393/393 394/394/394 412/412/412
f 393/393/393 412/412/412 411/411/411
f 394/394/394 395/395/395 413/413/413
f 394/394/394 413/413/413 412/412/412
f 395/395/395 396/396/396 414/414/414
f 395/395/395 414/414/414 413/413/413
f 396/396/396 379/379/379 397/397/397
f 396/396/396 397/397/397 414/414/414
f 397/397/397 398/398/398 416/416/416
f 397/397/397 416/416/416 415/415/415
f 398/398/398 399/399/399 417/417/417
f 398/398/398 417/417/417 416/416/416
f 399/399/399 400/400/400 418/418/418
f 399/399/399 418/418/418 417/417/417
f 400/400/400 401/401/401 419/419/419
f 400/400/400 419/419/419 418/418/418
f 401/401/401 402/402/402 420/420/420
f 401/401/401 420/420/420 419/419/419
f 402/402/402 403/403/403 421/421/421
f 402/402/402 421/421/421 420/420/420
f 403/403/403 404/404/404 422/422/422
f 403/403/403 422/422/422 421/421/421
f 404/404/404 405/405/405 423/423/423
f 404/404/404 423/423/423 422/422/422
f 405/405/405 406/406/406 424/424/424
f 405/405/405 424/424/424 423/423/423
f 406/406/406 407/407/407 425/425/425
f 406/406/406 425/425/425 424/424/424
f 407/407/407 408/408/408 426/426/426
f 407/407/407 426/426/426 425/425/425
f 408/408/408 409/409/409 427/427/427
f 408/408/408 427/427/427 426/426/426
f 409/409/409 410/410/410 428/428/428
f 409/409/409 428/428/428 427/427/427
f 410/410/410 411/411/411 429/429/429
f 410/410/410 429/429/429 428/428/428
f 411/411/411 412/412/412 430/430/430
f 411/411/411 430/430/430 429/429/429
f 412/412/412 413/413/413 431/431/431
f 412/412/412 431/431/431 430/430/430
f 413/413/413 414/414/414 432/432/432
f 413/413/413 432/432/432 431/431/431
f 414/414/414 397/397/397 415/415/415
f 414/414/414 415/415/415 432/432/432
f 415/415/415 416/416/416 434/434/434
f 415/415/415 434/434/434 433/433/433
f 416/416/416 417/417/417 435/435/435
f 416/416/416 435/435/435 434/434/434
f 417/417/417 418/418/418 436/436/436
f 417/417/417 436/436/436 435/435/435
f 418/418/418 419/419/419 437/437/437
f 418/418/418 437/437/437 436/436/436
f 419/419/419 420/420/420 438/438/438
f 419/419/419 438/438/438 437/437/437
f 420/420/420 421/421/421 439/439/439
f 420/420/420 439/439/439 438/438/438
f 421/421/421 422/422/422 440/440/440
f 421/421/421 440/440/440 439/439/439
f 422/422/422 423/423/423 441/441/441
f 422/422/422 441/441/441 440/440/440
f 423/423/423 424/424/424 442/442/442
f 423/423/423 442/442/442 441/441/441
f 424/424/424 425/425/425 443/443/443
f 424/424/424 443/443/443 442/442/442
f 425/425/425 426/426/426 444/444/444
f 425/425/425 444/444/444 443/443/443
f 426/426/426 427/427/427 445/445/445
f 426/426/426 445/445/445 444/444/444
f 427/427/427 428/428/428 446/446/446
f 427/427/427 446/446/446 445/445/445
f 428/428/428 429/429/429 447/447/447
f 428/428/428 447/447/447 446/446/446
f 429/429/429 430/430/430 448/448/448
f 429/429/429 448/448/448 447/447/447
f 430/430/430 431/431/431 449/449/449
f 430/430/430 449/449/449 448/448/448
f 431/431/431 432/432/432 450/450/450
f 431/431/431 450/450/450 449/449/449
f 432/432/432 415/415/415 433/433/433
f 432/432/432 433/433/433 450/450/450
f 433/433/433 434/434/434 452/452/452
f 433/433/433 452/452/452 451/451/451
f 434/434/434 435/435/435 453/453/453
f 434/434/434 453/453/453 452/452/452
f 435/435/435 436/436/436 454/454/454
f 435/435/435 454/454/454 453/453/453
f 436/436/436 437/437/437 455/455/455
f 436/436/436 455/455/455 454/454/454
f 437/437/437 438/438/438 456/456/456
f 437/437/437 456/456/456 455/455/455
f 438/438/438 439/439/439 457/457/457
f 438/438/438 457/457/457 456/456/456
f 439/439/439 440/440/440 458/458/458
f 439/439/439 458/458/458 457/457/457
f 440/440/440 441/441/441 459/459/459
f 440/440/440 459/459/459 458/458/458
f 441/441/441 442/442/442 460/460/460
f 441/441/441 460/460/460 459/459/459
f 442/442/442 443/443/443 461/461/461
f 442/442/442 461/461/461 460/460/460
f 443/443/443 444/444/444 462/462/462
f 443/443/443 462/462/462 461/461/461
f 444/444/444 445/445/445 463/463/463
f 444/444/444 463/463/463 462/462/462
f 445/445/445 446/446/446 464/464/464
f 445/445/445 464/464/464 463/463/463
f 446/446/446 447/447/447 465/465/465
f 446/446/446 465/465/465 464/464/464
f 447/447/447 448/448/448 466/466/466
f 447/447/447 466/466/466 465/465/465
f 448/448/448 449/449/449 467/467/467
f 448/448/448 467/467/467 466/466/466
f 449/449/449 450/450/450 468/468/468
f 449/449/449 468/468/468 467/467/467
f 450/450/450 433/433/433 451/451/451
f 450/450/450 451/451/451 468/468/468
f 451/451/451 452/452/452 470/470/470
f 451/451/451 470/470/470 469/469/469
f 452/452/452 453/453/453 471/471/471
f 452/452/452 471/471/471 470/470/470
f 453/453/453 454/454/454 472/472/472
f 453/453/453 472/472/472 471/471/471
f 454/454/454 455/455/455 473/473/473
f 454/454/454 473/473/473 472/472/472
f 455/455/455 456/456/456 474/474/474
f 455/455/455 474/474/474 473/473/473
f 456/456/456 457/457/457 475/475/475
f 456/456/456 475/475/475 474/474/474
f 457/457/457 458/458/458 476/476/476
f 457/457/457 476/476/476 475/475/475
f 458/458/458 459/459/459 477/477/477
f 458/458/458 477/477/477 476/476/476
f 459/459/459 460/460/460 478/478/478
f 459/459/459 478/478/478 477/477/477
f 460/460/460 461/461/461 479/479/479
f 460/460/460 479/479/479 478/478/478
f 461/461/461 462/462/462 480/480/480
f 461/461/461 480/480/480 479/479/479
f 462/462/462 463/463/463 481/481/481
f 462/462/462 481/481/481 480/480/480
f 463/463/463 464/464/464 482/482/482
f 463/463/463 482/482/482 481/481/481
f 464/464/464 465/465/465 483/483/483
f 464/464/464 483/483/483 482/482/482
f 465/465/465 466/466/466 484/484/484
f 465/465/465 484/484/484 483/483/483
f 466/466/466 467/467/467 485/485/485
f 466/466/466 485/485/485 484/484/484
f 467/467/467 468/468/468 486/486/486
f 467/467/467 486/486/486 485/485/485
f 468/468/468 451/451/451 469/469/469
f 468/468/468 469/469/469 486/486/486
f 469/469/469 470/470/470 488/488/488
f 469/469/469 488/488/488 487/487/487
f 470/470/470 471/471/471 489/489/489
f 470/470/470 489/489/489 488/488/488
f 471/471/471 472/472/472 490/490/490
f 471/471/471 490/490/490 489/489/489
f 472/472/472 473/473/473 491/491/491
f 472/472/472 491/491/491 490/490/490
f 473/473/473 474/474/474 492/492/492
f 473/473/473 492/492/492 491/491/491
f 474/474/474 475/475/475 493/493/493
f 474/474/474 493/493/493 492/492/492
f 475/475/475 476/476/476 494/494/494
f 475/475/475 494/494/494 493/493/493
f 476/476/476 477/477/477 495/495/495
f 476/476/476 495/495/495 494/494/494
f 477/477/477 478/478/478 496/496/496
f 477/477/477 496/496/496 495/495/495
f 478/478/478 479/479/479 497/497/497
f 478/478/478 497/497/497 496/496/496
f 479/479/479 480/480/480 498/498/498
f 479/479/479 498/498/498 497/497/497
f 480/480/480 481/481/481 499/499/499
f 480/480/480 499/499/499 498/498/498
f 481/481/481 482/482/482 500/500/500
f 481/481/481 500/500/500 499/499/499
f 482/482/482 483/483/483 501/501/501
f 482/482/482 501/501/501 500/500/500
f 483/483/483 484/484/484 502/502/502
f 483/483/483 502/502/502 501/501/501
f 484/484/484 485/485/485 503/503/503
f 484/484/484 503/503/503 502/502/502
f 485/485/485 486/486/486 504/504/504
f 485/485/485 504/504/504 503/503/503
f 486/486/486 469/469/469 487/487/487
f 486/486/486 487/487/487 504/504/504
f 487/487/487 488/488/488 506/506/506
f 487/487/487 506/506/506 505/505/505
f 488/488/488 489/489/489 507/507/507
f 488/488/488 507/507/507 506/506/506
f 489/489/489 490/490/490 508/508/508
f 489/489/489 508/508/508 507/507/507
f 490/490/490 491/491/491 509/509/509
f 490/490/490 509/509/509 508/508/508
f 491/491/491 492/492/492 510/510/510
f 491/491/491 510/510/510 509/509/509
f 492/492/492 493/493/493 511/511/511
f 492/492/492 511/511/511 510/510/510
f 493/493/493 494/494/494 512/512/512
f 493/493/493 512/512/512 511/511/511
f 494/494/494 495/495/495 513/513/513
f 494/494/494 513/513/513 512/512/512
f 495/495/495 496/496/496 514/514/514
f 495/495/495 514/514/514 513/513/513
f 496/496/496 497/497/497 515/515/515
f 496/496/496 515/515/515 514/514/514
f 497/497/497 498/498/498 516/516/516
f 497/497/497 516/516/516 515/515/515
f 498/498/498 499/499/499 517/517/517
f 498/498/498 517/517/517 516/516/516
f 499/499/499 500/500/500 518/518/518
f 499/499/499 518/518/518 517/517/517
f 500/500/500 501/501/501 519/519/519
f 500/500/500 519/519/519 518/518/518
f 501/501/501 502/502/502 520/520/520
f 501/501/501 520/520/520 519/519/519
f 502/502/502 503/503/503 521/521/521
f 502/502/502 521/521/521 520/520/520
f 503/503/503 504/504/504 522/522/522
f 503/503/503 522/522/522 521/521/521
f 504/504/504 487/487/487 505/505/505
f 504/504/504 505/505/505 522/522/522
f 505/505/505 506/506/506 524/524/524
f 505/505/505 524/524/524 523/523/523
f 506/506/506 507/507/507 525/525/525
f 506/506/506 525/525/525 524/524/524
f 507/507/507 508/508/508 526/526/526
f 507/507/507 526/526/526 525/525/525
f 508/508/508 509/509/509 527/527/527
f 508/508/508 527/527/527 526/526/526
f 509/509/509 510/510/510 528/528/528
f 509/509/509 528/528/528 527/527/527
f 510/510/510 511/511/511 529/529/529
f 510/510/510 529/529/529 528/528/528
f 511/511/511 512/512/512 530/530/530
f 511/511/511 530/530/530 529/529/529
f 512/512/512 513/513/513 531/531/531
f 512/512/512 531/531/531 530/530/530
f 513/513/513 514/514/514 532/532/532
f 513/513/513 532/532/532 531/531/531
f 514/514/514 515/515/515 533/533/533
f 514/514/514 533/533/533 532/532/532
f 515/515/515 516/516/516 534/534/534
f 515/515/515 534/534/534 533/533/533
f 516/516/516 517/517/517 535/535/535
f 516/516/516 535/535/535 534/534/534
f 517/517/517 518/518/518 536/536/536
f 517/517/517 536/536/536 535/535/535
f 518/518/518 519/519/519 537/537/537
f 518/518/518 537/537/537 536/536/536
f 519/519/519 520/520/520 538/538/538
f 519/519/519 538/538/538 537/537/537
f 520/520/520 521/521/521 539/539/539
f 520/520/520 539/539/539 538/538/538
f 521/521/521 522/522/522 540/540/540
f 521/521/521 540/540/540 539/539/539
f 522/522/522 505/505/505 523/523/523
f 522/522/522 523/523/523 540/540/540
f 523/523/523 524/524/524 542/542/542
f 523/523/523 542/542/542 541/541/541
f 524/524/524 525/525/525 543/543/543
f 524/524/524 543/543/543 542/542/542
f 525/525/525 526/526/526 544/544/544
f 525/525/525 544/544/544 543/543/543
f 526/526/526 527/527/527 545/545/545
f 526/526/526 545/545/545 544/544/544
f 527/527/527 528/528/528 546/546/546
f 527/527/527 546/546/546 545/545/545
f 528/528/528 529/529/529 547/547/547
f 528/528/528 547/547/547 546/546/546
f 529/529/529 530/530/530 548/548/548
f 529/529/529 548/548/548 547/547/547
f 530/530/530 531/531/531 549/549/549
f 530/530/530 549/549/549 548/548/548
f 531/531/531 532/532/532 550/550/550
f 531/531/531 550/550/550 549/549/549
f 532/532/532 533/533/533 551/551/551
f 532/532/532 551/551/551 550/550/550
f 533/533/533 534/534/534 552/552/552
f 533/533/533 552/552/552 551/551/551
f 534/534/534 535/535/535 553/553/553
f 534/534/534 553/553/553 552/552/552
f 535/535/535 536/536/536 554/554/554
f 535/535/535 554/554/554 553/553/553
f 536/536/536 537/537/537 555/555/555
f 536/536/536 555/555/555 554/554/554
f 537/537/537 538/538/538 556/556/556
f 537/537/537 556/556/556 555/555/555
f 538/538/538 539/539/539 557/557/557
f 538/538/538 557/557/557 556/556/556
f 539/539/539 540/540/540 558/558/558
f 539/539/539 558/558/558 557/557/557
f 540/540/540 523/523/523 541/541/541
f 540/540/540 541/541/541 558/558/558
f 541/541/541 542/542/542 560/560/560
f 541/541/541 560/560/560 559/559/559
f 542/542/542 543/543/543 561/561/561
f 542/542/542 561/561/561 560/560/560
f 543/543/543 544/544/544 562/562/562
f 543/543/543 562/562/562 561/561/561
f 544/544/544 545/545/545 563/563/563
f 544/544/544 563/563/563 562/562/562
f 545/545/545 546/546/546 564/564/564
f 545/545/545 564/564/564 563/563/563
f 546/546/546 547/547/547 565/565/565
f 546/546/546 565/565/565 564/564/564
f 547/547/547 548/548/548 566/566/566
f 547/547/547 566/566/566 565/565/565
f 548/548/548 549/549/549 567/567/567
f 548/548/548 567/567/567 566/566/566
f 549/549/549 550/550/550 568/568/568
f 549/549/549 568/568/568 567/567/567
f 550/550/550 551/551/551 569/569/569
f 550/550/550 569/569/569 568/568/568
f 551/551/551 552/552/552 570/570/570
f 551/551/551 570/570/570 569/569/569
f 552/552/552 553/553/553 571/571/571
f 552/552/552 571/571/571 570/570/570
f 553/553/553 554/554/554 572/572/572
f 553/553/553 572/572/572 571/571/571
f 554/554/554 555/555/555 573/573/573
f 554/554/554 573/573/573 572/572/572
f 555/555/555 556/556/556 574/574/574
f 555/555/555 574/574/574 573/573/573
f 556/556/556 557/557/557 575/575/575
f 556/556/556 575/575/575 574/574/574
f 557/557/557 558/558/558 576/576/576
f 557/557/557 576/576/576 575/575/575
f 558/558/558 541/541/541 559/559/559
f 558/558/558 559/559/559 576/576/576
f 559/559/559 560/560/560 578/578/578
f 559/559/559 578/578/578 577/577/577
f 560/560/560 561/561/561 579/579/579
f 560/560/560 579/579/579 578/578/578
f 561/561/561 562/562/562 580/580/580
f 561/561/561 580/580/580 579/579/579
f 562/562/562 563/563/563 581/581/581
f 562/562/562 581/581/581 580/580/580
f 563/563/563 564/564/564 582/582/582
f 563/563/563 582/582/582 581/581/581
f 564/564/564 565/565/565 583/583/583
f 564/564/564 583/583/583 582/582/582
f 565/565/565 566/566/566 584/584/584
f 565/565/565 584/584/584 583/583/583
f 566/566/566 567/567/567 585/585/585
f 566/566/566 585/585/585 584/584/584
f 567/567/567 568/568/568 586/586/586
f 567/567/567 586/586/586 585/585/585
f 568/568/568 569/569/569 587/587/587
f 568/568/568 587/587/587 586/586/586
f 569/569/569 570/570/570 588/588/588
f 569/569/569 588/588/588 587/587/587
f 570/570/570 571/571/571 589/589/589
f 570/570/570 589/589/589 588/588/588
f 571/571/571 572/572/572 590/590/590
f 571/571/571 590/590/590 589/589/589
f 572/572/572 573/573/573 591/591/591
f 572/572/572 591/591/591 590/590/590
f 573/573/573 574/574/574 592/592/592
f 573/573/573 592/592/592 591/591/591
f 574/574/574 575/575/575 593/593/593
f 574/574/574 593/593/593 592/592/592
f 575/575/575 576/576/576 594/594/594
f 575/575/575 594/594/594 593/593/593
f 576/576/576 559/559/559 577/577/577
f 576/576/576 577/577/577 594/594/594
f 577/577/577 578/578/578 596/596/596
f 577/577/577 596/596/596 595/595/595
f 578/578/578 579/579/579 597/597/597
f 578/578/578 597/597/597 596/596/596
f 579/579/579 580/580/580 598/598/598
f 579/579/579 598/598/598 597/597/597
f 580/580/580 581/581/581 599/599/599
f 580/580/580 599/599/599 598/598/598
f 581/581/581 582/582/582 600/600/600
f 581/581/581 600/600/600 599/599/599
f 582/582/582 583/583/583 601/601/601
f 582/582/582 601/601/601 600/600/600
f 583/583/583 584/584/584 602/602/602
f 583/583/583 602/602/602 601/601/601
f 584/584/584 585/585/585 603/603/603
f 584/584/584 603/603/603 602/602/602
f 585/585/585 586/586/586 604/604/604
f 585/585/585 604/604/604 603/603/603
f 586/586/586 587/587/587 605/605/605
f 586/586/586 605/605/605 604/604/604
f 587/587/587 588/588/588 606/606/606
f 587/587/587 606/606/606 605/605/605
f 588/588/588 589/589/589 607/607/607
f 588/588/588 607/607/607 606/606/606
f 589/589/589 590/590/590 608/608/608
f 589/589/589 608/608/608 607/607/607
f 590/590/590 591/591/591 609/609/609
f 590/590/590 609/609/609 608/608/608
f 591/591/591 592/592/592 610/610/610
f 591/591/591 610/610/610 609/609/609
f 592/592/592 593/593/593 611/611/611
f 592/592/592 611/611/611 610/610/610
f 593/593/593 594/594/594 612/612/612
f 593/593/593 612/612/612 611/611/611
f 594/594/594 577/577/577 595/595/595
f 594/594/594 595/595/595 612/612/612
f 595/595/595 596/596/596 614/614/614
f 595/595/595 614/614/614 613/613/613
f 596/596/596 597/597/597 615/615/615
f 596/596/596 615/615/615 614/614/614
f 597/597/597 598/598/598 616/616/616
f 597/597/597 616/616/616 615/615/615
f 598/598/598 599/599/599 617/617/617
f 598/598/598 617/617/617 616/616/616
f 599/599/599 600/600/600 618/618/618
f 599/599/599 618/618/618 617/617/617
f 600/600/600 601/601/601 619/619/619
f 600/600/600 619/619/619 618/618/618
f 601/601/601 602/602/602 620/620/620
f 601/601/601 620/620/620 619/619/619
f 602/602/602 603/603/603 621/621/621
f 602/602/602 621/621/621 620/620/620
f 603/603/603 604/604/604 622/622/622
f 603/603/603 622/622/622 621/621/621
f 604/604/604 605/605/605 623/623/623
f 604/604/604 623/623/623 622/622/622
f 605/605/605 606/606/606 624/624/624
f 605/605/605 624/624/624 623/623/623
f 606/606/606 607/607/607 625/625/625
f 606/606/606 625/625/625 624/624/624
f 607/607/607 608/608/608 626/626/626
f 607/607/607 626/626/626 625/625/625
f 608/608/608 609/609/609 627/627/627
f 608/608/608 627/627/627 626/626/626
f 609/609/609 610/610/610 628/628/628
f 609/609/609 628/628/628 627/627/627
f 610/610/610 611/611/611 629/629/629
f 610/610/610 629/629/629 628/628/628
f 611/611/611 612/612/612 630/630/630
f 611/611/611 630/630/630 629/629/629
f 612/612/612 595/595/595 613/613/613
f 612/612/612 613/613/613 630/630/630
f 613/613/613 614/614/614 632/632/632
f 613/613/613 632/632/632 631/631/631
f 614/614/614 615/615/615 633/633/633
f 614/614/614 633/633/633 632/632/632
f 615/615/615 616/616/616 634/634/634
f 615/615/615 634/634/634 633/633/633
f 616/616/616 617/617/617 635/635/635
f 616/616/616 635/635/635 634/634/634
f 617/617/617 618/618/618 636/636/636
f 617/617/617 636/636/636 635/635/635
f 618/618/618 619/619/619 637/637/637
f 618/618/618 637/637/637 636/636/636
f 619/619/619 620/620/620 638/638/638
f 619/619/619 638/638/638 637/637/637
f 620/620/620 621/621/621 639/639/639
f 620/620/620 639/639/639 638/638/638
f 621/621/621 622/622/622 640/640/640
f 621/621/621 640/640/640 639/639/639
f 622/622/622 623/623/623 641/641/641
f 622/622/622 641/641/641 640/640/640
f 623/623/623 624/624/624 642/642/642
f 623/623/623 642/642/642 641/641/641
f 624/624/624 625/625/625 643/643/643
f 624/624/624 643/643/643 642/642/642
f 625/625/625 626/626/626 644/644/644
f 625/625/625 644/644/644 643/643/643
f 626/626/626 627/627/627 645/645/645
f 626/626/626 645/645/645 644/644/644
f 627/627/627 628/628/628 646/646/646
f 627/627/627 646/646/646 645/645/645
f 628/628/628 629/629/629 647/647/647
f 628/628/628 647/647/647 646/646/646
f 629/629/629 630/630/630 648/648/648
f 629/629/629 648/648/648 647/647/647
f 630/630/630 613/613/613 631/631/631
f 630/630/630 631/631/631 648/648/648
f 631/631/631 632/632/632 650/650/650
f 631/631/631 650/650/650 649/649/649
f 632/632/632 633/633/633 651/651/651
f 632/632/632 651/651/651 650/650/650
f 633/633/633 634/634/634 652/652/652
f 633/633/633 652/652/652 651/651/651
f 634/634/634 635/635/635 653/653/653
f 634/634/634 653/653/653 652/652/652
f 635/635/635 636/636/636 654/654/654
f 635/635/635 654/654/654 653/653/653
f 636/636/636 637/637/637 655/655/655
f 636/636/636 655/655/655 654/654/654
f 637/637/637 638/638/638 656/656/656
f 637/637/637 656/656/656 655/655/655
f 638/638/638 639/639/639 657/657/657
f 638/638/638 657/657/657 656/656/656
f 639/639/639 640/640/640 658/658/658
f 639/639/639 658/658/658 657/657/657
f 640/640/640 641/641/641 659/659/659
f 640/640/640 659/659/659 658/658/658
f 641/641/641 642/642/642 660/660/660
f 641/641/641 660/660/660 659/659/659
f 642/642/642 643/643/643 661/661/661
f 642/642/642 661/661/661 660/660/660
f 643/643/643 644/644/644 662/662/662
f 643/643/643 662/662/662 661/661/661
f 644/644/644 645/645/645 663/663/663
f 644/644/644 663/663/663 662/662/662
f 645/645/645 646/646/646 664/664/664
f 645/645/645 664/664/664 663/663/663
f 646/646/646 647/647/647 665/665/665
f 646/646/646 665/665/665 664/664/664
f 647/647/647 648/648/648 666/666/666
f 647/647/647 666/666/666 665/665/665
f 648/648/648 631/631/631 649/649/649
f 648/648/648 649/649/649 666/666/666
f 649/649/649 650/650/650 668/668/668
f 649/649/649 668/668/668 667/667/667
f 650/650/650 651/651/651 669/669/669
f 650/650/650 669/669/669 668/668/668
f 651/651/651 652/652/652 670/670/670
f 651/651/651 670/670/670 669/669/669
f 652/652/652 653/653/653 671/671/671
f 652/652/652 671/671/671 670/670/670
f 653/653/653 654/654/654 672/672/672
f 653/653/653 672/672/672 671/671/671
f 654/654/654 655/655/655 673/673/673
f 654/654/654 673/673/673 672/672/672
f 655/655/655 656/656/656 674/674/674
f 655/655/655 674/674/674 673/673/673
f 656/656/656 657/657/657 675/675/675
f 656/656/656 675/675/675 674/674/674
f 657/657/657 658/658/658 676/676/676
f 657/657/657 676/676/676 675/675/675
f 658/658/658 659/659/659 677/677/677
f 658/658/658 677/677/677 676/676/676
f 659/659/659 660/660/660 678/678/678
f 659/659/659 678/678/678 677/677/677
f 660/660/660 661/661/661 679/679/679
f 660/660/660 679/679/679 678/678/678
f 661/661/661 662/662/662 680/680/680
f 661/661/661 680/680/680 679/679/679
f 662/662/662 663/663/663 681/681/681
f 662/662/662 681/681/681 680/680/680
f 663/663/663 664/664/664 682/682/682
f 663/663/663 682/682/682 681/681/681
f 664/664/664 665/665/665 683/683/683
f 664/664/664 683/683/683 682/682/682
f 665/665/665 666/666/666 684/684/684
f 665/665/665 684/684/684 683/683/683
f 666/666/666 649/649/649 667/667/667
f 666/666/666 667/667/667 684/684/684
f 667/667/667 668/668/668 686/686/686
f 667/667/667 686/686/686 685/685/685
f 668/668/668 669/669/669 687/687/687
f 668/668/668 687/687/687 686/686/686
f 669/669/669 670/670/670 688/688/688
f 669/669/669 688/688/688 687/687/687
f 670/670/670 671/671/671 689/689/689
f 670/670/670 689/689/689 688/688/688
f 671/671/671 672/672/672 690/690/690
f 671/671/671 690/690/690 689/689/689
f 672/672/672 673/673/673 691/691/691
f 672/672/672 691/691/691 690/690/690
f 673/673/673 674/674/674 692/692/692
f 673/673/673 692/692/692 691/691/691
f 674/674/674 675/675/675 693/693/693
f 674/674/674 693/693/693 692/692/692
f 675/675/675 676/676/676 694/694/694
f 675/675/675 694/694/694 693/693/693
f 676/676/676 677/677/677 695/695/695
f 676/676/676 695/695/695 694/694/694
f 677/677/677 678/678/678 696/696/696
f 677/677/677 696/696/696 695/695/695
f 678/678/678 679/679/679 697/697/697
f 678/678/678 697/697/697 696/696/696
f 679/679/679 680/680/680 698/698/698
f 679/679/679 698/698/698 697/697/697
f 680/680/680 681/681/681 699/699/699
f 680/680/680 699/699/699 698/698/698
f 681/681/681 682/682/682 700/700/700
f 681/681/681 700/700/700 699/699/699
f 682/682/682 683/683/683 701/701/701
f 682/682/682 701/701/701 700/700/700
f 683/683/683 684/684/684 702/702/702
f 683/683/683 702/702/702 701/701/701
f 684/684/684 667/667/667 685/685/685
f 684/684/684 685/685/685 702/702/702
f 685/685/685 686/686/686 704/704/704
f 685/685/685 704/704/704 703/703/703
f 686/686/686 687/687/687 705/705/705
f 686/686/686 705/705/705 704/704/704
f 687/687/687 688/688/688 706/706/706
f 687/687/687 706/706/706 705/705/705
f 688/688/688 689/689/689 707/707/707
f 688/688/688 707/707/707 706/706/706
f 689/689/689 690/690/690 708/708/708
f 689/689/689 708/708/708 707/707/707
f 690/690/690 691/691/691 709/709/709
f 690/690/690 709/709/709 708/708/708
f 691/691/691 692/692/692 710/710/710
f 691/691/691 710/710/710 709/709/709
f 692/692/692 693/693/693 711/711/711
f 692/692/692 711/711/711 710/710/710
f 693/693/693 694/694/694 712/712/712
f 693/693/693 712/712/712 711/711/711
f 694/694/694 695/695/695 713/713/713
f 694/694/694 713/713/713 712/712/712
f 695/695/695 696/696/696 714/714/714
f 695/695/695 714/714/714 713/713/713
f 696/696/696 697/697/697 715/715/715
f 696/696/696 715/715/715 714/714/714
f 697/697/697 698/698/698 716/716/716
f 697/697/697 716/716/716 715/715/715
f 698/698/698 699/699/699 717/717/717
f 698/698/698 717/717/717 716/716/716
f 699/699/699 700/700/700 718/718/718
f 699/699/699 718/718/718 717/717/717
f 700/700/700 701/701/701 719/719/719
f 700/700/700 719/719/719 718/718/718
f 701/701/701 702/702/702 720/720/720
f 701/701/701 720/720/720 719/719/719
f 702/702/702 685/685/685 703/703/703
f 702/702/702 703/703/703 720/720/720
f 703/703/703 704/704/704 722/722/722
f 703/703/703 722/722/722 721/721/721
f 704/704/704 705/705/705 723/723/723
f 704/704/704 723/723/723 722/722/722
f 705/705/705 706/706/706 724/724/724
f 705/705/705 724/724/724 723/723/723
f 706/706/706 707/707/707 725/725/725
f 706/706/706 725/725/725 724/724/724
f 707/707/707 708/708/708 726/726/726
f 707/707/707 726/726/726 725/725/725
f 708/708/708 709/709/709 727/727/727
f 708/708/708 727/727/727 726/726/726
f 709/709/709 710/710/710 728/728/728
f 709/709/709 728/728/728 727/727/727
f 710/710/710 711/711/711 729/729/729
f 710/710/710 729/729/729 728/728/728
f 711/711/711 712/712/712 730/730/730
f 711/711/711 730/730/730 729/729/729
f 712/712/712 713/713/713 731/731/731
f 712/712/712 731/731/731 730/730/730
f 713/713/713 714/714/714 732/732/732
f 713/713/713 732/732/732 731/731/731
f 714/714/714 715/715/715 733/733/733
f 714/714/714 733/733/733 732/732/732
f 715/715/715 716/716/716 734/734/734
f 715/715/715 734/734/734 733/733/733
f 716/716/716 717/717/717 735/735/735
f 716/716/716 735/735/735 734/734/734
f 717/717/717 718/718/718 736/736/736
f 717/717/717 736/736/736 735/735/735
f 718/718/718 719/719/719 737/737/737
f 718/718/718 737/737/737 736/736/736
f 719/719/719 720/720/720 738/738/738
f 719/719/719 738/738/738 737/737/737
f 720/720/720 703/703/703 721/721/721
f 720/720/720 721/721/721 738/738/738
f 721/721/721 722/722/722 740/740/740
f 721/721/721 740/740/740 739/739/739
f 722/722/722 723/723/723 741/741/741
f 722/722/722 741/741/741 740/740/740
f 723/723/723 724/724/724 742/742/742
f 723/723/723 742/742/742 741/741/741
f 724/724/724 725/725/725 743/743/743
f 724/724/724 743/743/743 742/742/742
f 725/725/725 726/726/726 744/744/744
f 725/725/725 744/744/744 743/743/743
f 726/726/726 727/727/727 745/745/745
f 726/726/726 745/745/745 744/744/744
f 727/727/727 728/728/728 746/746/746
f 727/727/727 746/746/746 745/745/745
f 728/728/728 729/729/729 747/747/747
f 728/728/728 747/747/747 746/746/746
f 729/729/729 730/730/730 748/748/748
f 729/729/729 748/748/748 747/747/747
f 730/730/730 731/731/731 749/749/749
f 730/730/730 749/749/749 748/748/748
f 731/731/731 732/732/732 750/750/750
f 731/731/731 750/750/750 749/749/749
f 732/732/732 733/733/733 751/751/751
f 732/732/732 751/751/751 750/750/750
f 733/733/733 734/734/734 752/752/752
f 733/733/733 752/752/752 751/751/751
f 734/734/734 735/735/735 753/753/753
f 734/734/734 753/753/753 752/752/752
f 735/735/735 736/736/736 754/754/754
f 735/735/735 754/754/754 753/753/753
f 736/736/736 737/737/737 755/755/755
f 736/736/736 755/755/755 754/754/754
f 737/737/737 738/738/738 756/756/756
f 737/737/737 756/756/756 755/755/755
f 738/738/738 721/721/721 739/739/739
f 738/738/738 739/739/739 756/756/756
f 739/739/739 740/740/740 758/758/758
f 739/739/739 758/758/758 757/757/757
f 740/740/740 741/741/741 759/759/759
f 740/740/740 759/759/759 758/758/758
f 741/741/741 742/742/742 760/760/760
f 741/741/741 760/760/760 759/759/759
f 742/742/742 743/743/743 761/761/761
f 742/742/742 761/761/761 760/760/760
f 743/743/743 744/744/744 762/762/762
f 743/743/743 762/762/762 761/761/761
f 744/744/744 745/745/745 763/763/763
f 744/744/744 763/763/763 762/762/762
f 745/745/745 746/746/746 764/764/764
f 745/745/745 764/764/764 763/763/763
f 746/746/746 747/747/747 765/765/765
f 746/746/746 765/765/765 764/764/764
f 747/747/747 748/748/748 766/766/766
f 747/747/747 766/766/766 765/765/765
f 748/748/748 749/749/749 767/767/767
f 748/748/748 767/767/767 766/766/766
f 749/749/749 750/750/750 768/768/768
f 749/749/749 768/768/768 767/767/767
f 750/750/750 751/751/751 769/769/769
f 750/750/750 769/769/769 768/768/768
f 751/751/751 752/752/752 770/770/770
f 751/751/751 770/770/770 769/769/769
f 752/752/752 753/753/753 771/771/771
f 752/752/752 771/771/771 770/770/770
f 753/753/753 754/754/754 772/772/772
f 753/753/753 772/772/772 771/771/771
f 754/754/754 755/755/755 773/773/773
f 754/754/754 773/773/773 772/772/772
f 755/755/755 756/756/756 774/774/774
f 755/755/755 774/774/774 773/773/773
f 756/756/756 739/739/739 757/757/757
f 756/756/756 757/757/757 774/774/774
f 757/757/757 758/758/758 776/776/776
f 757/757/757 776/776/776 775/775/775
f 758/758/758 759/759/759 777/777/777
f 758/758/758 777/777/777 776/776/776
f 759/759/759 760/760/760 778/778/778
f 759/759/759 778/778/778 777/777/777
f 760/760/760 761/761/761 779/779/779
f 760/760/760 779/779/779 778/778/778
f 761/761/761 762/762/762 780/780/780
f 761/761/761 780/780/780 779/779/779
f 762/762/762 763/763/763 781/781/781
f 762/762/762 781/781/781 780/780/780
f 763/763/763 764/764/764 782/782/782
f 763/763/763 782/782/782 781/781/781
f 764/764/764 765/765/765 783/783/783
f 764/764/764 783/783/783 782/782/782
f 765/765/765 766/766/766 784/784/784
f 765/765/765 784/784/784 783/783/783
f 766/766/766 767/767/767 785/785/785
f 766/766/766 785/785/785 784/784/784
f 767/767/767 768/768/768 786/786/786
f 767/767/767 786/786/786 785/785/785
f 768/768/768 769/769/769 787/787/787
f 768/768/768 787/787/787 786/786/786
f 769/769/769 770/770/770 788/788/788
f 769/769/769 788/788/788 787/787/787
f 770/770/770 771/771/771 789/789/789
f 770/770/770 789/789/789 788/788/788
f 771/771/771 772/772/772 790/790/790
f 771/771/771 790/790/790 789/789/789
f 772/772/772 773/773/773 791/791/791
f 772/772/772 791/791/791 790/790/790
f 773/773/773 774/774/774 792/792/792
f 773/773/773 792/792/792 791/791/791
f 774/774/774 757/757/757 775/775/775
f 774/774/774 775/775/775 792/792/792
f 775/775/775 776/776/776 794/794/794
f 775/775/775 794/794/794 793/793/793
f 776/776/776 777/777/777 795/795/795
f 776/776/776 795/795/795 794/794/794
f 777/777/777 778/778/778 796/796/796
f 777/777/777 796/796/796 795/795/795
f 778/778/778 779/779/779 797/797/797
f 778/778/778 797/797/797 796/796/796
f 779/779/779 780/780/780 798/798/798
f 779/779/779 798/798/798 797/797/797
f 780/780/780 781/781/781 799/799/799
f 780/780/780 799/799/799 798/798/798
f 781/781/781 782/782/782 800/800/800
f 781/781/781 800/800/800 799/799/799
f 782/782/782 783/783/783 801/801/801
f 782/782/782 801/801/801 800/800/800
f 783/783/783 784/784/784 802/802/802
f 783/783/783 802/802/802 801/801/801
f 784/784/784 785/785/785 803/803/803
f 784/784/784 803/803/803 802/802/802
f 785/785/785 786/786/786 804/804/804
f 785/785/785 804/804/804 803/803/803
f 786/786/786 787/787/787 805/805/805
f 786/786/786 805/805/805 804/804/804
f 787/787/787 788/788/788 806/806/806
f 787/787/787 806/806/806 805/805/805
f 788/788/788 789/789/789 807/807/807
f 788/788/788 807/807/807 806/806/806
f 789/789/789 790/790/790 808/808/808
f 789/789/789 808/808/808 807/807/807
f 790/790/790 791/791/791 809/809/809
f 790/790/790 809/809/809 808/808/808
f 791/791/791 792/792/792 810/810/810
f 791/791/791 810/810/810 809/809/809
f 792/792/792 775/775/775 793/793/793
f 792/792/792 793/793/793 810/810/810
f 793/793/793 794/794/794 812/812/812
f 793/793/793 812/812/812 811/811/811
f 794/794/794 795/795/795 813/813/813
f 794/794/794 813/813/813 812/812/812
f 795/795/795 796/796/796 814/814/814
f 795/795/795 814/814/814 813/813/813
f 796/796/796 797/797/797 815/815/815
f 796/796/796 815/815/815 814/814/814
f 797/797/797 798/798/798 816/816/816
f 797/797/797 816/816/816 815/815/815
f 798/798/798 799/799/799 817/817/817
f 798/798/798 817/817/817 816/816/816
f 799/799/799 800/800/800 818/818/818
f 799/799/799 818/818/818 817/817/817
f 800/800/800 801/801/801 819/819/819
f 800/800/800 819/819/819 818/818/818
f 801/801/801 802/802/802 820/820/820
f 801/801/801 820/820/820 819/819/819
f 802/802/802 803/803/803 821/821/821
f 802/802/802 821/821/821 820/820/820
f 803/803/803 804/804/804 822/822/822
f 803/803/803 822/822/822 821/821/821
f 804/804/804 805/805/805 823/823/823
f 804/804/804 823/823/823 822/822/822
f 805/805/805 806/806/806 824/824/824
f 805/805/805 824/824/824 823/823/823
f 806/806/806 807/807/807 825/825/825
f 806/806/806 825/825/825 824/824/824
f 807/807/807 808/808/808 826/826/826
f 807/807/807 826/826/826 825/825/825
f 808/808/808 809/809/809 827/827/827
f 808/808/808 827/827/827 826/826/826
f 809/809/809 810/810/810 828/828/828
f 809/809/809 828/828/828 827/827/827
f 810/810/810 793/793/793 811/811/811
f 810/810/810 811/811/811 828/828/828
f 811/811/811 812/812/812 830/830/830
f 811/811/811 830/830/830 829/829/829
f 812/812/812 813/813/813 831/831/831
f 812/812/812 831/831/831 830/830/830
f 813/813/813 814/814/814 832/832/832
f 813/813/813 832/832/832 831/831/831
f 814/814/814 815/815/815 833/833/833
f 814/814/814 833/833/833 832/832/832
f 815/815/815 816/816/816 834/834/834
f 815/815/815 834/834/834 833/833/833
f 816/816/816 817/817/817 835/835/835
f 816/816/816 835/835/835 834/834/834
f 817/817/817 818/818/818 836/836/836
f 817/817/817 836/836/836 835/835/835
f 818/818/818 819/819/819 837/837/837
f 818/818/818 837/837/837 836/836/836
f 819/819/819 820/820/820 838/838/838
f 819/819/819 838/838/838 837/837/837
f 820/820/820 821/821/821 839/839/839
f 820/820/820 839/839/839 838/838/838
f 821/821/821 822/822/822 840/840/840
f 821/821/821 840/840/840 839/839/839
f 822/822/822 823/823/823 841/841/841
f 822/822/822 841/841/841 840/840/840
f 823/823/823 824/824/824 842/842/842
f 823/823/823 842/842/842 841/841/841
f 824/824/824 825/825/825 843/843/843
f 824/824/824 843/843/843 842/842/842
f 825/825/825 826/826/826 844/844/844
f 825/825/825 844/844/844 843/843/843
f 826/826/826 827/827/827 845/845/845
f 826/826/826 845/845/845 844/844/844
f 827/827/827 828/828/828 846/846/846
f 827/827/827 846/846/846 845/845/845
f 828/828/828 811/811/811 829/829/829
f 828/828/828 829/829/829 846/846/846
f 829/829/829 830/830/830 848/848/848
f 829/829/829 848/848/848 847/847/847
f 830/830/830 831/831/831 849/849/849
f 830/830/830 849/849/849 848/848/848
f 831/831/831 832/832/832 850/850/850
f 831/831/831 850/850/850 849/849/849
f 832/832/832 833/833/833 851/851/851
f 832/832/832 851/851/851 850/850/850
f 833/833/833 834/834/834 852/852/852
f 833/833/833 852/852/852 851/851/851
f 834/834/834 835/835/835 853/853/853
f 834/834/834 853/853/853 852/852/852
f 835/835/835 836/836/836 854/854/854
f 835/835/835 854/854/854 853/853/853
f 836/836/836 837/837/837 855/855/855
f 836/836/836 855/855/855 854/854/854
f 837/837/837 838/838/838 856/856/856
f 837/837/837 856/856/856 855/855/855
f 838/838/838 839/839/839 857/857/857
f 838/838/838 857/857/857 856/856/856
f 839/839/839 840/840/840 858/858/858
f 839/839/839 858/858/858 857/857/857
f 840/840/840 841/841/841 859/859/859
f 840/840/840 859/859/859 858/858/858
f 841/841/841 842/842/842 860/860/860
f 841/841/841 860/860/860 859/859/859
f 842/842/842 843/843/843 861/861/861
f 842/842/842 861/861/861 860/860/860
f 843/843/843 844/844/844 862/862/862
f 843/843/843 862/862/862 861/861/861
f 844/844/844 845/845/845 863/863/863
f 844/844/844 863/863/863 862/862/862
f 845/845/845 846/846/846 864/864/864
f 845/845/845 864/864/864 863/863/863
f 846/846/846 829/829/829 847/847/847
f 846/846/846 847/847/847 864/864/864
f 847/847/847 848/848/848 866/866/866
f 847/847/847 866/866/866 865/865/865
f 848/848/848 849/849/849 867/867/867
f 848/848/848 867/867/867 866/866/866
f 849/849/849 850/850/850 868/868/868
f 849/849/849 868/868/868 867/867/867
f 850/850/850 851/851/851 869/869/869
f 850/850/850 869/869/869 868/868/868
f 851/851/851 852/852/852 870/870/870
f 851/851/851 870/870/870 869/869/869
f 852/852/852 853/853/853 871/871/871
f 852/852/852 871/871/871 870/870/870
f 853/853/853 854/854/854 872/872/872
f 853/853/853 872/872/872 871/871/871
f 854/854/854 855/855/855 873/873/873
f 854/854/854 873/873/873 872/872/872
f 855/855/855 856/856/856 874/874/874
f 855/855/855 874/874/874 873/873/873
f 856/856/856 857/857/857 875/875/875
f 856/856/856 875/875/875 874/874/874
f 857/857/857 858/858/858 876/876/876
f 857/857/857 876/876/876 875/875/875
f 858/858/858 859/859/859 877/877/877
f 858/858/858 877/877/877 876/876/876
f 859/859/859 860/860/860 878/878/878
f 859/859/859 878/878/878 877/877/877
f 860/860/860 861/861/861 879/879/879
f 860/860/860 879/879/879 878/878/878
f 861/861/861 862/862/862 880/880/880
f 861/861/861 880/880/880 879/879/879
f 862/862/862 863/863/863 881/881/881
f 862/862/862 881/881/881 880/880/880
f 863/863/863 864/864/864 882/882/882
f 863/863/863 882/882/882 881/881/881
f 864/864/864 847/847/847 865/865/865
f 864/864/864 865/865/865 882/882/882
f 865/865/865 866/866/866 884/884/884
f 865/865/865 884/884/884 883/883/883
f 866/866/866 867/867/867 885/885/885
f 866/866/866 885/885/885 884/884/884
f 867/867/867 868/868/868 886/886/886
f 867/867/867 886/886/886 885/885/885
f 868/868/868 869/869/869 887/887/887
f 868/868/868 887/887/887 886/886/886
f 869/869/869 870/870/870 888/888/888
f 869/869/869 888/888/888 887/887/887
f 870/870/870 871/871/871 889/889/889
f 870/870/870 889/889/889 888/888/888
f 871/871/871 872/872/872 890/890/890
f 871/871/871 890/890/890 889/889/889
f 872/872/872 873/873/873 891/891/891
f 872/872/872 891/891/891 890/890/890
f 873/873/873 874/874/874 892/892/892
f 873/873/873 892/892/892 891/891/891
f 874/874/874 875/875/875 893/893/893
f 874/874/874 893/893/893 892/892/892
f 875/875/875 876/876/876 894/894/894
f 875/875/875 894/894/894 893/893/893
f 876/876/876 877/877/877 895/895/895
f 876/876/876 895/895/895 894/894/894
f 877/877/877 878/878/878 896/896/896
f 877/877/877 896/896/896 895/895/895
f 878/878/878 879/879/879 897/897/897
f 878/878/878 897/897/897 896/896/896
f 879/879/879 880/880/880 898/898/898
f 879/879/879 898/898/898 897/897/897
f 880/880/880 881/881/881 899/899/899
f 880/880/880 899/899/899 898/898/898
f 881/881/881 882/882/882 900/900/900
f 881/881/881 900/900/900 899/899/899
f 882/882/882 865/865/865 883/883/883
f 882/882/882 883/883/883 900/900/900
f 883/883/883 884/884/884 902/902/902
f 883/883/883 902/902/902 901/901/901
f 884/884/884 885/885/885 903/903/903
f 884/884/884 903/903/903 902/902/902
f 885/885/885 886/886/886 904/904/904
f 885/885/885 904/904/904 903/903/903
f 886/886/886 887/887/887 905/905/905
f 886/886/886 905/905/905 904/904/904
f 887/887/887 888/888/888 906/906/906
f 887/887/887 906/906/906 905/905/905
f 888/888/888 889/889/889 907/907/907
f 888/888/888 907/907/907 906/906/906
f 889/889/889 890/890/890 908/908/908
f 889/889/889 908/908/908 907/907/907
f 890/890/890 891/891/891 909/909/909
f 890/890/890 909/909/909 908/908/908
f 891/891/891 892/892/892 910/910/910
f 891/891/891 910/910/910 909/909/909
f 892/892/892 893/893/893 911/911/911
f 892/892/892 911/911/911 910/910/910
f 893/893/893 894/894/894 912/912/912
f 893/893/893 912/912/912 911/911/911
f 894/894/894 895/895/895 913/913/913
f 894/894/894 913/913/913 912/912/912
f 895/895/895 896/896/896 914/914/914
f 895/895/895 914/914/914 913/913/913
f 896/896/896 897/897/897 915/915/915
f 896/896/896 915/915/915 914/914/914
f 897/897/897 898/898/898 916/916/916
f 897/897/897 916/916/916 915/915/915
f 898/898/898 899/899/899 917/917/917
f 898/898/898 917/917/917 916/916/916
f 899/899/899 900/900/900 918/918/918
f 899/899/899 918/918/918 917/917/917
f 900/900/900 883/883/883 901/901/901
f 900/900/900 901/901/901 918/918/918
f 901/901/901 902/902/902 920/920/920
f 901/901/901 920/920/920 919/919/919
f 902/902/902 903/903/903 921/921/921
f 902/902/902 921/921/921 920/920/920
f 903/903/903 904/904/904 922/922/922
f 903/903/903 922/922/922 921/921/921
f 904/904/904 905/905/905 923/923/923
f 904/904/904 923/923/923 922/922/922
f 905/905/905 906/906/906 924/924/924
f 905/905/905 924/924/924 923/923/923
f 906/906/906 907/907/907 925/925/925
f 906/906/906 925/925/925 924/924/924
f 907/907/907 908/908/908 926/926/926
f 907/907/907 926/926/926 925/925/925
f 908/908/908 909/909/909 927/927/927
f 908/908/908 927/927/927 926/926/926
f 909/909/909 910/910/910 928/928/928
f 909/909/909 928/928/928 927/927/927
f 910/910/910 911/911/911 929/929/929
f 910/910/910 929/929/929 928/928/928
f 911/911/911 912/912/912 930/930/930
f 911/911/911 930/930/930 929/929/929
f 912/912/912 913/913/913 931/931/931
f 912/912/912 931/931/931 930/930/930
f 913/913/913 914/914/914 932/932/932
f 913/913/913 932/932/932 931/931/931
f 914/914/914 915/915/915 933/933/933
f 914/914/914 933/933/933 932/932/932
f 915/915/915 916/916/916 934/934/934
f 915/915/915 934/934/934 933/933/933
f 916/916/916 917/917/917 935/935/935
f 916/916/916 935/935/935 934/934/934
f 917/917/917 918/918/918 936/936/936
f 917/917/917 936/936/936 935/935/935
f 918/918/918 901/901/901 919/919/919
f 918/918/918 919/919/919 936/936/936
f 919/919/919 920/920/920 938/938/938
f 919/919/919 938/938/938 937/937/937
f 920/920/920 921/921/921 939/939/939
f 920/920/920 939/939/939 938/938/938
f 921/921/921 922/922/922 940/940/940
f 921/921/921 940/940/940 939/939/939
f 922/922/922 923/923/923 941/941/941
f 922/922/922 941/941/941 940/940/940
f 923/923/923 924/924/924 942/942/942
f 923/923/923 942/942/942 941/941/941
f 924/924/924 925/925/925 943/943/943
f 924/924/924 943/943/943 942/942/942
f 925/925/925 926/926/926 944/944/944
f 925/925/925 944/944/944 943/943/943
f 926/926/926 927/927/927 945/945/945
f 926/926/926 945/945/945 944/944/944
f 927/927/927 928/928/928 946/946/946
f 927/927/927 946/946/946 945/945/945
f 928/928/928 929/929/929 947/947/947
f 928/928/928 947/947/947 946/946/946
f 929/929/929 930/930/930 948/948/948
f 929/929/929 948/948/948 947/947/947
f 930/930/930 931/931/931 949/949/949
f 930/930/930 949/949/949 948/948/948
f 931/931/931 932/932/932 950/950/950
f 931/931/931 950/950/950 949/949/949
f 932/932/932 933/933/933 951/951/951
f 932/932/932 951/951/951 950/950/950
f 933/933/933 934/934/934 952/952/952
f 933/933/933 952/952/952 951/951/951
f 934/934/934 935/935/935 953/953/953
f 934/934/934 953/953/953 952/952/952
f 935/935/935 936/936/936 954/954/954
f 935/935/935 954/954/954 953/953/953
f 936/936/936 919/919/919 937/937/937
f 936/936/936 937/937/937 954/954/954
f 937/937/937 938/938/938 956/956/956
f 937/937/937 956/956/956 955/955/955
f 938/938/938 939/939/939 957/957/957
f 938/938/938 957/957/957 956/956/956
f 939/939/939 940/940/940 958/958/958
f 939/939/939 958/958/958 957/957/957
f 940/940/940 941/941/941 959/959/959
f 940/940/940 959/959/959 958/958/958
f 941/941/941 942/942/942 960/960/960
f 941/941/941 960/960/960 959/959/959
f 942/942/942 943/943/943 961/961/961
f 942/942/942 961/961/961 960/960/960
f 943/943/943 944/944/944 962/962/962
f 943/943/943 962/962/962 961/961/961
f 944/944/944 945/945/945 963/963/963
f 944/944/944 963/963/963 962/962/962
f 945/945/945 946/946/946 964/964/964
f 945/945/945 964/964/964 963/963/963
f 946/946/946 947/947/947 965/965/965
f 946/946/946 965/965/965 964/964/964
f 947/947/947 948/948/948 966/966/966
f 947/947/947 966/966/966 965/965/965
f 948/948/948 949/949/949 967/967/967
f 948/948/948 967/967/967 966/966/966
f 949/949/949 950/950/950 968/968/968
f 949/949/949 968/968/968 967/967/967
f 950/950/950 951/951/951 969/969/969
f 950/950/950 969/969/969 968/968/968
f 951/951/951 952/952/952 970/970/970
f 951/951/951 970/970/970 969/969/969
f 952/952/952 953/953/953 971/971/971
f 952/952/952 971/971/971 970/970/970
f 953/953/953 954/954/954 972/972/972
f 953/953/953 972/972/972 971/971/971
f 954/954/954 937/937/937 955/955/955
f 954/954/954 955/955/955 972/972/972
f 955/955/955 956/956/956 974/974/974
f 955/955/955 974/974/974 973/973/973
f 956/956/956 957/957/957 975/975/975
f 956/956/956 975/975/975 974/974/974
f 957/957/957 958/958/958 976/976/976
f 957/957/957 976/976/976 975/975/975
f 958/958/958 959/959/959 977/977/977
f 958/958/958 977/977/977 976/976/976
f 959/959/959 960/960/960 978/978/978
f 959/959/959 978/978/978 977/977/977
f 960/960/960 961/961/961 979/979/979
f 960/960/960 979/979/979 978/978/978
f 961/961/961 962/962/962 980/980/980
f 961/961/961 980/980/980 979/979/979
f 962/962/962 963/963/963 981/981/981
f 962/962/962 981/981/981 980/980/980
f 963/963/963 964/964/964 982/982/982
f 963/963/963 982/982/982 981/981/981
f 964/964/964 965/965/965 983/983/983
f 964/964/964 983/983/983 982/982/982
f 965/965/965 966/966/966 984/984/984
f 965/965/965 984/984/984 983/983/983
f 966/966/966 967/967/967 985/985/985
f 966/966/966 985/985/985 984/984/984
f 967/967/967 968/968/968 986/986/986
f 967/967/967 986/986/986 985/985/985
f 968/968/968 969/969/969 987/987/987
f 968/968/968 987/987/987 986/986/986
f 969/969/969 970/970/970 988/988/988
f 969/969/969 988/988/988 987/987/987
f 970/970/970 971/971/971 989/989/989
f 970/970/970 989/989/989 988/988/988
f 971/971/971 972/972/972 990/990/990
f 971/971/971 990/990/990 989/989/989
f 972/972/972 955/955/955 973/973/973
f 972/972/972 973/973/973 990/990/990
f 973/973/973 974/974/974 992/992/992
f 973/973/973 992/992/992 991/991/991
f 974/974/974 975/975/975 993/993/993
f 974/974/974 993/993/993 992/992/992
f 975/975/975 976/976/976 994/994/994
f 975/975/975 994/994/994 993/993/993
f 976/976/976 977/977/977 995/995/995
f 976/976/976 995/995/995 994/994/994
f 977/977/977 978/978/978 996/996/996
f 977/977/977 996/996/996 995/995/995
f 978/978/978 979/979/979 997/997/997
f 978/978/978 997/997/997 996/996/996
f 979/979/979 980/980/980 998/998/998
f 979/979/979 998/998/998 997/997/997
f 980/980/980 981/981/981 999/999/999
f 980/980/980 999/999/999 998/998/998
f 981/981/981 982/982/982 1000/1000/1000
f 981/981/981 1000/1000/1000 999/999/999
f 982/982/982 983/983/983 1001/1001/1001
f 982/982/982 1001/1001/1001 1000/1000/1000
f 983/983/983 984/984/984 1002/1002/1002
f 983/983/983 1002/1002/1002 1001/1001/1001
f 984/984/984 985/985/985 1003/1003/1003
f 984/984/984 1003/1003/1003 1002/1002/1002
f 985/985/985 986/986/986 1004/1004/1004
f 985/985/985 1004/1004/1004 1003/1003/1003
f 986/986/986 987/987/987 1005/1005/1005
f 986/986/986 1005/1005/1005 1004/1004/1004
f 987/987/987 988/988/988 1006/1006/1006
f 987/987/987 1006/1006/1006 1005/1005/1005
f 988/988/988 989/989/989 1007/1007/1007
f 988/988/988 1007/1007/1007 1006/1006/1006
f 989/989/989 990/990/990 1008/1008/1008
f 989/989/989 1008/1008/1008 1007/1007/1007
f 990/990/990 973/973/973 991/991/991
f 990/990/990 991/991/991 1008/1008/1008
f 991/991/991 992/992/992 1010/1010/1010
f 991/991/991 1010/1010/1010 1009/1009/1009
f 992/992/992 993/993/993 1011/1011/1011
f 992/992/992 1011/1011/1011 1010/1010/1010
f 993/993/993 994/994/994 1012/1012/1012
f 993/993/993 1012/1012/1012 1011/1011/1011
f 994/994/994 995/995/995 1013/1013/1013
f 994/994/994 1013/1013/1013 1012/1012/1012
f 995/995/995 996/996/996 1014/1014/1014
f 995/995/995 1014/1014/1014 1013/1013/1013
f 996/996/996 997/997/997 1015/1015/1015
f 996/996/996 1015/1015/1015 1014/1014/1014
f 997/997/997 998/998/998 1016/1016/1016
f 997/997/997 1016/1016/1016 1015/1015/1015
f 998/998/998 999/999/999 1017/1017/1017
f 998/998/998 1017/1017/1017 1016/1016/1016
f 999/999/999 1000/1000/1000 1018/1018/1018
f 999/999/999 1018/1018/1018 1017/1017/1017
f 1000/1000/1000 1001/1001/1001 1019/1019/1019
f 1000/1000/1000 1019/1019/1019 1018/1018/1018
f 1001/1001/1001 1002/1002/1002 1020/1020/1020
f 1001/1001/1001 1020/1020/1020 1019/1019/1019
f 1002/1002/1002 1003/1003/1003 1021/1021/1021
f 1002/1002/1002 1021/1021/1021 1020/1020/1020
f 1003/1003/1003 1004/1004/1004 1022/1022/1022
f 1003/1003/1003 1022/1022/1022 1021/1021/1021
f 1004/1004/1004 1005/1005/1005 1023/1023/1023
f 1004/1004/1004 1023/1023/1023 1022/1022/1022
f 1005/1005/1005 1006/1006/1006 1024/1024/1024
f 1005/1005/1005 1024/1024/1024 1023/1023/1023
f 1006/1006/1006 1007/1007/1007 1025/1025/1025
f 1006/1006/1006 1025/1025/1025 1024/1024/1024
f 1007/1007/1007 1008/1008/1008 1026/1026/1026
f 1007/1007/1007 1026/1026/1026 1025/1025/1025
f 1008/1008/1008 991/991/991 1009/1009/1009
f 1008/1008/1008 1009/1009/1009 1026/1026/1026
f 1009/1009/1009 1010/1010/1010 1028/1028/1028
f 1009/1009/1009 1028/1028/1028 1027/1027/1027
f 1010/1010/1010 1011/1011/1011 1029/1029/1029
f 1010/1010/1010 1029/1029/1029 1028/1028/1028
f 1011/1011/1011 1012/1012/1012 1030/1030/1030
f 1011/1011/1011 1030/1030/1030 1029/1029/1029
f 1012/1012/1012 1013/1013/1013 1031/1031/1031
f 1012/1012/1012 1031/1031/1031 1030/1030/1030
f 1013/1013/1013 1014/1014/1014 1032/1032/1032
f 1013/1013/1013 1032/1032/1032 1031/1031/1031
f 1014/1014/1014 1015/1015/1015 1033/1033/1033
f 1014/1014/1014 1033/1033/1033 1032/1032/1032
f 1015/1015/1015 1016/1016/1016 1034/1034/1034
f 1015/1015/1015 1034/1034/1034 1033/1033/1033
f 1016/1016/1016 1017/1017/1017 1035/1035/1035
f 1016/1016/1016 1035/1035/1035 1034/1034/1034
f 1017/1017/1017 1018/1018/1018 1036/1036/1036
f 1017/1017/1017 1036/1036/1036 1035/1035/1035
f 1018/1018/1018 1019/1019/1019 1037/1037/1037
f 1018/1018/1018 1037/1037/1037 1036/1036/1036
f 1019/1019/1019 1020/1020/1020 1038/1038/1038
f 1019/1019/1019 1038/1038/1038 1037/1037/1037
f 1020/1020/1020 1021/1021/1021 1039/1039/1039
f 1020/1020/1020 1039/1039/1039 1038/1038/1038
f 1021/1021/1021 1022/1022/1022 1040/1040/1040
f 1021/1021/1021 1040/1040/1040 1039/1039/1039
f 1022/1022/1022 1023/1023/1023 1041/1041/1041
f 1022/1022/1022 1041/1041/1041 1040/1040/1040
f 1023/1023/1023 1024/1024/1024 1042/1042/1042
f 1023/1023/1023 1042/1042/1042 1041/1041/1041
f 1024/1024/1024 1025/1025/1025 1043/1043/1043
f 1024/1024/1024 1043/1043/1043 1042/1042/1042
f 1025/1025/1025 1026/1026/1026 1044/1044/1044
f 1025/1025/1025 1044/1044/1044 1043/1043/1043
f 1026/1026/1026 1009/1009/1009 1027/1027/1027
f 1026/1026/1026 1027/1027/1027 1044/1044/1044
f 1027/1027/1027 1028/1028/1028 1046/1046/1046
f 1027/1027/1027 1046/1046/1046 1045/1045/1045
f 1028/1028/1028 1029/1029/1029 1047/1047/1047
f 1028/1028/1028 1047/1047/1047 1046/1046/1046
f 1029/1029/1029 1030/1030/1030 1048/1048/1048
f 1029/1029/1029 1048/1048/1048 1047/1047/1047
f 1030/1030/1030 1031/1031/1031 1049/1049/1049
f 1030/1030/1030 1049/1049/1049 1048/1048/1048
f 1031/1031/1031 1032/1032/1032 1050/1050/1050
f 1031/1031/1031 1050/1050/1050 1049/1049/1049
f 1032/1032/1032 1033/1033/1033 1051/1051/1051
f 1032/1032/1032 1051/1051/1051 1050/1050/1050
f 1033/1033/1033 1034/1034/1034 1052/1052/1052
f 1033/1033/1033 1052/1052/1052 1051/1051/1051
f 1034/1034/1034 1035/1035/1035 1053/1053/1053
f 1034/1034/1034 1053/1053/1053 1052/1052/1052
f 1035/1035/1035 1036/1036/1036 1054/1054/1054
f 1035/1035/1035 1054/1054/1054 1053/1053/1053
f 1036/1036/1036 1037/1037/1037 1055/1055/1055
f 1036/1036/1036 1055/1055/1055 1054/1054/1054
f 1037/1037/1037 1038/1038/1038 1056/1056/1056
f 1037/1037/1037 1056/1056/1056 1055/1055/1055
f 1038/1038/1038 1039/1039/1039 1057/1057/1057
f 1038/1038/1038 1057/1057/1057 1056/1056/1056
f 1039/1039/1039 1040/1040/1040 1058/1058/1058
f 1039/1039/1039 1058/1058/1058 1057/1057/1057
f 1040/1040/1040 1041/1041/1041 1059/1059/1059
f 1040/1040/1040 1059/1059/1059 1058/1058/1058
f 1041/1041/1041 1042/1042/1042 1060/1060/1060
f 1041/1041/1041 1060/1060/1060 1059/1059/1059
f 1042/1042/1042 1043/1043/1043 1061/1061/1061
f 1042/1042/1042 1061/1061/1061 1060/1060/1060
f 1043/1043/1043 1044/1044/1044 1062/1062/1062
f 1043/1043/1043 1062/1062/1062 1061/1061/1061
f 1044/1044/1044 1027/1027/1027 1045/1045/1045
f 1044/1044/1044 1045/1045/1045 1062/1062/1062
usemtl Glass
f 1063/1063/1063 1064/1064/1064 1073/1073/1073
f 1063/1063/1063 1073/1073/1073 1072/1072/1072
f 1064/1064/1064 1065/1065/1065 1074/1074/1074
f 1064/1064/1064 1074/1074/1074 1073/1073/1073
f 1065/1065/1065 1066/1066/1066 1075/1075/1075
f 1065/1065/1065 1075/1075/1075 1074/1074/1074
f 1066/1066/1066 1067/1067/1067 1076/1076/1076
f 1066/1066/1066 1076/1076/1076 1075/1075/1075
f 1067/1067/1067 1068/1068/1068 1077/1077/1077
f 1067/1067/1067 1077/1077/1077 1076/1076/1076
f 1068/1068/1068 1069/1069/1069 1078/1078/1078
f 1068/1068/1068 1078/1078/1078 1077/1077/1077
f 1069/1069/1069 1070/1070/1070 1079/1079/1079
f 1069/1069/1069 1079/1079/1079 1078/1078/1078
f 1070/1070/1070 1071/1071/1071 1080/1080/1080
f 1070/1070/1070 1080/1080/1080 1079/1079/1079
f 1071/1071/1071 1063/1063/1063 1072/1072/1072
f 1071/1071/1071 1072/1072/1072 1080/1080/1080
f 1072/1072/1072 1073/1073/1073 1082/1082/1082
f 1072/1072/1072 1082/1082/1082 1081/1081/1081
f 1073/1073/1073 1074/1074/1074 1083/1083/1083
f 1073/1073/1073 1083/1083/1083 1082/1082/1082
f 1074/1074/1074 1075/1075/1075 1084/1084/1084
f 1074/1074/1074 1084/1084/1084 1083/1083/1083
f 1075/1075/1075 1076/1076/1076 1085/1085/1085
f 1075/1075/1075 1085/1085/1085 1084/1084/1084
f 1076/1076/1076 1077/1077/1077 1086/1086/1086
f 1076/1076/1076 1086/1086/1086 1085/1085/1085
f 1077/1077/1077 1078/1078/1078 1087/1087/1087
f 1077/1077/1077 1087/1087/1087 1086/1086/1086
f 1078/1078/1078 1079/1079/1079 1088/1088/1088
f 1078/1078/1078 1088/1088/1088 1087/1087/1087
f 1079/1079/1079 1080/1080/1080 1089/1089/1089
f 1079/1079/1079 1089/1089/1089 1088/1088/1088
f 1080/1080/1080 1072/1072/1072 1081/1081/1081
f 1080/1080/1080 1081/1081/1081 1089/1089/1089
f 1081/1081/1081 1082/1082/1082 1091/1091/1091
f 1081/1081/1081 1091/1091/1091 1090/1090/1090
f 1082/1082/1082 1083/1083/1083 1092/1092/1092
f 1082/1082/1082 1092/1092/1092 1091/1091/1091
f 1083/1083/1083 1084/1084/1084 1093/1093/1093
f 1083/1083/1083 1093/1093/1093 1092/1092/1092
f 1084/1084/1084 1085/1085/1085 1094/1094/1094
f 1084/1084/1084 1094/1094/1094 1093/1093/1093
f 1085/1085/1085 1086/1086/1086 1095/1095/1095
f 1085/1085/1085 1095/1095/1095 1094/1094/1094
f 1086/1086/1086 1087/1087/1087 1096/1096/1096
f 1086/1086/1086 1096/1096/1096 1095/1095/1095
f 1087/1087/1087 1088/1088/1088 1097/1097/1097
f 1087/1087/1087 1097/1097/1097 1096/1096/1096
f 1088/1088/1088 1089/1089/1089 1098/1098/1098
f 1088/1088/1088 1098/1098/1098 1097/1097/1097
f 1089/1089/1089 1081/1081/1081 1090/1090/1090
f 1089/1089/1089 1090/1090/1090 1098/1098/1098
f 1090/1090/1090 1091/1091/1091 1100/1100/1100
f 1090/1090/1090 1100/1100/1100 1099/1099/1099
f 1091/1091/1091 1092/1092/1092 1101/1101/1101
f 1091/1091/1091 1101/1101/1101 1100/1100/1100
f 1092/1092/1092 1093/1093/1093 1102/1102/1102
f 1092/1092/1092 1102/1102/1102 1101/1101/1101
f 1093/1093/1093 1094/1094/1094 1103/1103/1103
f 1093/1093/1093 1103/1103/1103 1102/1102/1102
f 1094/1094/1094 1095/1095/1095 1104/1104/1104
f 1094/1094/1094 1104/1104/1104 1103/1103/1103
f 1095/1095/1095 1096/1096/1096 1105/1105/1105
f 1095/1095/1095 1105/1105/1105 1104/1104/1104
f 1096/1096/1096 1097/1097/1097 1106/1106/1106
f 1096/1096/1096 1106/1106/1106 1105/1105/1105
f 1097/1097/1097 1098/1098/1098 1107/1107/1107
f 1097/1097/1097 1107/1107/1107 1106/1106/1106
f 1098/1098/1098 1090/1090/1090 1099/1099/1099
f 1098/1098/1098 1099/1099/1099 1107/1107/1107
f 1099/1099/1099 1100/1100/1100 1109/1109/1109
f 1099/1099/1099 1109/1109/1109 1108/1108/1108
f 1100/1100/1100 1101/1101/1101 1110/1110/1110
f 1100/1100/1100 1110/1110/1110 1109/1109/1109
f 1101/1101/1101 1102/1102/1102 1111/1111/1111
f 1101/1101/1101 1111/1111/1111 1110/1110/1110
f 1102/1102/1102 1103/1103/1103 1112/1112/1112
f 1102/1102/1102 1112/1112/1112 1111/1111/1111
f 1103/1103/1103 1104/1104/1104 1113/1113/1113
f 1103/1103/1103 1113/1113/1113 1112/1112/1112
f 1104/1104/1104 1105/1105/1105 1114/1114/1114
f 1104/1104/1104 1114/1114/1114 1113/1113/1113
f 1105/1105/1105 1106/1106/1106 1115/1115/1115
f 1105/1105/1105 1115/1115/1115 1114/1114/1114
f 1106/1106/1106 1107/1107/1107 1116/1116/1116
f 1106/1106/1106 1116/1116/1116 1115/1115/1115
f 1107/1107/1107 1099/1099/1099 1108/1108/1108
f 1107/1107/1107 1108/1108/1108 1116/1116/1116
f 1108/1108/1108 1109/1109/1109 1118/1118/1118
f 1108/1108/1108 1118/1118/1118 1117/1117/1117
f 1109/1109/1109 1110/1110/1110 1119/1119/1119
f 1109/1109/1109 1119/1119/1119 1118/1118/1118
f 1110/1110/1110 1111/1111/1111 1120/1120/1120
f 1110/1110/1110 1120/1120/1120 1119/1119/1119
f 1111/1111/1111 1112/1112/1112 1121/1121/1121
f 1111/1111/1111 1121/1121/1121 1120/1120/1120
f 1112/1112/1112 1113/1113/1113 1122/1122/1122
f 1112/1112/1112 1122/1122/1122 1121/1121/1121
f 1113/1113/1113 1114/1114/1114 1123/1123/1123
f 1113/1113/1113 1123/1123/1123 1122/1122/1122
f 1114/1114/1114 1115/1115/1115 1124/1124/1124
f 1114/1114/1114 1124/1124/1124 1123/1123/1123
f 1115/1115/1115 1116/1116/1116 1125/1125/1125
f 1115/1115/1115 1125/1125/1125 1124/1124/1124
f 1116/1116/1116 1108/1108/1108 1117/1117/1117
f 1116/1116/1116 1117/1117/1117 1125/1125/1125
f 1117/1117/1117 1118/1118/1118 1127/1127/1127
f 1117/1117/1117 1127/1127/1127 1126/1126/1126
f 1118/1118/1118 1119/1119/1119 1128/1128/1128
f 1118/1118/1118 1128/1128/1128 1127/1127/1127
f 1119/1119/1119 1120/1120/1120 1129/1129/1129
f 1119/1119/1119 1129/1129/1129 1128/1128/1128
f 1120/1120/1120 1121/1121/1121 1130/1130/1130
f 1120/1120/1120 1130/1130/1130 1129/1129/1129
f 1121/1121/1121 1122/1122/1122 1131/1131/1131
f 1121/1121/1121 1131/1131/1131 1130/1130/1130
f 1122/1122/1122 1123/1123/1123 1132/1132/1132
f 1122/1122/1122 1132/1132/1132 1131/1131/1131
f 1123/1123/1123 1124/1124/1124 1133/1133/1133
f 1123/1123/1123 1133/1133/1133 1132/1132/1132
f 1124/1124/1124 1125/1125/1125 1134/1134/1134
f 1124/1124/1124 1134/1134/1134 1133/1133/1133
f 1125/1125/1125 1117/1117/1117 1126/1126/1126
f 1125/1125/1125 1126/1126/1126 1134/1134/1134
f 1126/1126/1126 1127/1127/1127 1136/1136/1136
f 1126/1126/1126 1136/1136/1136 1135/1135/1135
f 1127/1127/1127 1128/1128/1128 1137/1137/1137
f 1127/1127/1127 1137/1137/1137 1136/1136/1136
f 1128/1128/1128 1129/1129/1129 1138/1138/1138
f 1128/1128/1128 1138/1138/1138 1137/1137/1137
f 1129/1129/1129 1130/1130/1130 1139/1139/1139
f 1129/1129/1129 1139/1139/1139 1138/1138/1138
f 1130/1130/1130 1131/1131/1131 1140/1140/1140
f 1130/1130/1130 1140/1140/1140 1139/1139/1139
f 1131/1131/1131 1132/1132/1132 1141/1141/1141
f 1131/1131/1131 1141/1141/1141 1140/1140/1140
f 1132/1132/1132 1133/1133/1133 1142/1142/1142
f 1132/1132/1132 1142/1142/1142 1141/1141/1141
f 1133/1133/1133 1134/1134/1134 1143/1143/1143
f 1133/1133/1133 1143/1143/1143 1142/1142/1142
f 1134/1134/1134 1126/1126/1126 1135/1135/1135
f 1134/1134/1134 1135/1135/1135 1143/1143/1143
f 1135/1135/1135 1136/1136/1136 1145/1145/1145
f 1135/1135/1135 1145/1145/1145 1144/1144/1144
f 1136/1136/1136 1137/1137/1137 1146/1146/1146
f 1136/1136/1136 1146/1146/1146 1145/1145/1145
f 1137/1137/1137 1138/1138/1138 1147/1147/1147
f 1137/1137/1137 1147/1147/1147 1146/1146/1146
f 1138/1138/1138 1139/1139/1139 1148/1148/1148
f 1138/1138/1138 1148/1148/1148 1147/1147/1147
f 1139/1139/1139 1140/1140/1140 1149/1149/1149
f 1139/1139/1139 1149/1149/1149 1148/1148/1148
f 1140/1140/1140 1141/1141/1141 1150/1150/1150
f 1140/1140/1140 1150/1150/1150 1149/1149/1149
f 1141/1141/1141 1142/1142/1142 1151/1151/1151
f 1141/1141/1141 1151/1151/1151 1150/1150/1150
f 1142/1142/1142 1143/1143/1143 1152/1152/1152
f 1142/1142/1142 1152/1152/1152 1151/1151/1151
f 1143/1143/1143 1135/1135/1135 1144/1144/1144
f 1143/1143/1143 1144/1144/1144 1152/1152/1152
f 1144/1144/1144 1145/1145/1145 1154/1154/1154
f 1144/1144/1144 1154/1154/1154 1153/1153/1153
f 1145/1145/1145 1146/1146/1146 1155/1155/1155
f 1145/1145/1145 1155/1155/1155 1154/1154/1154
f 1146/1146/1146 1147/1147/1147 1156/1156/1156
f 1146/1146/1146 1156/1156/1156 1155/1155/1155
f 1147/1147/1147 1148/1148/1148 1157/1157/1157
f 1147/1147/1147 1157/1157/1157 1156/1156/1156
f 1148/1148/1148 1149/1149/1149 1158/1158/1158
f 1148/1148/1148 1158/1158/1158 1157/1157/1157
f 1149/1149/1149 1150/1150/1150 1159/1159/1159
f 1149/1149/1149 1159/1159/1159 1158/1158/1158
f 1150/1150/1150 1151/1151/1151 1160/1160/1160
f 1150/1150/1150 1160/1160/1160 1159/1159/1159
f 1151/1151/1151 1152/1152/1152 1161/1161/1161
f 1151/1151/1151 1161/1161/1161 1160/1160/1160
f 1152/1152/1152 1144/1144/1144 1153/1153/1153
f 1152/1152/1152 1153/1153/1153 1161/1161/1161
f 1153/1153/1153 1154/1154/1154 1163/1163/1163
f 1153/1153/1153 1163/1163/1163 1162/1162/1162
f 1154/1154/1154 1155/1155/1155 1164/1164/1164
f 1154/1154/1154 1164/1164/1164 1163/1163/1163
f 1155/1155/1155 1156/1156/1156 1165/1165/1165
f 1155/1155/1155 1165/1165/1165 1164/1164/1164
f 1156/1156/1156 1157/1157/1157 1166/1166/1166
f 1156/1156/1156 1166/1166/1166 1165/1165/1165
f 1157/1157/1157 1158/1158/1158 1167/1167/1167
f 1157/1157/1157 1167/1167/1167 1166/1166/1166
f 1158/1158/1158 1159/1159/1159 1168/1168/1168
f 1158/1158/1158 1168/1168/1168 1167/1167/1167
f 1159/1159/1159 1160/1160/1160 1169/1169/1169
f 1159/1159/1159 1169/1169/1169 1168/1168/1168
f 1160/1160/1160 1161/1161/1161 1170/1170/1170
f 1160/1160/1160 1170/1170/1170 1169/1169/1169
f 1161/1161/1161 1153/1153/1153 1162/1162/1162
f 1161/1161/1161 1162/1162/1162 1170/1170/1170
f 1162/1162/1162 1163/1163/1163 1172/1172/1172
f 1162/1162/1162 1172/1172/1172 1171/1171/1171
f 1163/1163/1163 1164/1164/1164 1173/1173/1173
f 1163/1163/1163 1173/1173/1173 1172/1172/1172
f 1164/1164/1164 1165/1165/1165 1174/1174/1174
f 1164/1164/1164 1174/1174/1174 1173/1173/1173
f 1165/1165/1165 1166/1166/1166 1175/1175/1175
f 1165/1165/1165 1175/1175/1175 1174/1174/1174
f 1166/1166/1166 1167/1167/1167 1176/1176/1176
f 1166/1166/1166 1176/1176/1176 1175/1175/1175
f 1167/1167/1167 1168/1168/1168 1177/1177/1177
f 1167/1167/1167 1177/1177/1177 1176/1176/1176
f 1168/1168/1168 1169/1169/1169 1178/1178/1178
f 1168/1168/1168 1178/1178/1178 1177/1177/1177
f 1169/1169/1169 1170/1170/1170 1179/1179/1179
f 1169/1169/1169 1179/1179/1179 1178/1178/1178
f 1170/1170/1170 1162/1162/1162 1171/1171/1171
f 1170/1170/1170 1171/1171/1171 1179/1179/1179
f 1171/1171/1171 1172/1172/1172 1181/1181/1181
f 1171/1171/1171 1181/1181/1181 1180/1180/1180
f 1172/1172/1172 1173/1173/1173 1182/1182/1182
f 1172/1172/1172 1182/1182/1182 1181/1181/1181
f 1173/1173/1173 1174/1174/1174 1183/1183/1183
f 1173/1173/1173 1183/1183/1183 1182/1182/1182
f 1174/1174/1174 1175/1175/1175 1184/1184/1184
f 1174/1174/1174 1184/1184/1184 1183/1183/1183
f 1175/1175/1175 1176/1176/1176 1185/1185/1185
f 1175/1175/1175 1185/1185/1185 1184/1184/1184
f 1176/1176/1176 1177/1177/1177 1186/1186/1186
f 1176/1176/1176 1186/1186/1186 1185/1185/1185
f 1177/1177/1177 1178/1178/1178 1187/1187/1187
f 1177/1177/1177 1187/1187/1187 1186/1186/1186
f 1178/1178/1178 1179/1179/1179 1188/1188/1188
f 1178/1178/1178 1188/1188/1188 1187/1187/1187
f 1179/1179/1179 1171/1171/1171 1180/1180/1180
f 1179/1179/1179 1180/1180/1180 1188/1188/1188
f 1180/1180/1180 1181/1181/1181 1190/1190/1190
f 1180/1180/1180 1190/1190/1190 1189/1189/1189
f 1181/1181/1181 1182/1182/1182 1191/1191/1191
f 1181/1181/1181 1191/1191/1191 1190/1190/1190
f 1182/1182/1182 1183/1183/1183 1192/1192/1192
f 1182/1182/1182 1192/1192/1192 1191/1191/1191
f 1183/1183/1183 1184/1184/1184 1193/1193/1193
f 1183/1183/1183 1193/1193/1193 1192/1192/1192
f 1184/1184/1184 1185/1185/1185 1194/1194/1194
f 1184/1184/1184 1194/1194/1194 1193/1193/1193
f 1185/1185/1185 1186/1186/1186 1195/1195/1195
f 1185/1185/1185 1195/1195/1195 1194/1194/1194
f 1186/1186/1186 1187/1187/1187 1196/1196/1196
f 1186/1186/1186 1196/1196/1196 1195/1195/1195
f 1187/1187/1187 1188/1188/1188 1197/1197/1197
f 1187/1187/1187 1197/1197/1197 1196/1196/1196
f 1188/1188/1188 1180/1180/1180 1189/1189/1189
f 1188/1188/1188 1189/1189/1189 1197/1197/1197
f 1189/1189/1189 1190/1190/1190 1199/1199/1199
f 1189/1189/1189 1199/1199/1199 1198/1198/1198
f 1190/1190/1190 1191/1191/1191 1200/1200/1200
f 1190/1190/1190 1200/1200/1200 1199/1199/1199
f 1191/1191/1191 1192/1192/1192 1201/1201/1201
f 1191/1191/1191 1201/1201/1201 1200/1200/1200
f 1192/1192/1192 1193/1193/1193 1202/1202/1202
f 1192/1192/1192 1202/1202/1202 1201/1201/1201
f 1193/1193/1193 1194/1194/1194 1203/1203/1203
f 1193/1193/1193 1203/1203/1203 1202/1202/1202
f 1194/1194/1194 1195/1195/1195 1204/1204/1204
f 1194/1194/1194 1204/1204/1204 1203/1203/1203
f 1195/1195/1195 1196/1196/1196 1205/1205/1205
f 1195/1195/1195 1205/1205/1205 1204/1204/1204
f 1196/1196/1196 1197/1197/1197 1206/1206/1206
f 1196/1196/1196 1206/1206/1206 1205/1205/1205
f 1197/1197/1197 1189/1189/1189 1198/1198/1198
f 1197/1197/1197 1198/1198/1198 1206/1206/1206
f 1198/1198/1198 1199/1199/1199 1208/1208/1208
f 1198/1198/1198 1208/1208/1208 1207/1207/1207
f 1199/1199/1199 1200/1200/1200 1209/1209/1209
f 1199/1199/1199 1209/1209/1209 1208/1208/1208
f 1200/1200/1200 1201/1201/1201 1210/1210/1210
f 1200/1200/1200 1210/1210/1210 1209/1209/1209
f 1201/1201/1201 1202/1202/1202 1211/1211/1211
f 1201/1201/1201 1211/1211/1211 1210/1210/1210
f 1202/1202/1202 1203/1203/1203 1212/1212/1212
f 1202/1202/1202 1212/1212/1212 1211/1211/1211
f 1203/1203/1203 1204/1204/1204 1213/1213/1213
f 1203/1203/1203 1213/1213/1213 1212/1212/1212
f 1204/1204/1204 1205/1205/1205 1214/1214/1214
f 1204/1204/1204 1214/1214/1214 1213/1213/1213
f 1205/1205/1205 1206/1206/1206 1215/1215/1215
f 1205/1205/1205 1215/1215/1215 1214/1214/1214
f 1206/1206/1206 1198/1198/1198 1207/1207/1207
f 1206/1206/1206 1207/1207/1207 1215/1215/1215
f 1207/1207/1207 1208/1208/1208 1217/1217/1217
f 1207/1207/1207 1217/1217/1217 1216/1216/1216
f 1208/1208/1208 1209/1209/1209 1218/1218/1218
f 1208/1208/1208 1218/1218/1218 1217/1217/1217
f 1209/1209/1209 1210/1210/1210 1219/1219/1219
f 1209/1209/1209 1219/1219/1219 1218/1218/1218
f 1210/1210/1210 1211/1211/1211 1220/1220/1220
f 1210/1210/1210 1220/1220/1220 1219/1219/1219
f 1211/1211/1211 1212/1212/1212 1221/1221/1221
f 1211/1211/1211 1221/1221/1221 1220/1220/1220
f 1212/1212/1212 1213/1213/1213 1222/1222/1222
f 1212/1212/1212 1222/1222/1222 1221/1221/1221
f 1213/1213/1213 1214/1214/1214 1223/1223/1223
f 1213/1213/1213 1223/1223/1223 1222/1222/1222
f 1214/1214/1214 1215/1215/1215 1224/1224/1224
f 1214/1214/1214 1224/1224/1224 1223/1223/1223
f 1215/1215/1215 1207/1207/1207 1216/1216/1216
f 1215/1215/1215 1216/1216/1216 1224/1224/1224
f 1216/1216/1216 1217/1217/1217 1226/1226/1226
f 1216/1216/1216 1226/1226/1226 1225/1225/1225
f 1217/1217/1217 1218/1218/1218 1227/1227/1227
f 1217/1217/1217 1227/1227/1227 1226/1226/1226
f 1218/1218/1218 1219/1219/1219 1228/1228/1228
f 1218/1218/1218 1228/1228/1228 1227/1227/1227
f 1219/1219/1219 1220/1220/1220 1229/1229/1229
f 1219/1219/1219 1229/1229/1229 1228/1228/1228
f 1220/1220/1220 1221/1221/1221 1230/1230/1230
f 1220/1220/1220 1230/1230/1230 1229/1229/1229
f 1221/1221/1221 1222/1222/1222 1231/1231/1231
f 1221/1221/1221 1231/1231/1231 1230/1230/1230
f 1222/1222/1222 1223/1223/1223 1232/1232/1232
f 1222/1222/1222 1232/1232/1232 1231/1231/1231
f 1223/1223/1223 1224/1224/1224 1233/1233/1233
f 1223/1223/1223 1233/1233/1233 1232/1232/1232
f 1224/1224/1224 1216/1216/1216 1225/1225/1225
f 1224/1224/1224 1225/1225/1225 1233/1233/1233
f 1225/1225/1225 1226/1226/1226 1235/1235/1235
f 1225/1225/1225 1235/1235/1235 1234/1234/1234
f 1226/1226/1226 1227/1227/1227 1236/1236/1236
f 1226/1226/1226 1236/1236/1236 1235/1235/1235
f 1227/1227/1227 1228/1228/1228 1237/1237/1237
f 1227/1227/1227 1237/1237/1237 1236/1236/1236
f 1228/1228/1228 1229/1229/1229 1238/1238/1238
f 1228/1228/1228 1238/1238/1238 1237/1237/1237
f 1229/1229/1229 1230/1230/1230 1239/1239/1239
f 1229/1229/1229 1239/1239/1239 1238/1238/1238
f 1230/1230/1230 1231/1231/1231 1240/1240/1240
f 1230/1230/1230 1240/1240/1240 1239/1239/1239
f 1231/1231/1231 1232/1232/1232 1241/1241/1241
f 1231/1231/1231 1241/1241/1241 1240/1240/1240
f 1232/1232/1232 1233/1233/1233 1242/1242/1242
f 1232/1232/1232 1242/1242/1242 1241/1241/1241
f 1233/1233/1233 1225/1225/1225 1234/1234/1234
f 1233/1233/1233 1234/1234/1234 1242/1242/1242
usemtl Tire
f 1243/1243/1243 1245/1245/1245 1246/1246/1246
f 1243/1243/1243 1246/1246/1246 1244/1244/1244
f 1279/1279/1279 1245/1245/1245 1243/1243/1243
f 1280/1280/1280 1244/1244/1244 1246/1246/1246
f 1245/1245/1245 1247/1247/1247 1248/1248/1248
f 1245/1245/1245 1248/1248/1248 1246/1246/1246
f 1279/1279/1279 1247/1247/1247 1245/1245/1245
f 1280/1280/1280 1246/1246/1246 1248/1248/1248
f 1247/1247/1247 1249/1249/1249 1250/1250/1250
f 1247/1247/1247 1250/1250/1250 1248/1248/1248
f 1279/1279/1279 1249/1249/1249 1247/1247/1247
f 1280/1280/1280 1248/1248/1248 1250/1250/1250
f 1249/1249/1249 1251/1251/1251 1252/1252/1252
f 1249/1249/1249 1252/1252/1252 1250/1250/1250
f 1279/1279/1279 1251/1251/1251 1249/1249/1249
f 1280/1280/1280 1250/1250/1250 1252/1252/1252
f 1251/1251/1251 1253/1253/1253 1254/1254/1254
f 1251/1251/1251 1254/1254/1254 1252/1252/1252
f 1279/1279/1279 1253/1253/1253 1251/1251/1251
f 1280/1280/1280 1252/1252/1252 1254/1254/1254
f 1253/1253/1253 1255/1255/1255 1256/1256/1256
f 1253/1253/1253 1256/1256/1256 1254/1254/1254
f 1279/1279/1279 1255/1255/1255 1253/1253/1253
f 1280/1280/1280 1254/1254/1254 1256/1256/1256
f 1255/1255/1255 1257/1257/1257 1258/1258/1258
f 1255/1255/1255 1258/1258/1258 1256/1256/1256
f 1279/1279/1279 1257/1257/1257 1255/1255/1255
f 1280/1280/1280 1256/1256/1256 1258/1258/1258
f 1257/1257/1257 1259/1259/1259 1260/1260/1260
f 1257/1257/1257 1260/1260/1260 1258/1258/1258
f 1279/1279/1279 1259/1259/1259 1257/1257/1257
f 1280/1280/1280 1258/1258/1258 1260/1260/1260
f 1259/1259/1259 1261/1261/1261 1262/1262/1262
f 1259/1259/1259 1262/1262/1262 1260/1260/1260
f 1279/1279/1279 1261/1261/1261 1259/1259/1259
f 1280/1280/1280 1260/1260/1260 1262/1262/1262
f 1261/1261/1261 1263/1263/1263 1264/1264/1264
f 1261/1261/1261 1264/1264/1264 1262/1262/1262
f 1279/1279/1279 1263/1263/1263 1261/1261/1261
f 1280/1280/1280 1262/1262/1262 1264/1264/1264
f 1263/1263/1263 1265/1265/1265 1266/1266/1266
f 1263/1263/1263 1266/1266/1266 1264/1264/1264
f 1279/1279/1279 1265/1265/1265 1263/1263/1263
f 1280/1280/1280 1264/1264/1264 1266/1266/1266
f 1265/1265/1265 1267/1267/1267 1268/1268/1268
f 1265/1265/1265 1268/1268/1268 1266/1266/1266
f 1279/1279/1279 1267/1267/1267 1265/1265/1265
f 1280/1280/1280 1266/1266/1266 1268/1268/1268
f 1267/1267/1267 1269/1269/1269 1270/1270/1270
f 1267/1267/1267 1270/1270/1270 1268/1268/1268
f 1279/1279/1279 1269/1269/1269 1267/1267/1267
f 1280/1280/1280 1268/1268/1268 1270/1270/1270
f 1269/1269/1269 1271/1271/1271 1272/1272/1272
f 1269/1269/1269 1272/1272/1272 1270/1270/1270
f 1279/1279/1279 1271/1271/1271 1269/1269/1269
f 1280/1280/1280 1270/1270/1270 1272/1272/1272
f 1271/1271/1271 1273/1273/1273 1274/1274/1274
f 1271/1271/1271 1274/1274/1274 1272/1272/1272
f 1279/1279/1279 1273/1273/1273 1271/1271/1271
f 1280/1280/1280 1272/1272/1272 1274/1274/1274
f 1273/1273/1273 1275/1275/1275 1276/1276/1276
f 1273/1273/1273 1276/1276/1276 1274/1274/1274
f 1279/1279/1279 1275/1275/1275 1273/1273/1273
f 1280/1280/1280 1274/1274/1274 1276/1276/1276
f 1275/1275/1275 1277/1277/1277 1278/1278/1278
f 1275/1275/1275 1278/1278/1278 1276/1276/1276
f 1279/1279/1279 1277/1277/1277 1275/1275/1275
f 1280/1280/1280 1276/1276/1276 1278/1278/1278
f 1277/1277/1277 1243/1243/1243 1244/1244/1244
f 1277/1277/1277 1244/1244/1244 1278/1278/1278
f 1279/1279/1279 1243/1243/1243 1277/1277/1277
f 1280/1280/1280 1278/1278/1278 1244/1244/1244
usemtl Tire
f 1281/1281/1281 1283/1283/1283 1284/1284/1284
f 1281/1281/1281 1284/1284/1284 1282/1282/1282
f 1317/1317/1317 1283/1283/1283 1281/1281/1281
f 1318/1318/1318 1282/1282/1282 1284/1284/1284
f 1283/1283/1283 1285/1285/1285 1286/1286/1286
f 1283/1283/1283 1286/1286/1286 1284/1284/1284
f 1317/1317/1317 1285/1285/1285 1283/1283/1283
f 1318/1318/1318 1284/1284/1284 1286/1286/1286
f 1285/1285/1285 1287/1287/1287 1288/1288/1288
f 1285/1285/1285 1288/1288/1288 1286/1286/1286
f 1317/1317/1317 1287/1287/1287 1285/1285/1285
f 1318/1318/1318 1286/1286/1286 1288/1288/1288
f 1287/1287/1287 1289/1289/1289 1290/1290/1290
f 1287/1287/1287 1290/1290/1290 1288/1288/1288
f 1317/1317/1317 1289/1289/1289 1287/1287/1287
f 1318/1318/1318 1288/1288/1288 1290/1290/1290
f 1289/1289/1289 1291/1291/1291 1292/1292/1292
f 1289/1289/1289 1292/1292/1292 1290/1290/1290
f 1317/1317/1317 1291/1291/1291 1289/1289/1289
f 1318/1318/1318 1290/1290/1290 1292/1292/1292
f 1291/1291/1291 1293/1293/1293 1294/1294/1294
f 1291/1291/1291 1294/1294/1294 1292/1292/1292
f 1317/1317/1317 1293/1293/1293 1291/1291/1291
f 1318/1318/1318 1292/1292/1292 1294/1294/1294
f 1293/1293/1293 1295/1295/1295 1296/1296/1296
f 1293/1293/1293 1296/1296/1296 1294/1294/1294
f 1317/1317/1317 1295/1295/1295 1293/1293/1293
f 1318/1318/1318 1294/1294/1294 1296/1296/1296
f 1295/1295/1295 1297/1297/1297 1298/1298/1298
f 1295/1295/1295 1298/1298/1298 1296/1296/1296
f 1317/1317/1317 1297/1297/1297 1295/1295/1295
f 1318/1318/1318 1296/1296/1296 1298/1298/1298
f 1297/1297/1297 1299/1299/1299 1300/1300/1300
f 1297/1297/1297 1300/1300/1300 1298/1298/1298
f 1317/1317/1317 1299/1299/1299 1297/1297/1297
f 1318/1318/1318 1298/1298/1298 1300/1300/1300
f 1299/1299/1299 1301/1301/1301 1302/1302/1302
f 1299/1299/1299 1302/1302/1302 1300/1300/1300
f 1317/1317/1317 1301/1301/1301 1299/1299/1299
f 1318/1318/1318 1300/1300/1300 1302/1302/1302
f 1301/1301/1301 1303/1303/1303 1304/1304/1304
f 1301/1301/1301 1304/1304/1304 1302/1302/1302
f 1317/1317/1317 1303/1303/1303 1301/1301/1301
f 1318/1318/1318 1302/1302/1302 1304/1304/1304
f 1303/1303/1303 1305/1305/1305 1306/1306/1306
f 1303/1303/1303 1306/1306/1306 1304/1304/1304
f 1317/1317/1317 1305/1305/1305 1303/1303/1303
f 1318/1318/1318 1304/1304/1304 1306/1306/1306
f 1305/1305/1305 1307/1307/1307 1308/1308/1308
f 1305/1305/1305 1308/1308/1308 1306/1306/1306
f 1317/1317/1317 1307/1307/1307 1305/1305/1305
f 1318/1318/1318 1306/1306/1306 1308/1308/1308
f 1307/1307/1307 1309/1309/1309 1310/1310/1310
f 1307/1307/1307 1310/1310/1310 1308/1308/1308
f 1317/1317/1317 1309/1309/1309 1307/1307/1307
f 1318/1318/1318 1308/1308/1308 1310/1310/1310
f 1309/1309/1309 1311/1311/1311 1312/1312/1312
f 1309/1309/1309 1312/1312/1312 1310/1310/1310
f 1317/1317/1317 1311/1311/1311 1309/1309/1309
f 1318/1318/1318 1310/1310/1310 1312/1312/1312
f 1311/1311/1311 1313/1313/1313 1314/1314/1314
f 1311/1311/1311 1314/1314/1314 1312/1312/1312
f 1317/1317/1317 1313/1313/1313 1311/1311/1311
f 1318/1318/1318 1312/1312/1312 1314/1314/1314
f 1313/1313/1313 1315/1315/1315 1316/1316/1316
f 1313/1313/1313 1316/1316/1316 1314/1314/1314
f 1317/1317/1317 1315/1315/1315 1313/1313/1313
f 1318/1318/1318 1314/1314/1314 1316/1316/1316
f 1315/1315/1315 1281/1281/1281 1282/1282/1282
f 1315/1315/1315 1282/1282/1282 1316/1316/1316
f 1317/1317/1317 1281/1281/1281 1315/1315/1315
f 1318/1318/1318 1316/1316/1316 1282/1282/1282
usemtl Tire
f 1319/1319/1319 1321/1321/1321 1322/1322/1322
f 1319/1319/1319 1322/1322/1322 1320/1320/1320
f 1355/1355/1355 1321/1321/1321 1319/1319/1319
f 1356/1356/1356 1320/1320/1320 1322/1322/1322
f 1321/1321/1321 1323/1323/1323 1324/1324/1324
f 1321/1321/1321 1324/1324/1324 1322/1322/1322
f 1355/1355/1355 1323/1323/1323 1321/1321/1321
f 1356/1356/1356 1322/1322/1322 1324/1324/1324
f 1323/1323/1323 1325/1325/1325 1326/1326/1326
f 1323/1323/1323 1326/1326/1326 1324/1324/1324
f 1355/1355/1355 1325/1325/1325 1323/1323/1323
f 1356/1356/1356 1324/1324/1324 1326/1326/1326
f 1325/1325/1325 1327/1327/1327 1328/1328/1328
f 1325/1325/1325 1328/1328/1328 1326/1326/1326
f 1355/1355/1355 1327/1327/1327 1325/1325/1325
f 1356/1356/1356 1326/1326/1326 1328/1328/1328
f 1327/1327/1327 1329/1329/1329 1330/1330/1330
f 1327/1327/1327 1330/1330/1330 1328/1328/1328
f 1355/1355/1355 1329/1329/1329 1327/1327/1327
f 1356/1356/1356 1328/1328/1328 1330/1330/1330
f 1329/1329/1329 1331/1331/1331 1332/1332/1332
f 1329/1329/1329 1332/1332/1332 1330/1330/1330
f 1355/1355/1355 1331/1331/1331 1329/1329/1329
f 1356/1356/1356 1330/1330/1330 1332/1332/1332
f 1331/1331/1331 1333/1333/1333 1334/1334/1334
f 1331/1331/1331 1334/1334/1334 1332/1332/1332
f 1355/1355/1355 1333/1333/1333 1331/1331/1331
f 1356/1356/1356 1332/1332/1332 1334/1334/1334
f 1333/1333/1333 1335/1335/1335 1336/1336/1336
f 1333/1333/1333 1336/1336/1336 1334/1334/1334
f 1355/1355/1355 1335/1335/1335 1333/1333/1333
f 1356/1356/1356 1334/1334/1334 1336/1336/1336
f 1335/1335/1335 1337/1337/1337 1338/1338/1338
f 1335/1335/1335 1338/1338/1338 1336/1336/1336
f 1355/1355/1355 1337/1337/1337 1335/1335/1335
f 1356/1356/1356 1336/1336/1336 1338/1338/1338
f 1337/1337/1337 1339/1339/1339 1340/1340/1340
f 1337/1337/1337 1340/1340/1340 1338/1338/1338
f 1355/1355/1355 1339/1339/1339 1337/1337/1337
f 1356/1356/1356 1338/1338/1338 1340/1340/1340
f 1339/1339/1339 1341/1341/1341 1342/1342/1342
f 1339/1339/1339 1342/1342/1342 1340/1340/1340
f 1355/1355/1355 1341/1341/1341 1339/1339/1339
f 1356/1356/1356 1340/1340/1340 1342/1342/1342
f 1341/1341/1341 1343/1343/1343 1344/1344/1344
f 1341/1341/1341 1344/1344/1344 1342/1342/1342
f 1355/1355/1355 1343/1343/1343 1341/1341/1341
f 1356/1356/1356 1342/1342/1342 1344/1344/1344
f 1343/1343/1343 1345/1345/1345 1346/1346/1346
f 1343/1343/1343 1346/1346/1346 1344/1344/1344
f 1355/1355/1355 1345/1345/1345 1343/1343/1343
f 1356/1356/1356 1344/1344/1344 1346/1346/1346
f 1345/1345/1345 1347/1347/1347 1348/1348/1348
f 1345/1345/1345 1348/1348/1348 1346/1346/1346
f 1355/1355/1355 1347/1347/1347 1345/1345/1345
f 1356/1356/1356 1346/1346/1346 1348/1348/1348
f 1347/1347/1347 1349/1349/1349 1350/1350/1350
f 1347/1347/1347 1350/1350/1350 1348/1348/1348
f 1355/1355/1355 1349/1349/1349 1347/1347/1347
f 1356/1356/1356 1348/1348/1348 1350/1350/1350
f 1349/1349/1349 1351/1351/1351 1352/1352/1352
f 1349/1349/1349 1352/1352/1352 1350/1350/1350
f 1355/1355/1355 1351/1351/1351 1349/1349/1349
f 1356/1356/1356 1350/1350/1350 1352/1352/1352
f 1351/1351/1351 1353/1353/1353 1354/1354/1354
f 1351/1351/1351 1354/1354/1354 1352/1352/1352
f 1355/1355/1355 1353/1353/1353 1351/1351/1351
f 1356/1356/1356 1352/1352/1352 1354/1354/1354
f 1353/1353/1353 1319/1319/1319 1320/1320/1320
f 1353/1353/1353 1320/1320/1320 1354/1354/1354
f 1355/1355/1355 1319/1319/1319 1353/1353/1353
f 1356/1356/1356 1354/1354/1354 1320/1320/1320
usemtl Tire
f 1357/1357/1357 1359/1359/1359 1360/1360/1360
f 1357/1357/1357 1360/1360/1360 1358/1358/1358
f 1393/1393/1393 1359/1359/1359 1357/1357/1357
f 1394/1394/1394 1358/1358/1358 1360/1360/1360
f 1359/1359/1359 1361/1361/1361 1362/1362/1362
f 1359/1359/1359 1362/1362/1362 1360/1360/1360
f 1393/1393/1393 1361/1361/1361 1359/1359/1359
f 1394/1394/1394 1360/1360/1360 1362/1362/1362
f 1361/1361/1361 1363/1363/1363 1364/1364/1364
f 1361/1361/1361 1364/1364/1364 1362/1362/1362
f 1393/1393/1393 1363/1363/1363 1361/1361/1361
f 1394/1394/1394 1362/1362/1362 1364/1364/1364
f 1363/1363/1363 1365/1365/1365 1366/1366/1366
f 1363/1363/1363 1366/1366/1366 1364/1364/1364
f 1393/1393/1393 1365/1365/1365 1363/1363/1363
f 1394/1394/1394 1364/1364/1364 1366/1366/1366
f 1365/1365/1365 1367/1367/1367 1368/1368/1368
f 1365/1365/1365 1368/1368/1368 1366/1366/1366
f 1393/1393/1393 1367/1367/1367 1365/1365/1365
f 1394/1394/1394 1366/1366/1366 1368/1368/1368
f 1367/1367/1367 1369/1369/1369 1370/1370/1370
f 1367/1367/1367 1370/1370/1370 1368/1368/1368
f 1393/1393/1393 1369/1369/1369 1367/1367/1367
f 1394/1394/1394 1368/1368/1368 1370/1370/1370
f 1369/1369/1369 1371/1371/1371 1372/1372/1372
f 1369/1369/1369 1372/1372/1372 1370/1370/1370
f 1393/1393/1393 1371/1371/1371 1369/1369/1369
f 1394/1394/1394 1370/1370/1370 1372/1372/1372
f 1371/1371/1371 1373/1373/1373 1374/1374/1374
f 1371/1371/1371 1374/1374/1374 1372/1372/1372
f 1393/1393/1393 1373/1373/1373 1371/1371/1371
f 1394/1394/1394 1372/1372/1372 1374/1374/1374
f 1373/1373/1373 1375/1375/1375 1376/1376/1376
f 1373/1373/1373 1376/1376/1376 1374/1374/1374
f 1393/1393/1393 1375/1375/1375 1373/1373/1373
f 1394/1394/1394 1374/1374/1374 1376/1376/1376
f 1375/1375/1375 1377/1377/1377 1378/1378/1378
f 1375/1375/1375 1378/1378/1378 1376/1376/1376
f 1393/1393/1393 1377/1377/1377 1375/1375/1375
f 1394/1394/1394 1376/1376/1376 1378/1378/1378
f 1377/1377/1377 1379/1379/1379 1380/1380/1380
f 1377/1377/1377 1380/1380/1380 1378/1378/1378
f 1393/1393/1393 1379/1379/1379 1377/1377/1377
f 1394/1394/1394 1378/1378/1378 1380/1380/1380
f 1379/1379/1379 1381/1381/1381 1382/1382/1382
f 1379/1379/1379 1382/1382/1382 1380/1380/1380
f 1393/1393/1393 1381/1381/1381 1379/1379/1379
f 1394/1394/1394 1380/1380/1380 1382/1382/1382
f 1381/1381/1381 1383/1383/1383 1384/1384/1384
f 1381/1381/1381 1384/1384/1384 1382/1382/1382
f 1393/1393/1393 1383/1383/1383 1381/1381/1381
f 1394/1394/1394 1382/1382/1382 1384/1384/1384
f 1383/1383/1383 1385/1385/1385 1386/1386/1386
f 1383/1383/1383 1386/1386/1386 1384/1384/1384
f 1393/1393/1393 1385/1385/1385 1383/1383/1383
f 1394/1394/1394 1384/1384/1384 1386/1386/1386
f 1385/1385/1385 1387/1387/1387 1388/1388/1388
f 1385/1385/1385 1388/1388/1388 1386/1386/1386
f 1393/1393/1393 1387/1387/1387 1385/1385/1385
f 1394/1394/1394 1386/1386/1386 1388/1388/1388
f 1387/1387/1387 1389/1389/1389 1390/1390/1390
f 1387/1387/1387 1390/1390/1390 1388/1388/1388
f 1393/1393/1393 1389/1389/1389 1387/1387/1387
f 1394/1394/1394 1388/1388/1388 1390/1390/1390
f 1389/1389/1389 1391/1391/1391 1392/1392/1392
f 1389/1389/1389 1392/1392/1392 1390/1390/1390
f 1393/1393/1393 1391/1391/1391 1389/1389/1389
f 1394/1394/1394 1390/1390/1390 1392/1392/1392
f 1391/1391/1391 1357/1357/1357 1358/1358/1358
f 1391/1391/1391 1358/1358/1358 1392/1392/1392
f 1393/1393/1393 1357/1357/1357 1391/1391/1391
f 1394/1394/1394 1392/1392/1392 1358/1358/1358
usemtl Accent
f 1395/1395/1395 1396/1396/1396 1397/1397/1397
f 1395/1395/1395 1397/1397/1397 1398/1398/1398
f 1399/1399/1399 1401/1401/1401 1400/1400/1400
f 1399/1399/1399 1402/1402/1402 1401/1401/1401
f 1395/1395/1395 1399/1399/1399 1400/1400/1400
f 1395/1395/1395 1400/1400/1400 1396/1396/1396
f 1396/1396/1396 1400/1400/1400 1401/1401/1401
f 1396/1396/1396 1401/1401/1401 1397/1397/1397
f 1397/1397/1397 1401/1401/1401 1402/1402/1402
f 1397/1397/1397 1402/1402/1402 1398/1398/1398
f 1398/1398/1398 1402/1402/1402 1399/1399/1399
f 1398/1398/1398 1399/1399/1399 1395/1395/1395
usemtl Accent
f 1403/1403/1403 1404/1404/1404 1405/1405/1405
f 1403/1403/1403 1405/1405/1405 1406/1406/1406
f 1407/1407/1407 1409/1409/1409 1408/1408/1408
f 1407/1407/1407 1410/1410/1410 1409/1409/1409
f 1403/1403/1403 1407/1407/1407 1408/1408/1408
f 1403/1403/1403 1408/1408/1408 1404/1404/1404
f 1404/1404/1404 1408/1408/1408 1409/1409/1409
f 1404/1404/1404 1409/1409/1409 1405/1405/1405
f 1405/1405/1405 1409/1409/1409 1410/1410/1410
f 1405/1405/1405 1410/1410/1410 1406/1406/1406
f 1406/1406/1406 1410/1410/1410 1407/1407/1407
f 1406/1406/1406 1407/1407/1407 1403/1403/1403
usemtl Accent
f 1411/1411/1411 1412/1412/1412 1413/1413/1413
f 1411/1411/1411 1413/1413/1413 1414/1414/1414
f 1415/1415/1415 1417/1417/1417 1416/1416/1416
f 1415/1415/1415 1418/1418/1418 1417/1417/1417
f 1411/1411/1411 1415/1415/1415 1416/1416/1416
f 1411/1411/1411 1416/1416/1416 1412/1412/1412
f 1412/1412/1412 1416/1416/1416 1417/1417/1417
f 1412/1412/1412 1417/1417/1417 1413/1413/1413
f 1413/1413/1413 1417/1417/1417 1418/1418/1418
f 1413/1413/1413 1418/1418/1418 1414/1414/1414
f 1414/1414/1414 1418/1418/1418 1415/1415/1415
f 1414/1414/1414 1415/1415/1415 1411/1411/1411
usemtl Accent
f 1419/1419/1419 1420/1420/1420 1421/1421/1421
f 1419/1419/1419 1421/1421/1421 1422/1422/1422
f 1423/1423/1423 1425/1425/1425 1424/1424/1424
f 1423/1423/1423 1426/1426/1426 1425/1425/1425
f 1419/1419/1419 1423/1423/1423 1424/1424/1424
f 1419/1419/1419 1424/1424/1424 1420/1420/1420
f 1420/1420/1420 1424/1424/1424 1425/1425/1425
f 1420/1420/1420 1425/1425/1425 1421/1421/1421
f 1421/1421/1421 1425/1425/1425 1426/1426/1426
f 1421/1421/1421 1426/1426/1426 1422/1422/1422
f 1422/1422/1422 1426/1426/1426 1423/1423/1423
f 1422/1422/1422 1423/1423/1423 1419/1419/1419
usemtl Accent
f 1427/1427/1427 1428/1428/1428 1429/1429/1429
f 1427/1427/1427 1429/1429/1429 1430/1430/1430
f 1431/1431/1431 1433/1433/1433 1432/1432/1432
f 1431/1431/1431 1434/1434/1434 1433/1433/1433
f 1427/1427/1427 1431/1431/1431 1432/1432/1432
f 1427/1427/1427 1432/1432/1432 1428/1428/1428
f 1428/1428/1428 1432/1432/1432 1433/1433/1433
f 1428/1428/1428 1433/1433/1433 1429/1429/1429
f 1429/1429/1429 1433/1433/1433 1434/1434/1434
f 1429/1429/1429 1434/1434/1434 1430/1430/1430
f 1430/1430/1430 1434/1434/1434 1431/1431/1431
f 1430/1430/1430 1431/1431/1431 1427/1427/1427
usemtl Accent
f 1435/1435/1435 1436/1436/1436 1437/1437/1437
f 1435/1435/1435 1437/1437/1437 1438/1438/1438
f 1439/1439/1439 1441/1441/1441 1440/1440/1440
f 1439/1439/1439 1442/1442/1442 1441/1441/1441
f 1435/1435/1435 1439/1439/1439 1440/1440/1440
f 1435/1435/1435 1440/1440/1440 1436/1436/1436
f 1436/1436/1436 1440/1440/1440 1441/1441/1441
f 1436/1436/1436 1441/1441/1441 1437/1437/1437
f 1437/1437/1437 1441/1441/1441 1442/1442/1442
f 1437/1437/1437 1442/1442/1442 1438/1438/1438
f 1438/1438/1438 1442/1442/1442 1439/1439/1439
f 1438/1438/1438 1439/1439/1439 1435/1435/1435
usemtl Accent
f 1443/1443/1443 1444/1444/1444 1445/1445/1445
f 1443/1443/1443 1445/1445/1445 1446/1446/1446
f 1447/1447/1447 1449/1449/1449 1448/1448/1448
f 1447/1447/1447 1450/1450/1450 1449/1449/1449
f 1443/1443/1443 1447/1447/1447 1448/1448/1448
f 1443/1443/1443 1448/1448/1448 1444/1444/1444
f 1444/1444/1444 1448/1448/1448 1449/1449/1449
f 1444/1444/1444 1449/1449/1449 1445/1445/1445
f 1445/1445/1445 1449/1449/1449 1450/1450/1450
f 1445/1445/1445 1450/1450/1450 1446/1446/1446
f 1446/1446/1446 1450/1450/1450 1447/1447/1447
f 1446/1446/1446 1447/1447/1447 1443/1443/1443
o Rival_01_WedgeCoupe_LOD1
s 1
usemtl BodyPaint
f 1451/1451/1451 1452/1452/1452 1464/1464/1464
f 1451/1451/1451 1464/1464/1464 1463/1463/1463
f 1452/1452/1452 1453/1453/1453 1465/1465/1465
f 1452/1452/1452 1465/1465/1465 1464/1464/1464
f 1453/1453/1453 1454/1454/1454 1466/1466/1466
f 1453/1453/1453 1466/1466/1466 1465/1465/1465
f 1454/1454/1454 1455/1455/1455 1467/1467/1467
f 1454/1454/1454 1467/1467/1467 1466/1466/1466
f 1455/1455/1455 1456/1456/1456 1468/1468/1468
f 1455/1455/1455 1468/1468/1468 1467/1467/1467
f 1456/1456/1456 1457/1457/1457 1469/1469/1469
f 1456/1456/1456 1469/1469/1469 1468/1468/1468
f 1457/1457/1457 1458/1458/1458 1470/1470/1470
f 1457/1457/1457 1470/1470/1470 1469/1469/1469
f 1458/1458/1458 1459/1459/1459 1471/1471/1471
f 1458/1458/1458 1471/1471/1471 1470/1470/1470
f 1459/1459/1459 1460/1460/1460 1472/1472/1472
f 1459/1459/1459 1472/1472/1472 1471/1471/1471
f 1460/1460/1460 1461/1461/1461 1473/1473/1473
f 1460/1460/1460 1473/1473/1473 1472/1472/1472
f 1461/1461/1461 1462/1462/1462 1474/1474/1474
f 1461/1461/1461 1474/1474/1474 1473/1473/1473
f 1462/1462/1462 1451/1451/1451 1463/1463/1463
f 1462/1462/1462 1463/1463/1463 1474/1474/1474
f 1463/1463/1463 1464/1464/1464 1476/1476/1476
f 1463/1463/1463 1476/1476/1476 1475/1475/1475
f 1464/1464/1464 1465/1465/1465 1477/1477/1477
f 1464/1464/1464 1477/1477/1477 1476/1476/1476
f 1465/1465/1465 1466/1466/1466 1478/1478/1478
f 1465/1465/1465 1478/1478/1478 1477/1477/1477
f 1466/1466/1466 1467/1467/1467 1479/1479/1479
f 1466/1466/1466 1479/1479/1479 1478/1478/1478
f 1467/1467/1467 1468/1468/1468 1480/1480/1480
f 1467/1467/1467 1480/1480/1480 1479/1479/1479
f 1468/1468/1468 1469/1469/1469 1481/1481/1481
f 1468/1468/1468 1481/1481/1481 1480/1480/1480
f 1469/1469/1469 1470/1470/1470 1482/1482/1482
f 1469/1469/1469 1482/1482/1482 1481/1481/1481
f 1470/1470/1470 1471/1471/1471 1483/1483/1483
f 1470/1470/1470 1483/1483/1483 1482/1482/1482
f 1471/1471/1471 1472/1472/1472 1484/1484/1484
f 1471/1471/1471 1484/1484/1484 1483/1483/1483
f 1472/1472/1472 1473/1473/1473 1485/1485/1485
f 1472/1472/1472 1485/1485/1485 1484/1484/1484
f 1473/1473/1473 1474/1474/1474 1486/1486/1486
f 1473/1473/1473 1486/1486/1486 1485/1485/1485
f 1474/1474/1474 1463/1463/1463 1475/1475/1475
f 1474/1474/1474 1475/1475/1475 1486/1486/1486
f 1475/1475/1475 1476/1476/1476 1488/1488/1488
f 1475/1475/1475 1488/1488/1488 1487/1487/1487
f 1476/1476/1476 1477/1477/1477 1489/1489/1489
f 1476/1476/1476 1489/1489/1489 1488/1488/1488
f 1477/1477/1477 1478/1478/1478 1490/1490/1490
f 1477/1477/1477 1490/1490/1490 1489/1489/1489
f 1478/1478/1478 1479/1479/1479 1491/1491/1491
f 1478/1478/1478 1491/1491/1491 1490/1490/1490
f 1479/1479/1479 1480/1480/1480 1492/1492/1492
f 1479/1479/1479 1492/1492/1492 1491/1491/1491
f 1480/1480/1480 1481/1481/1481 1493/1493/1493
f 1480/1480/1480 1493/1493/1493 1492/1492/1492
f 1481/1481/1481 1482/1482/1482 1494/1494/1494
f 1481/1481/1481 1494/1494/1494 1493/1493/1493
f 1482/1482/1482 1483/1483/1483 1495/1495/1495
f 1482/1482/1482 1495/1495/1495 1494/1494/1494
f 1483/1483/1483 1484/1484/1484 1496/1496/1496
f 1483/1483/1483 1496/1496/1496 1495/1495/1495
f 1484/1484/1484 1485/1485/1485 1497/1497/1497
f 1484/1484/1484 1497/1497/1497 1496/1496/1496
f 1485/1485/1485 1486/1486/1486 1498/1498/1498
f 1485/1485/1485 1498/1498/1498 1497/1497/1497
f 1486/1486/1486 1475/1475/1475 1487/1487/1487
f 1486/1486/1486 1487/1487/1487 1498/1498/1498
f 1487/1487/1487 1488/1488/1488 1500/1500/1500
f 1487/1487/1487 1500/1500/1500 1499/1499/1499
f 1488/1488/1488 1489/1489/1489 1501/1501/1501
f 1488/1488/1488 1501/1501/1501 1500/1500/1500
f 1489/1489/1489 1490/1490/1490 1502/1502/1502
f 1489/1489/1489 1502/1502/1502 1501/1501/1501
f 1490/1490/1490 1491/1491/1491 1503/1503/1503
f 1490/1490/1490 1503/1503/1503 1502/1502/1502
f 1491/1491/1491 1492/1492/1492 1504/1504/1504
f 1491/1491/1491 1504/1504/1504 1503/1503/1503
f 1492/1492/1492 1493/1493/1493 1505/1505/1505
f 1492/1492/1492 1505/1505/1505 1504/1504/1504
f 1493/1493/1493 1494/1494/1494 1506/1506/1506
f 1493/1493/1493 1506/1506/1506 1505/1505/1505
f 1494/1494/1494 1495/1495/1495 1507/1507/1507
f 1494/1494/1494 1507/1507/1507 1506/1506/1506
f 1495/1495/1495 1496/1496/1496 1508/1508/1508
f 1495/1495/1495 1508/1508/1508 1507/1507/1507
f 1496/1496/1496 1497/1497/1497 1509/1509/1509
f 1496/1496/1496 1509/1509/1509 1508/1508/1508
f 1497/1497/1497 1498/1498/1498 1510/1510/1510
f 1497/1497/1497 1510/1510/1510 1509/1509/1509
f 1498/1498/1498 1487/1487/1487 1499/1499/1499
f 1498/1498/1498 1499/1499/1499 1510/1510/1510
f 1499/1499/1499 1500/1500/1500 1512/1512/1512
f 1499/1499/1499 1512/1512/1512 1511/1511/1511
f 1500/1500/1500 1501/1501/1501 1513/1513/1513
f 1500/1500/1500 1513/1513/1513 1512/1512/1512
f 1501/1501/1501 1502/1502/1502 1514/1514/1514
f 1501/1501/1501 1514/1514/1514 1513/1513/1513
f 1502/1502/1502 1503/1503/1503 1515/1515/1515
f 1502/1502/1502 1515/1515/1515 1514/1514/1514
f 1503/1503/1503 1504/1504/1504 1516/1516/1516
f 1503/1503/1503 1516/1516/1516 1515/1515/1515
f 1504/1504/1504 1505/1505/1505 1517/1517/1517
f 1504/1504/1504 1517/1517/1517 1516/1516/1516
f 1505/1505/1505 1506/1506/1506 1518/1518/1518
f 1505/1505/1505 1518/1518/1518 1517/1517/1517
f 1506/1506/1506 1507/1507/1507 1519/1519/1519
f 1506/1506/1506 1519/1519/1519 1518/1518/1518
f 1507/1507/1507 1508/1508/1508 1520/1520/1520
f 1507/1507/1507 1520/1520/1520 1519/1519/1519
f 1508/1508/1508 1509/1509/1509 1521/1521/1521
f 1508/1508/1508 1521/1521/1521 1520/1520/1520
f 1509/1509/1509 1510/1510/1510 1522/1522/1522
f 1509/1509/1509 1522/1522/1522 1521/1521/1521
f 1510/1510/1510 1499/1499/1499 1511/1511/1511
f 1510/1510/1510 1511/1511/1511 1522/1522/1522
f 1511/1511/1511 1512/1512/1512 1524/1524/1524
f 1511/1511/1511 1524/1524/1524 1523/1523/1523
f 1512/1512/1512 1513/1513/1513 1525/1525/1525
f 1512/1512/1512 1525/1525/1525 1524/1524/1524
f 1513/1513/1513 1514/1514/1514 1526/1526/1526
f 1513/1513/1513 1526/1526/1526 1525/1525/1525
f 1514/1514/1514 1515/1515/1515 1527/1527/1527
f 1514/1514/1514 1527/1527/1527 1526/1526/1526
f 1515/1515/1515 1516/1516/1516 1528/1528/1528
f 1515/1515/1515 1528/1528/1528 1527/1527/1527
f 1516/1516/1516 1517/1517/1517 1529/1529/1529
f 1516/1516/1516 1529/1529/1529 1528/1528/1528
f 1517/1517/1517 1518/1518/1518 1530/1530/1530
f 1517/1517/1517 1530/1530/1530 1529/1529/1529
f 1518/1518/1518 1519/1519/1519 1531/1531/1531
f 1518/1518/1518 1531/1531/1531 1530/1530/1530
f 1519/1519/1519 1520/1520/1520 1532/1532/1532
f 1519/1519/1519 1532/1532/1532 1531/1531/1531
f 1520/1520/1520 1521/1521/1521 1533/1533/1533
f 1520/1520/1520 1533/1533/1533 1532/1532/1532
f 1521/1521/1521 1522/1522/1522 1534/1534/1534
f 1521/1521/1521 1534/1534/1534 1533/1533/1533
f 1522/1522/1522 1511/1511/1511 1523/1523/1523
f 1522/1522/1522 1523/1523/1523 1534/1534/1534
f 1523/1523/1523 1524/1524/1524 1536/1536/1536
f 1523/1523/1523 1536/1536/1536 1535/1535/1535
f 1524/1524/1524 1525/1525/1525 1537/1537/1537
f 1524/1524/1524 1537/1537/1537 1536/1536/1536
f 1525/1525/1525 1526/1526/1526 1538/1538/1538
f 1525/1525/1525 1538/1538/1538 1537/1537/1537
f 1526/1526/1526 1527/1527/1527 1539/1539/1539
f 1526/1526/1526 1539/1539/1539 1538/1538/1538
f 1527/1527/1527 1528/1528/1528 1540/1540/1540
f 1527/1527/1527 1540/1540/1540 1539/1539/1539
f 1528/1528/1528 1529/1529/1529 1541/1541/1541
f 1528/1528/1528 1541/1541/1541 1540/1540/1540
f 1529/1529/1529 1530/1530/1530 1542/1542/1542
f 1529/1529/1529 1542/1542/1542 1541/1541/1541
f 1530/1530/1530 1531/1531/1531 1543/1543/1543
f 1530/1530/1530 1543/1543/1543 1542/1542/1542
f 1531/1531/1531 1532/1532/1532 1544/1544/1544
f 1531/1531/1531 1544/1544/1544 1543/1543/1543
f 1532/1532/1532 1533/1533/1533 1545/1545/1545
f 1532/1532/1532 1545/1545/1545 1544/1544/1544
f 1533/1533/1533 1534/1534/1534 1546/1546/1546
f 1533/1533/1533 1546/1546/1546 1545/1545/1545
f 1534/1534/1534 1523/1523/1523 1535/1535/1535
f 1534/1534/1534 1535/1535/1535 1546/1546/1546
f 1535/1535/1535 1536/1536/1536 1548/1548/1548
f 1535/1535/1535 1548/1548/1548 1547/1547/1547
f 1536/1536/1536 1537/1537/1537 1549/1549/1549
f 1536/1536/1536 1549/1549/1549 1548/1548/1548
f 1537/1537/1537 1538/1538/1538 1550/1550/1550
f 1537/1537/1537 1550/1550/1550 1549/1549/1549
f 1538/1538/1538 1539/1539/1539 1551/1551/1551
f 1538/1538/1538 1551/1551/1551 1550/1550/1550
f 1539/1539/1539 1540/1540/1540 1552/1552/1552
f 1539/1539/1539 1552/1552/1552 1551/1551/1551
f 1540/1540/1540 1541/1541/1541 1553/1553/1553
f 1540/1540/1540 1553/1553/1553 1552/1552/1552
f 1541/1541/1541 1542/1542/1542 1554/1554/1554
f 1541/1541/1541 1554/1554/1554 1553/1553/1553
f 1542/1542/1542 1543/1543/1543 1555/1555/1555
f 1542/1542/1542 1555/1555/1555 1554/1554/1554
f 1543/1543/1543 1544/1544/1544 1556/1556/1556
f 1543/1543/1543 1556/1556/1556 1555/1555/1555
f 1544/1544/1544 1545/1545/1545 1557/1557/1557
f 1544/1544/1544 1557/1557/1557 1556/1556/1556
f 1545/1545/1545 1546/1546/1546 1558/1558/1558
f 1545/1545/1545 1558/1558/1558 1557/1557/1557
f 1546/1546/1546 1535/1535/1535 1547/1547/1547
f 1546/1546/1546 1547/1547/1547 1558/1558/1558
f 1547/1547/1547 1548/1548/1548 1560/1560/1560
f 1547/1547/1547 1560/1560/1560 1559/1559/1559
f 1548/1548/1548 1549/1549/1549 1561/1561/1561
f 1548/1548/1548 1561/1561/1561 1560/1560/1560
f 1549/1549/1549 1550/1550/1550 1562/1562/1562
f 1549/1549/1549 1562/1562/1562 1561/1561/1561
f 1550/1550/1550 1551/1551/1551 1563/1563/1563
f 1550/1550/1550 1563/1563/1563 1562/1562/1562
f 1551/1551/1551 1552/1552/1552 1564/1564/1564
f 1551/1551/1551 1564/1564/1564 1563/1563/1563
f 1552/1552/1552 1553/1553/1553 1565/1565/1565
f 1552/1552/1552 1565/1565/1565 1564/1564/1564
f 1553/1553/1553 1554/1554/1554 1566/1566/1566
f 1553/1553/1553 1566/1566/1566 1565/1565/1565
f 1554/1554/1554 1555/1555/1555 1567/1567/1567
f 1554/1554/1554 1567/1567/1567 1566/1566/1566
f 1555/1555/1555 1556/1556/1556 1568/1568/1568
f 1555/1555/1555 1568/1568/1568 1567/1567/1567
f 1556/1556/1556 1557/1557/1557 1569/1569/1569
f 1556/1556/1556 1569/1569/1569 1568/1568/1568
f 1557/1557/1557 1558/1558/1558 1570/1570/1570
f 1557/1557/1557 1570/1570/1570 1569/1569/1569
f 1558/1558/1558 1547/1547/1547 1559/1559/1559
f 1558/1558/1558 1559/1559/1559 1570/1570/1570
f 1559/1559/1559 1560/1560/1560 1572/1572/1572
f 1559/1559/1559 1572/1572/1572 1571/1571/1571
f 1560/1560/1560 1561/1561/1561 1573/1573/1573
f 1560/1560/1560 1573/1573/1573 1572/1572/1572
f 1561/1561/1561 1562/1562/1562 1574/1574/1574
f 1561/1561/1561 1574/1574/1574 1573/1573/1573
f 1562/1562/1562 1563/1563/1563 1575/1575/1575
f 1562/1562/1562 1575/1575/1575 1574/1574/1574
f 1563/1563/1563 1564/1564/1564 1576/1576/1576
f 1563/1563/1563 1576/1576/1576 1575/1575/1575
f 1564/1564/1564 1565/1565/1565 1577/1577/1577
f 1564/1564/1564 1577/1577/1577 1576/1576/1576
f 1565/1565/1565 1566/1566/1566 1578/1578/1578
f 1565/1565/1565 1578/1578/1578 1577/1577/1577
f 1566/1566/1566 1567/1567/1567 1579/1579/1579
f 1566/1566/1566 1579/1579/1579 1578/1578/1578
f 1567/1567/1567 1568/1568/1568 1580/1580/1580
f 1567/1567/1567 1580/1580/1580 1579/1579/1579
f 1568/1568/1568 1569/1569/1569 1581/1581/1581
f 1568/1568/1568 1581/1581/1581 1580/1580/1580
f 1569/1569/1569 1570/1570/1570 1582/1582/1582
f 1569/1569/1569 1582/1582/1582 1581/1581/1581
f 1570/1570/1570 1559/1559/1559 1571/1571/1571
f 1570/1570/1570 1571/1571/1571 1582/1582/1582
f 1571/1571/1571 1572/1572/1572 1584/1584/1584
f 1571/1571/1571 1584/1584/1584 1583/1583/1583
f 1572/1572/1572 1573/1573/1573 1585/1585/1585
f 1572/1572/1572 1585/1585/1585 1584/1584/1584
f 1573/1573/1573 1574/1574/1574 1586/1586/1586
f 1573/1573/1573 1586/1586/1586 1585/1585/1585
f 1574/1574/1574 1575/1575/1575 1587/1587/1587
f 1574/1574/1574 1587/1587/1587 1586/1586/1586
f 1575/1575/1575 1576/1576/1576 1588/1588/1588
f 1575/1575/1575 1588/1588/1588 1587/1587/1587
f 1576/1576/1576 1577/1577/1577 1589/1589/1589
f 1576/1576/1576 1589/1589/1589 1588/1588/1588
f 1577/1577/1577 1578/1578/1578 1590/1590/1590
f 1577/1577/1577 1590/1590/1590 1589/1589/1589
f 1578/1578/1578 1579/1579/1579 1591/1591/1591
f 1578/1578/1578 1591/1591/1591 1590/1590/1590
f 1579/1579/1579 1580/1580/1580 1592/1592/1592
f 1579/1579/1579 1592/1592/1592 1591/1591/1591
f 1580/1580/1580 1581/1581/1581 1593/1593/1593
f 1580/1580/1580 1593/1593/1593 1592/1592/1592
f 1581/1581/1581 1582/1582/1582 1594/1594/1594
f 1581/1581/1581 1594/1594/1594 1593/1593/1593
f 1582/1582/1582 1571/1571/1571 1583/1583/1583
f 1582/1582/1582 1583/1583/1583 1594/1594/1594
f 1583/1583/1583 1584/1584/1584 1596/1596/1596
f 1583/1583/1583 1596/1596/1596 1595/1595/1595
f 1584/1584/1584 1585/1585/1585 1597/1597/1597
f 1584/1584/1584 1597/1597/1597 1596/1596/1596
f 1585/1585/1585 1586/1586/1586 1598/1598/1598
f 1585/1585/1585 1598/1598/1598 1597/1597/1597
f 1586/1586/1586 1587/1587/1587 1599/1599/1599
f 1586/1586/1586 1599/1599/1599 1598/1598/1598
f 1587/1587/1587 1588/1588/1588 1600/1600/1600
f 1587/1587/1587 1600/1600/1600 1599/1599/1599
f 1588/1588/1588 1589/1589/1589 1601/1601/1601
f 1588/1588/1588 1601/1601/1601 1600/1600/1600
f 1589/1589/1589 1590/1590/1590 1602/1602/1602
f 1589/1589/1589 1602/1602/1602 1601/1601/1601
f 1590/1590/1590 1591/1591/1591 1603/1603/1603
f 1590/1590/1590 1603/1603/1603 1602/1602/1602
f 1591/1591/1591 1592/1592/1592 1604/1604/1604
f 1591/1591/1591 1604/1604/1604 1603/1603/1603
f 1592/1592/1592 1593/1593/1593 1605/1605/1605
f 1592/1592/1592 1605/1605/1605 1604/1604/1604
f 1593/1593/1593 1594/1594/1594 1606/1606/1606
f 1593/1593/1593 1606/1606/1606 1605/1605/1605
f 1594/1594/1594 1583/1583/1583 1595/1595/1595
f 1594/1594/1594 1595/1595/1595 1606/1606/1606
f 1595/1595/1595 1596/1596/1596 1608/1608/1608
f 1595/1595/1595 1608/1608/1608 1607/1607/1607
f 1596/1596/1596 1597/1597/1597 1609/1609/1609
f 1596/1596/1596 1609/1609/1609 1608/1608/1608
f 1597/1597/1597 1598/1598/1598 1610/1610/1610
f 1597/1597/1597 1610/1610/1610 1609/1609/1609
f 1598/1598/1598 1599/1599/1599 1611/1611/1611
f 1598/1598/1598 1611/1611/1611 1610/1610/1610
f 1599/1599/1599 1600/1600/1600 1612/1612/1612
f 1599/1599/1599 1612/1612/1612 1611/1611/1611
f 1600/1600/1600 1601/1601/1601 1613/1613/1613
f 1600/1600/1600 1613/1613/1613 1612/1612/1612
f 1601/1601/1601 1602/1602/1602 1614/1614/1614
f 1601/1601/1601 1614/1614/1614 1613/1613/1613
f 1602/1602/1602 1603/1603/1603 1615/1615/1615
f 1602/1602/1602 1615/1615/1615 1614/1614/1614
f 1603/1603/1603 1604/1604/1604 1616/1616/1616
f 1603/1603/1603 1616/1616/1616 1615/1615/1615
f 1604/1604/1604 1605/1605/1605 1617/1617/1617
f 1604/1604/1604 1617/1617/1617 1616/1616/1616
f 1605/1605/1605 1606/1606/1606 1618/1618/1618
f 1605/1605/1605 1618/1618/1618 1617/1617/1617
f 1606/1606/1606 1595/1595/1595 1607/1607/1607
f 1606/1606/1606 1607/1607/1607 1618/1618/1618
f 1607/1607/1607 1608/1608/1608 1620/1620/1620
f 1607/1607/1607 1620/1620/1620 1619/1619/1619
f 1608/1608/1608 1609/1609/1609 1621/1621/1621
f 1608/1608/1608 1621/1621/1621 1620/1620/1620
f 1609/1609/1609 1610/1610/1610 1622/1622/1622
f 1609/1609/1609 1622/1622/1622 1621/1621/1621
f 1610/1610/1610 1611/1611/1611 1623/1623/1623
f 1610/1610/1610 1623/1623/1623 1622/1622/1622
f 1611/1611/1611 1612/1612/1612 1624/1624/1624
f 1611/1611/1611 1624/1624/1624 1623/1623/1623
f 1612/1612/1612 1613/1613/1613 1625/1625/1625
f 1612/1612/1612 1625/1625/1625 1624/1624/1624
f 1613/1613/1613 1614/1614/1614 1626/1626/1626
f 1613/1613/1613 1626/1626/1626 1625/1625/1625
f 1614/1614/1614 1615/1615/1615 1627/1627/1627
f 1614/1614/1614 1627/1627/1627 1626/1626/1626
f 1615/1615/1615 1616/1616/1616 1628/1628/1628
f 1615/1615/1615 1628/1628/1628 1627/1627/1627
f 1616/1616/1616 1617/1617/1617 1629/1629/1629
f 1616/1616/1616 1629/1629/1629 1628/1628/1628
f 1617/1617/1617 1618/1618/1618 1630/1630/1630
f 1617/1617/1617 1630/1630/1630 1629/1629/1629
f 1618/1618/1618 1607/1607/1607 1619/1619/1619
f 1618/1618/1618 1619/1619/1619 1630/1630/1630
f 1619/1619/1619 1620/1620/1620 1632/1632/1632
f 1619/1619/1619 1632/1632/1632 1631/1631/1631
f 1620/1620/1620 1621/1621/1621 1633/1633/1633
f 1620/1620/1620 1633/1633/1633 1632/1632/1632
f 1621/1621/1621 1622/1622/1622 1634/1634/1634
f 1621/1621/1621 1634/1634/1634 1633/1633/1633
f 1622/1622/1622 1623/1623/1623 1635/1635/1635
f 1622/1622/1622 1635/1635/1635 1634/1634/1634
f 1623/1623/1623 1624/1624/1624 1636/1636/1636
f 1623/1623/1623 1636/1636/1636 1635/1635/1635
f 1624/1624/1624 1625/1625/1625 1637/1637/1637
f 1624/1624/1624 1637/1637/1637 1636/1636/1636
f 1625/1625/1625 1626/1626/1626 1638/1638/1638
f 1625/1625/1625 1638/1638/1638 1637/1637/1637
f 1626/1626/1626 1627/1627/1627 1639/1639/1639
f 1626/1626/1626 1639/1639/1639 1638/1638/1638
f 1627/1627/1627 1628/1628/1628 1640/1640/1640
f 1627/1627/1627 1640/1640/1640 1639/1639/1639
f 1628/1628/1628 1629/1629/1629 1641/1641/1641
f 1628/1628/1628 1641/1641/1641 1640/1640/1640
f 1629/1629/1629 1630/1630/1630 1642/1642/1642
f 1629/1629/1629 1642/1642/1642 1641/1641/1641
f 1630/1630/1630 1619/1619/1619 1631/1631/1631
f 1630/1630/1630 1631/1631/1631 1642/1642/1642
f 1631/1631/1631 1632/1632/1632 1644/1644/1644
f 1631/1631/1631 1644/1644/1644 1643/1643/1643
f 1632/1632/1632 1633/1633/1633 1645/1645/1645
f 1632/1632/1632 1645/1645/1645 1644/1644/1644
f 1633/1633/1633 1634/1634/1634 1646/1646/1646
f 1633/1633/1633 1646/1646/1646 1645/1645/1645
f 1634/1634/1634 1635/1635/1635 1647/1647/1647
f 1634/1634/1634 1647/1647/1647 1646/1646/1646
f 1635/1635/1635 1636/1636/1636 1648/1648/1648
f 1635/1635/1635 1648/1648/1648 1647/1647/1647
f 1636/1636/1636 1637/1637/1637 1649/1649/1649
f 1636/1636/1636 1649/1649/1649 1648/1648/1648
f 1637/1637/1637 1638/1638/1638 1650/1650/1650
f 1637/1637/1637 1650/1650/1650 1649/1649/1649
f 1638/1638/1638 1639/1639/1639 1651/1651/1651
f 1638/1638/1638 1651/1651/1651 1650/1650/1650
f 1639/1639/1639 1640/1640/1640 1652/1652/1652
f 1639/1639/1639 1652/1652/1652 1651/1651/1651
f 1640/1640/1640 1641/1641/1641 1653/1653/1653
f 1640/1640/1640 1653/1653/1653 1652/1652/1652
f 1641/1641/1641 1642/1642/1642 1654/1654/1654
f 1641/1641/1641 1654/1654/1654 1653/1653/1653
f 1642/1642/1642 1631/1631/1631 1643/1643/1643
f 1642/1642/1642 1643/1643/1643 1654/1654/1654
f 1643/1643/1643 1644/1644/1644 1656/1656/1656
f 1643/1643/1643 1656/1656/1656 1655/1655/1655
f 1644/1644/1644 1645/1645/1645 1657/1657/1657
f 1644/1644/1644 1657/1657/1657 1656/1656/1656
f 1645/1645/1645 1646/1646/1646 1658/1658/1658
f 1645/1645/1645 1658/1658/1658 1657/1657/1657
f 1646/1646/1646 1647/1647/1647 1659/1659/1659
f 1646/1646/1646 1659/1659/1659 1658/1658/1658
f 1647/1647/1647 1648/1648/1648 1660/1660/1660
f 1647/1647/1647 1660/1660/1660 1659/1659/1659
f 1648/1648/1648 1649/1649/1649 1661/1661/1661
f 1648/1648/1648 1661/1661/1661 1660/1660/1660
f 1649/1649/1649 1650/1650/1650 1662/1662/1662
f 1649/1649/1649 1662/1662/1662 1661/1661/1661
f 1650/1650/1650 1651/1651/1651 1663/1663/1663
f 1650/1650/1650 1663/1663/1663 1662/1662/1662
f 1651/1651/1651 1652/1652/1652 1664/1664/1664
f 1651/1651/1651 1664/1664/1664 1663/1663/1663
f 1652/1652/1652 1653/1653/1653 1665/1665/1665
f 1652/1652/1652 1665/1665/1665 1664/1664/1664
f 1653/1653/1653 1654/1654/1654 1666/1666/1666
f 1653/1653/1653 1666/1666/1666 1665/1665/1665
f 1654/1654/1654 1643/1643/1643 1655/1655/1655
f 1654/1654/1654 1655/1655/1655 1666/1666/1666
f 1655/1655/1655 1656/1656/1656 1668/1668/1668
f 1655/1655/1655 1668/1668/1668 1667/1667/1667
f 1656/1656/1656 1657/1657/1657 1669/1669/1669
f 1656/1656/1656 1669/1669/1669 1668/1668/1668
f 1657/1657/1657 1658/1658/1658 1670/1670/1670
f 1657/1657/1657 1670/1670/1670 1669/1669/1669
f 1658/1658/1658 1659/1659/1659 1671/1671/1671
f 1658/1658/1658 1671/1671/1671 1670/1670/1670
f 1659/1659/1659 1660/1660/1660 1672/1672/1672
f 1659/1659/1659 1672/1672/1672 1671/1671/1671
f 1660/1660/1660 1661/1661/1661 1673/1673/1673
f 1660/1660/1660 1673/1673/1673 1672/1672/1672
f 1661/1661/1661 1662/1662/1662 1674/1674/1674
f 1661/1661/1661 1674/1674/1674 1673/1673/1673
f 1662/1662/1662 1663/1663/1663 1675/1675/1675
f 1662/1662/1662 1675/1675/1675 1674/1674/1674
f 1663/1663/1663 1664/1664/1664 1676/1676/1676
f 1663/1663/1663 1676/1676/1676 1675/1675/1675
f 1664/1664/1664 1665/1665/1665 1677/1677/1677
f 1664/1664/1664 1677/1677/1677 1676/1676/1676
f 1665/1665/1665 1666/1666/1666 1678/1678/1678
f 1665/1665/1665 1678/1678/1678 1677/1677/1677
f 1666/1666/1666 1655/1655/1655 1667/1667/1667
f 1666/1666/1666 1667/1667/1667 1678/1678/1678
f 1667/1667/1667 1668/1668/1668 1680/1680/1680
f 1667/1667/1667 1680/1680/1680 1679/1679/1679
f 1668/1668/1668 1669/1669/1669 1681/1681/1681
f 1668/1668/1668 1681/1681/1681 1680/1680/1680
f 1669/1669/1669 1670/1670/1670 1682/1682/1682
f 1669/1669/1669 1682/1682/1682 1681/1681/1681
f 1670/1670/1670 1671/1671/1671 1683/1683/1683
f 1670/1670/1670 1683/1683/1683 1682/1682/1682
f 1671/1671/1671 1672/1672/1672 1684/1684/1684
f 1671/1671/1671 1684/1684/1684 1683/1683/1683
f 1672/1672/1672 1673/1673/1673 1685/1685/1685
f 1672/1672/1672 1685/1685/1685 1684/1684/1684
f 1673/1673/1673 1674/1674/1674 1686/1686/1686
f 1673/1673/1673 1686/1686/1686 1685/1685/1685
f 1674/1674/1674 1675/1675/1675 1687/1687/1687
f 1674/1674/1674 1687/1687/1687 1686/1686/1686
f 1675/1675/1675 1676/1676/1676 1688/1688/1688
f 1675/1675/1675 1688/1688/1688 1687/1687/1687
f 1676/1676/1676 1677/1677/1677 1689/1689/1689
f 1676/1676/1676 1689/1689/1689 1688/1688/1688
f 1677/1677/1677 1678/1678/1678 1690/1690/1690
f 1677/1677/1677 1690/1690/1690 1689/1689/1689
f 1678/1678/1678 1667/1667/1667 1679/1679/1679
f 1678/1678/1678 1679/1679/1679 1690/1690/1690
f 1679/1679/1679 1680/1680/1680 1692/1692/1692
f 1679/1679/1679 1692/1692/1692 1691/1691/1691
f 1680/1680/1680 1681/1681/1681 1693/1693/1693
f 1680/1680/1680 1693/1693/1693 1692/1692/1692
f 1681/1681/1681 1682/1682/1682 1694/1694/1694
f 1681/1681/1681 1694/1694/1694 1693/1693/1693
f 1682/1682/1682 1683/1683/1683 1695/1695/1695
f 1682/1682/1682 1695/1695/1695 1694/1694/1694
f 1683/1683/1683 1684/1684/1684 1696/1696/1696
f 1683/1683/1683 1696/1696/1696 1695/1695/1695
f 1684/1684/1684 1685/1685/1685 1697/1697/1697
f 1684/1684/1684 1697/1697/1697 1696/1696/1696
f 1685/1685/1685 1686/1686/1686 1698/1698/1698
f 1685/1685/1685 1698/1698/1698 1697/1697/1697
f 1686/1686/1686 1687/1687/1687 1699/1699/1699
f 1686/1686/1686 1699/1699/1699 1698/1698/1698
f 1687/1687/1687 1688/1688/1688 1700/1700/1700
f 1687/1687/1687 1700/1700/1700 1699/1699/1699
f 1688/1688/1688 1689/1689/1689 1701/1701/1701
f 1688/1688/1688 1701/1701/1701 1700/1700/1700
f 1689/1689/1689 1690/1690/1690 1702/1702/1702
f 1689/1689/1689 1702/1702/1702 1701/1701/1701
f 1690/1690/1690 1679/1679/1679 1691/1691/1691
f 1690/1690/1690 1691/1691/1691 1702/1702/1702
f 1691/1691/1691 1692/1692/1692 1704/1704/1704
f 1691/1691/1691 1704/1704/1704 1703/1703/1703
f 1692/1692/1692 1693/1693/1693 1705/1705/1705
f 1692/1692/1692 1705/1705/1705 1704/1704/1704
f 1693/1693/1693 1694/1694/1694 1706/1706/1706
f 1693/1693/1693 1706/1706/1706 1705/1705/1705
f 1694/1694/1694 1695/1695/1695 1707/1707/1707
f 1694/1694/1694 1707/1707/1707 1706/1706/1706
f 1695/1695/1695 1696/1696/1696 1708/1708/1708
f 1695/1695/1695 1708/1708/1708 1707/1707/1707
f 1696/1696/1696 1697/1697/1697 1709/1709/1709
f 1696/1696/1696 1709/1709/1709 1708/1708/1708
f 1697/1697/1697 1698/1698/1698 1710/1710/1710
f 1697/1697/1697 1710/1710/1710 1709/1709/1709
f 1698/1698/1698 1699/1699/1699 1711/1711/1711
f 1698/1698/1698 1711/1711/1711 1710/1710/1710
f 1699/1699/1699 1700/1700/1700 1712/1712/1712
f 1699/1699/1699 1712/1712/1712 1711/1711/1711
f 1700/1700/1700 1701/1701/1701 1713/1713/1713
f 1700/1700/1700 1713/1713/1713 1712/1712/1712
f 1701/1701/1701 1702/1702/1702 1714/1714/1714
f 1701/1701/1701 1714/1714/1714 1713/1713/1713
f 1702/1702/1702 1691/1691/1691 1703/1703/1703
f 1702/1702/1702 1703/1703/1703 1714/1714/1714
f 1703/1703/1703 1704/1704/1704 1716/1716/1716
f 1703/1703/1703 1716/1716/1716 1715/1715/1715
f 1704/1704/1704 1705/1705/1705 1717/1717/1717
f 1704/1704/1704 1717/1717/1717 1716/1716/1716
f 1705/1705/1705 1706/1706/1706 1718/1718/1718
f 1705/1705/1705 1718/1718/1718 1717/1717/1717
f 1706/1706/1706 1707/1707/1707 1719/1719/1719
f 1706/1706/1706 1719/1719/1719 1718/1718/1718
f 1707/1707/1707 1708/1708/1708 1720/1720/1720
f 1707/1707/1707 1720/1720/1720 1719/1719/1719
f 1708/1708/1708 1709/1709/1709 1721/1721/1721
f 1708/1708/1708 1721/1721/1721 1720/1720/1720
f 1709/1709/1709 1710/1710/1710 1722/1722/1722
f 1709/1709/1709 1722/1722/1722 1721/1721/1721
f 1710/1710/1710 1711/1711/1711 1723/1723/1723
f 1710/1710/1710 1723/1723/1723 1722/1722/1722
f 1711/1711/1711 1712/1712/1712 1724/1724/1724
f 1711/1711/1711 1724/1724/1724 1723/1723/1723
f 1712/1712/1712 1713/1713/1713 1725/1725/1725
f 1712/1712/1712 1725/1725/1725 1724/1724/1724
f 1713/1713/1713 1714/1714/1714 1726/1726/1726
f 1713/1713/1713 1726/1726/1726 1725/1725/1725
f 1714/1714/1714 1703/1703/1703 1715/1715/1715
f 1714/1714/1714 1715/1715/1715 1726/1726/1726
f 1715/1715/1715 1716/1716/1716 1728/1728/1728
f 1715/1715/1715 1728/1728/1728 1727/1727/1727
f 1716/1716/1716 1717/1717/1717 1729/1729/1729
f 1716/1716/1716 1729/1729/1729 1728/1728/1728
f 1717/1717/1717 1718/1718/1718 1730/1730/1730
f 1717/1717/1717 1730/1730/1730 1729/1729/1729
f 1718/1718/1718 1719/1719/1719 1731/1731/1731
f 1718/1718/1718 1731/1731/1731 1730/1730/1730
f 1719/1719/1719 1720/1720/1720 1732/1732/1732
f 1719/1719/1719 1732/1732/1732 1731/1731/1731
f 1720/1720/1720 1721/1721/1721 1733/1733/1733
f 1720/1720/1720 1733/1733/1733 1732/1732/1732
f 1721/1721/1721 1722/1722/1722 1734/1734/1734
f 1721/1721/1721 1734/1734/1734 1733/1733/1733
f 1722/1722/1722 1723/1723/1723 1735/1735/1735
f 1722/1722/1722 1735/1735/1735 1734/1734/1734
f 1723/1723/1723 1724/1724/1724 1736/1736/1736
f 1723/1723/1723 1736/1736/1736 1735/1735/1735
f 1724/1724/1724 1725/1725/1725 1737/1737/1737
f 1724/1724/1724 1737/1737/1737 1736/1736/1736
f 1725/1725/1725 1726/1726/1726 1738/1738/1738
f 1725/1725/1725 1738/1738/1738 1737/1737/1737
f 1726/1726/1726 1715/1715/1715 1727/1727/1727
f 1726/1726/1726 1727/1727/1727 1738/1738/1738
f 1727/1727/1727 1728/1728/1728 1740/1740/1740
f 1727/1727/1727 1740/1740/1740 1739/1739/1739
f 1728/1728/1728 1729/1729/1729 1741/1741/1741
f 1728/1728/1728 1741/1741/1741 1740/1740/1740
f 1729/1729/1729 1730/1730/1730 1742/1742/1742
f 1729/1729/1729 1742/1742/1742 1741/1741/1741
f 1730/1730/1730 1731/1731/1731 1743/1743/1743
f 1730/1730/1730 1743/1743/1743 1742/1742/1742
f 1731/1731/1731 1732/1732/1732 1744/1744/1744
f 1731/1731/1731 1744/1744/1744 1743/1743/1743
f 1732/1732/1732 1733/1733/1733 1745/1745/1745
f 1732/1732/1732 1745/1745/1745 1744/1744/1744
f 1733/1733/1733 1734/1734/1734 1746/1746/1746
f 1733/1733/1733 1746/1746/1746 1745/1745/1745
f 1734/1734/1734 1735/1735/1735 1747/1747/1747
f 1734/1734/1734 1747/1747/1747 1746/1746/1746
f 1735/1735/1735 1736/1736/1736 1748/1748/1748
f 1735/1735/1735 1748/1748/1748 1747/1747/1747
f 1736/1736/1736 1737/1737/1737 1749/1749/1749
f 1736/1736/1736 1749/1749/1749 1748/1748/1748
f 1737/1737/1737 1738/1738/1738 1750/1750/1750
f 1737/1737/1737 1750/1750/1750 1749/1749/1749
f 1738/1738/1738 1727/1727/1727 1739/1739/1739
f 1738/1738/1738 1739/1739/1739 1750/1750/1750
f 1739/1739/1739 1740/1740/1740 1752/1752/1752
f 1739/1739/1739 1752/1752/1752 1751/1751/1751
f 1740/1740/1740 1741/1741/1741 1753/1753/1753
f 1740/1740/1740 1753/1753/1753 1752/1752/1752
f 1741/1741/1741 1742/1742/1742 1754/1754/1754
f 1741/1741/1741 1754/1754/1754 1753/1753/1753
f 1742/1742/1742 1743/1743/1743 1755/1755/1755
f 1742/1742/1742 1755/1755/1755 1754/1754/1754
f 1743/1743/1743 1744/1744/1744 1756/1756/1756
f 1743/1743/1743 1756/1756/1756 1755/1755/1755
f 1744/1744/1744 1745/1745/1745 1757/1757/1757
f 1744/1744/1744 1757/1757/1757 1756/1756/1756
f 1745/1745/1745 1746/1746/1746 1758/1758/1758
f 1745/1745/1745 1758/1758/1758 1757/1757/1757
f 1746/1746/1746 1747/1747/1747 1759/1759/1759
f 1746/1746/1746 1759/1759/1759 1758/1758/1758
f 1747/1747/1747 1748/1748/1748 1760/1760/1760
f 1747/1747/1747 1760/1760/1760 1759/1759/1759
f 1748/1748/1748 1749/1749/1749 1761/1761/1761
f 1748/1748/1748 1761/1761/1761 1760/1760/1760
f 1749/1749/1749 1750/1750/1750 1762/1762/1762
f 1749/1749/1749 1762/1762/1762 1761/1761/1761
f 1750/1750/1750 1739/1739/1739 1751/1751/1751
f 1750/1750/1750 1751/1751/1751 1762/1762/1762
f 1751/1751/1751 1752/1752/1752 1764/1764/1764
f 1751/1751/1751 1764/1764/1764 1763/1763/1763
f 1752/1752/1752 1753/1753/1753 1765/1765/1765
f 1752/1752/1752 1765/1765/1765 1764/1764/1764
f 1753/1753/1753 1754/1754/1754 1766/1766/1766
f 1753/1753/1753 1766/1766/1766 1765/1765/1765
f 1754/1754/1754 1755/1755/1755 1767/1767/1767
f 1754/1754/1754 1767/1767/1767 1766/1766/1766
f 1755/1755/1755 1756/1756/1756 1768/1768/1768
f 1755/1755/1755 1768/1768/1768 1767/1767/1767
f 1756/1756/1756 1757/1757/1757 1769/1769/1769
f 1756/1756/1756 1769/1769/1769 1768/1768/1768
f 1757/1757/1757 1758/1758/1758 1770/1770/1770
f 1757/1757/1757 1770/1770/1770 1769/1769/1769
f 1758/1758/1758 1759/1759/1759 1771/1771/1771
f 1758/1758/1758 1771/1771/1771 1770/1770/1770
f 1759/1759/1759 1760/1760/1760 1772/1772/1772
f 1759/1759/1759 1772/1772/1772 1771/1771/1771
f 1760/1760/1760 1761/1761/1761 1773/1773/1773
f 1760/1760/1760 1773/1773/1773 1772/1772/1772
f 1761/1761/1761 1762/1762/1762 1774/1774/1774
f 1761/1761/1761 1774/1774/1774 1773/1773/1773
f 1762/1762/1762 1751/1751/1751 1763/1763/1763
f 1762/1762/1762 1763/1763/1763 1774/1774/1774
usemtl Glass
f 1775/1775/1775 1776/1776/1776 1782/1782/1782
f 1775/1775/1775 1782/1782/1782 1781/1781/1781
f 1776/1776/1776 1777/1777/1777 1783/1783/1783
f 1776/1776/1776 1783/1783/1783 1782/1782/1782
f 1777/1777/1777 1778/1778/1778 1784/1784/1784
f 1777/1777/1777 1784/1784/1784 1783/1783/1783
f 1778/1778/1778 1779/1779/1779 1785/1785/1785
f 1778/1778/1778 1785/1785/1785 1784/1784/1784
f 1779/1779/1779 1780/1780/1780 1786/1786/1786
f 1779/1779/1779 1786/1786/1786 1785/1785/1785
f 1780/1780/1780 1775/1775/1775 1781/1781/1781
f 1780/1780/1780 1781/1781/1781 1786/1786/1786
f 1781/1781/1781 1782/1782/1782 1788/1788/1788
f 1781/1781/1781 1788/1788/1788 1787/1787/1787
f 1782/1782/1782 1783/1783/1783 1789/1789/1789
f 1782/1782/1782 1789/1789/1789 1788/1788/1788
f 1783/1783/1783 1784/1784/1784 1790/1790/1790
f 1783/1783/1783 1790/1790/1790 1789/1789/1789
f 1784/1784/1784 1785/1785/1785 1791/1791/1791
f 1784/1784/1784 1791/1791/1791 1790/1790/1790
f 1785/1785/1785 1786/1786/1786 1792/1792/1792
f 1785/1785/1785 1792/1792/1792 1791/1791/1791
f 1786/1786/1786 1781/1781/1781 1787/1787/1787
f 1786/1786/1786 1787/1787/1787 1792/1792/1792
f 1787/1787/1787 1788/1788/1788 1794/1794/1794
f 1787/1787/1787 1794/1794/1794 1793/1793/1793
f 1788/1788/1788 1789/1789/1789 1795/1795/1795
f 1788/1788/1788 1795/1795/1795 1794/1794/1794
f 1789/1789/1789 1790/1790/1790 1796/1796/1796
f 1789/1789/1789 1796/1796/1796 1795/1795/1795
f 1790/1790/1790 1791/1791/1791 1797/1797/1797
f 1790/1790/1790 1797/1797/1797 1796/1796/1796
f 1791/1791/1791 1792/1792/1792 1798/1798/1798
f 1791/1791/1791 1798/1798/1798 1797/1797/1797
f 1792/1792/1792 1787/1787/1787 1793/1793/1793
f 1792/1792/1792 1793/1793/1793 1798/1798/1798
f 1793/1793/1793 1794/1794/1794 1800/1800/1800
f 1793/1793/1793 1800/1800/1800 1799/1799/1799
f 1794/1794/1794 1795/1795/1795 1801/1801/1801
f 1794/1794/1794 1801/1801/1801 1800/1800/1800
f 1795/1795/1795 1796/1796/1796 1802/1802/1802
f 1795/1795/1795 1802/1802/1802 1801/1801/1801
f 1796/1796/1796 1797/1797/1797 1803/1803/1803
f 1796/1796/1796 1803/1803/1803 1802/1802/1802
f 1797/1797/1797 1798/1798/1798 1804/1804/1804
f 1797/1797/1797 1804/1804/1804 1803/1803/1803
f 1798/1798/1798 1793/1793/1793 1799/1799/1799
f 1798/1798/1798 1799/1799/1799 1804/1804/1804
f 1799/1799/1799 1800/1800/1800 1806/1806/1806
f 1799/1799/1799 1806/1806/1806 1805/1805/1805
f 1800/1800/1800 1801/1801/1801 1807/1807/1807
f 1800/1800/1800 1807/1807/1807 1806/1806/1806
f 1801/1801/1801 1802/1802/1802 1808/1808/1808
f 1801/1801/1801 1808/1808/1808 1807/1807/1807
f 1802/1802/1802 1803/1803/1803 1809/1809/1809
f 1802/1802/1802 1809/1809/1809 1808/1808/1808
f 1803/1803/1803 1804/1804/1804 1810/1810/1810
f 1803/1803/1803 1810/1810/1810 1809/1809/1809
f 1804/1804/1804 1799/1799/1799 1805/1805/1805
f 1804/1804/1804 1805/1805/1805 1810/1810/1810
f 1805/1805/1805 1806/1806/1806 1812/1812/1812
f 1805/1805/1805 1812/1812/1812 1811/1811/1811
f 1806/1806/1806 1807/1807/1807 1813/1813/1813
f 1806/1806/1806 1813/1813/1813 1812/1812/1812
f 1807/1807/1807 1808/1808/1808 1814/1814/1814
f 1807/1807/1807 1814/1814/1814 1813/1813/1813
f 1808/1808/1808 1809/1809/1809 1815/1815/1815
f 1808/1808/1808 1815/1815/1815 1814/1814/1814
f 1809/1809/1809 1810/1810/1810 1816/1816/1816
f 1809/1809/1809 1816/1816/1816 1815/1815/1815
f 1810/1810/1810 1805/1805/1805 1811/1811/1811
f 1810/1810/1810 1811/1811/1811 1816/1816/1816
f 1811/1811/1811 1812/1812/1812 1818/1818/1818
f 1811/1811/1811 1818/1818/1818 1817/1817/1817
f 1812/1812/1812 1813/1813/1813 1819/1819/1819
f 1812/1812/1812 1819/1819/1819 1818/1818/1818
f 1813/1813/1813 1814/1814/1814 1820/1820/1820
f 1813/1813/1813 1820/1820/1820 1819/1819/1819
f 1814/1814/1814 1815/1815/1815 1821/1821/1821
f 1814/1814/1814 1821/1821/1821 1820/1820/1820
f 1815/1815/1815 1816/1816/1816 1822/1822/1822
f 1815/1815/1815 1822/1822/1822 1821/1821/1821
f 1816/1816/1816 1811/1811/1811 1817/1817/1817
f 1816/1816/1816 1817/1817/1817 1822/1822/1822
f 1817/1817/1817 1818/1818/1818 1824/1824/1824
f 1817/1817/1817 1824/1824/1824 1823/1823/1823
f 1818/1818/1818 1819/1819/1819 1825/1825/1825
f 1818/1818/1818 1825/1825/1825 1824/1824/1824
f 1819/1819/1819 1820/1820/1820 1826/1826/1826
f 1819/1819/1819 1826/1826/1826 1825/1825/1825
f 1820/1820/1820 1821/1821/1821 1827/1827/1827
f 1820/1820/1820 1827/1827/1827 1826/1826/1826
f 1821/1821/1821 1822/1822/1822 1828/1828/1828
f 1821/1821/1821 1828/1828/1828 1827/1827/1827
f 1822/1822/1822 1817/1817/1817 1823/1823/1823
f 1822/1822/1822 1823/1823/1823 1828/1828/1828
usemtl Tire
f 1829/1829/1829 1831/1831/1831 1832/1832/1832
f 1829/1829/1829 1832/1832/1832 1830/1830/1830
f 1853/1853/1853 1831/1831/1831 1829/1829/1829
f 1854/1854/1854 1830/1830/1830 1832/1832/1832
f 1831/1831/1831 1833/1833/1833 1834/1834/1834
f 1831/1831/1831 1834/1834/1834 1832/1832/1832
f 1853/1853/1853 1833/1833/1833 1831/1831/1831
f 1854/1854/1854 1832/1832/1832 1834/1834/1834
f 1833/1833/1833 1835/1835/1835 1836/1836/1836
f 1833/1833/1833 1836/1836/1836 1834/1834/1834
f 1853/1853/1853 1835/1835/1835 1833/1833/1833
f 1854/1854/1854 1834/1834/1834 1836/1836/1836
f 1835/1835/1835 1837/1837/1837 1838/1838/1838
f 1835/1835/1835 1838/1838/1838 1836/1836/1836
f 1853/1853/1853 1837/1837/1837 1835/1835/1835
f 1854/1854/1854 1836/1836/1836 1838/1838/1838
f 1837/1837/1837 1839/1839/1839 1840/1840/1840
f 1837/1837/1837 1840/1840/1840 1838/1838/1838
f 1853/1853/1853 1839/1839/1839 1837/1837/1837
f 1854/1854/1854 1838/1838/1838 1840/1840/1840
f 1839/1839/1839 1841/1841/1841 1842/1842/1842
f 1839/1839/1839 1842/1842/1842 1840/1840/1840
f 1853/1853/1853 1841/1841/1841 1839/1839/1839
f 1854/1854/1854 1840/1840/1840 1842/1842/1842
f 1841/1841/1841 1843/1843/1843 1844/1844/1844
f 1841/1841/1841 1844/1844/1844 1842/1842/1842
f 1853/1853/1853 1843/1843/1843 1841/1841/1841
f 1854/1854/1854 1842/1842/1842 1844/1844/1844
f 1843/1843/1843 1845/1845/1845 1846/1846/1846
f 1843/1843/1843 1846/1846/1846 1844/1844/1844
f 1853/1853/1853 1845/1845/1845 1843/1843/1843
f 1854/1854/1854 1844/1844/1844 1846/1846/1846
f 1845/1845/1845 1847/1847/1847 1848/1848/1848
f 1845/1845/1845 1848/1848/1848 1846/1846/1846
f 1853/1853/1853 1847/1847/1847 1845/1845/1845
f 1854/1854/1854 1846/1846/1846 1848/1848/1848
f 1847/1847/1847 1849/1849/1849 1850/1850/1850
f 1847/1847/1847 1850/1850/1850 1848/1848/1848
f 1853/1853/1853 1849/1849/1849 1847/1847/1847
f 1854/1854/1854 1848/1848/1848 1850/1850/1850
f 1849/1849/1849 1851/1851/1851 1852/1852/1852
f 1849/1849/1849 1852/1852/1852 1850/1850/1850
f 1853/1853/1853 1851/1851/1851 1849/1849/1849
f 1854/1854/1854 1850/1850/1850 1852/1852/1852
f 1851/1851/1851 1829/1829/1829 1830/1830/1830
f 1851/1851/1851 1830/1830/1830 1852/1852/1852
f 1853/1853/1853 1829/1829/1829 1851/1851/1851
f 1854/1854/1854 1852/1852/1852 1830/1830/1830
usemtl Tire
f 1855/1855/1855 1857/1857/1857 1858/1858/1858
f 1855/1855/1855 1858/1858/1858 1856/1856/1856
f 1879/1879/1879 1857/1857/1857 1855/1855/1855
f 1880/1880/1880 1856/1856/1856 1858/1858/1858
f 1857/1857/1857 1859/1859/1859 1860/1860/1860
f 1857/1857/1857 1860/1860/1860 1858/1858/1858
f 1879/1879/1879 1859/1859/1859 1857/1857/1857
f 1880/1880/1880 1858/1858/1858 1860/1860/1860
f 1859/1859/1859 1861/1861/1861 1862/1862/1862
f 1859/1859/1859 1862/1862/1862 1860/1860/1860
f 1879/1879/1879 1861/1861/1861 1859/1859/1859
f 1880/1880/1880 1860/1860/1860 1862/1862/1862
f 1861/1861/1861 1863/1863/1863 1864/1864/1864
f 1861/1861/1861 1864/1864/1864 1862/1862/1862
f 1879/1879/1879 1863/1863/1863 1861/1861/1861
f 1880/1880/1880 1862/1862/1862 1864/1864/1864
f 1863/1863/1863 1865/1865/1865 1866/1866/1866
f 1863/1863/1863 1866/1866/1866 1864/1864/1864
f 1879/1879/1879 1865/1865/1865 1863/1863/1863
f 1880/1880/1880 1864/1864/1864 1866/1866/1866
f 1865/1865/1865 1867/1867/1867 1868/1868/1868
f 1865/1865/1865 1868/1868/1868 1866/1866/1866
f 1879/1879/1879 1867/1867/1867 1865/1865/1865
f 1880/1880/1880 1866/1866/1866 1868/1868/1868
f 1867/1867/1867 1869/1869/1869 1870/1870/1870
f 1867/1867/1867 1870/1870/1870 1868/1868/1868
f 1879/1879/1879 1869/1869/1869 1867/1867/1867
f 1880/1880/1880 1868/1868/1868 1870/1870/1870
f 1869/1869/1869 1871/1871/1871 1872/1872/1872
f 1869/1869/1869 1872/1872/1872 1870/1870/1870
f 1879/1879/1879 1871/1871/1871 1869/1869/1869
f 1880/1880/1880 1870/1870/1870 1872/1872/1872
f 1871/1871/1871 1873/1873/1873 1874/1874/1874
f 1871/1871/1871 1874/1874/1874 1872/1872/1872
f 1879/1879/1879 1873/1873/1873 1871/1871/1871
f 1880/1880/1880 1872/1872/1872 1874/1874/1874
f 1873/1873/1873 1875/1875/1875 1876/1876/1876
f 1873/1873/1873 1876/1876/1876 1874/1874/1874
f 1879/1879/1879 1875/1875/1875 1873/1873/1873
f 1880/1880/1880 1874/1874/1874 1876/1876/1876
f 1875/1875/1875 1877/1877/1877 1878/1878/1878
f 1875/1875/1875 1878/1878/1878 1876/1876/1876
f 1879/1879/1879 1877/1877/1877 1875/1875/1875
f 1880/1880/1880 1876/1876/1876 1878/1878/1878
f 1877/1877/1877 1855/1855/1855 1856/1856/1856
f 1877/1877/1877 1856/1856/1856 1878/1878/1878
f 1879/1879/1879 1855/1855/1855 1877/1877/1877
f 1880/1880/1880 1878/1878/1878 1856/1856/1856
usemtl Tire
f 1881/1881/1881 1883/1883/1883 1884/1884/1884
f 1881/1881/1881 1884/1884/1884 1882/1882/1882
f 1905/1905/1905 1883/1883/1883 1881/1881/1881
f 1906/1906/1906 1882/1882/1882 1884/1884/1884
f 1883/1883/1883 1885/1885/1885 1886/1886/1886
f 1883/1883/1883 1886/1886/1886 1884/1884/1884
f 1905/1905/1905 1885/1885/1885 1883/1883/1883
f 1906/1906/1906 1884/1884/1884 1886/1886/1886
f 1885/1885/1885 1887/1887/1887 1888/1888/1888
f 1885/1885/1885 1888/1888/1888 1886/1886/1886
f 1905/1905/1905 1887/1887/1887 1885/1885/1885
f 1906/1906/1906 1886/1886/1886 1888/1888/1888
f 1887/1887/1887 1889/1889/1889 1890/1890/1890
f 1887/1887/1887 1890/1890/1890 1888/1888/1888
f 1905/1905/1905 1889/1889/1889 1887/1887/1887
f 1906/1906/1906 1888/1888/1888 1890/1890/1890
f 1889/1889/1889 1891/1891/1891 1892/1892/1892
f 1889/1889/1889 1892/1892/1892 1890/1890/1890
f 1905/1905/1905 1891/1891/1891 1889/1889/1889
f 1906/1906/1906 1890/1890/1890 1892/1892/1892
f 1891/1891/1891 1893/1893/1893 1894/1894/1894
f 1891/1891/1891 1894/1894/1894 1892/1892/1892
f 1905/1905/1905 1893/1893/1893 1891/1891/1891
f 1906/1906/1906 1892/1892/1892 1894/1894/1894
f 1893/1893/1893 1895/1895/1895 1896/1896/1896
f 1893/1893/1893 1896/1896/1896 1894/1894/1894
f 1905/1905/1905 1895/1895/1895 1893/1893/1893
f 1906/1906/1906 1894/1894/1894 1896/1896/1896
f 1895/1895/1895 1897/1897/1897 1898/1898/1898
f 1895/1895/1895 1898/1898/1898 1896/1896/1896
f 1905/1905/1905 1897/1897/1897 1895/1895/1895
f 1906/1906/1906 1896/1896/1896 1898/1898/1898
f 1897/1897/1897 1899/1899/1899 1900/1900/1900
f 1897/1897/1897 1900/1900/1900 1898/1898/1898
f 1905/1905/1905 1899/1899/1899 1897/1897/1897
f 1906/1906/1906 1898/1898/1898 1900/1900/1900
f 1899/1899/1899 1901/1901/1901 1902/1902/1902
f 1899/1899/1899 1902/1902/1902 1900/1900/1900
f 1905/1905/1905 1901/1901/1901 1899/1899/1899
f 1906/1906/1906 1900/1900/1900 1902/1902/1902
f 1901/1901/1901 1903/1903/1903 1904/1904/1904
f 1901/1901/1901 1904/1904/1904 1902/1902/1902
f 1905/1905/1905 1903/1903/1903 1901/1901/1901
f 1906/1906/1906 1902/1902/1902 1904/1904/1904
f 1903/1903/1903 1881/1881/1881 1882/1882/1882
f 1903/1903/1903 1882/1882/1882 1904/1904/1904
f 1905/1905/1905 1881/1881/1881 1903/1903/1903
f 1906/1906/1906 1904/1904/1904 1882/1882/1882
usemtl Tire
f 1907/1907/1907 1909/1909/1909 1910/1910/1910
f 1907/1907/1907 1910/1910/1910 1908/1908/1908
f 1931/1931/1931 1909/1909/1909 1907/1907/1907
f 1932/1932/1932 1908/1908/1908 1910/1910/1910
f 1909/1909/1909 1911/1911/1911 1912/1912/1912
f 1909/1909/1909 1912/1912/1912 1910/1910/1910
f 1931/1931/1931 1911/1911/1911 1909/1909/1909
f 1932/1932/1932 1910/1910/1910 1912/1912/1912
f 1911/1911/1911 1913/1913/1913 1914/1914/1914
f 1911/1911/1911 1914/1914/1914 1912/1912/1912
f 1931/1931/1931 1913/1913/1913 1911/1911/1911
f 1932/1932/1932 1912/1912/1912 1914/1914/1914
f 1913/1913/1913 1915/1915/1915 1916/1916/1916
f 1913/1913/1913 1916/1916/1916 1914/1914/1914
f 1931/1931/1931 1915/1915/1915 1913/1913/1913
f 1932/1932/1932 1914/1914/1914 1916/1916/1916
f 1915/1915/1915 1917/1917/1917 1918/1918/1918
f 1915/1915/1915 1918/1918/1918 1916/1916/1916
f 1931/1931/1931 1917/1917/1917 1915/1915/1915
f 1932/1932/1932 1916/1916/1916 1918/1918/1918
f 1917/1917/1917 1919/1919/1919 1920/1920/1920
f 1917/1917/1917 1920/1920/1920 1918/1918/1918
f 1931/1931/1931 1919/1919/1919 1917/1917/1917
f 1932/1932/1932 1918/1918/1918 1920/1920/1920
f 1919/1919/1919 1921/1921/1921 1922/1922/1922
f 1919/1919/1919 1922/1922/1922 1920/1920/1920
f 1931/1931/1931 1921/1921/1921 1919/1919/1919
f 1932/1932/1932 1920/1920/1920 1922/1922/1922
f 1921/1921/1921 1923/1923/1923 1924/1924/1924
f 1921/1921/1921 1924/1924/1924 1922/1922/1922
f 1931/1931/1931 1923/1923/1923 1921/1921/1921
f 1932/1932/1932 1922/1922/1922 1924/1924/1924
f 1923/1923/1923 1925/1925/1925 1926/1926/1926
f 1923/1923/1923 1926/1926/1926 1924/1924/1924
f 1931/1931/1931 1925/1925/1925 1923/1923/1923
f 1932/1932/1932 1924/1924/1924 1926/1926/1926
f 1925/1925/1925 1927/1927/1927 1928/1928/1928
f 1925/1925/1925 1928/1928/1928 1926/1926/1926
f 1931/1931/1931 1927/1927/1927 1925/1925/1925
f 1932/1932/1932 1926/1926/1926 1928/1928/1928
f 1927/1927/1927 1929/1929/1929 1930/1930/1930
f 1927/1927/1927 1930/1930/1930 1928/1928/1928
f 1931/1931/1931 1929/1929/1929 1927/1927/1927
f 1932/1932/1932 1928/1928/1928 1930/1930/1930
f 1929/1929/1929 1907/1907/1907 1908/1908/1908
f 1929/1929/1929 1908/1908/1908 1930/1930/1930
f 1931/1931/1931 1907/1907/1907 1929/1929/1929
f 1932/1932/1932 1930/1930/1930 1908/1908/1908
usemtl Accent
f 1933/1933/1933 1934/1934/1934 1935/1935/1935
f 1933/1933/1933 1935/1935/1935 1936/1936/1936
f 1937/1937/1937 1939/1939/1939 1938/1938/1938
f 1937/1937/1937 1940/1940/1940 1939/1939/1939
f 1933/1933/1933 1937/1937/1937 1938/1938/1938
f 1933/1933/1933 1938/1938/1938 1934/1934/1934
f 1934/1934/1934 1938/1938/1938 1939/1939/1939
f 1934/1934/1934 1939/1939/1939 1935/1935/1935
f 1935/1935/1935 1939/1939/1939 1940/1940/1940
f 1935/1935/1935 1940/1940/1940 1936/1936/1936
f 1936/1936/1936 1940/1940/1940 1937/1937/1937
f 1936/1936/1936 1937/1937/1937 1933/1933/1933
usemtl Accent
f 1941/1941/1941 1942/1942/1942 1943/1943/1943
f 1941/1941/1941 1943/1943/1943 1944/1944/1944
f 1945/1945/1945 1947/1947/1947 1946/1946/1946
f 1945/1945/1945 1948/1948/1948 1947/1947/1947
f 1941/1941/1941 1945/1945/1945 1946/1946/1946
f 1941/1941/1941 1946/1946/1946 1942/1942/1942
f 1942/1942/1942 1946/1946/1946 1947/1947/1947
f 1942/1942/1942 1947/1947/1947 1943/1943/1943
f 1943/1943/1943 1947/1947/1947 1948/1948/1948
f 1943/1943/1943 1948/1948/1948 1944/1944/1944
f 1944/1944/1944 1948/1948/1948 1945/1945/1945
f 1944/1944/1944 1945/1945/1945 1941/1941/1941
usemtl Accent
f 1949/1949/1949 1950/1950/1950 1951/1951/1951
f 1949/1949/1949 1951/1951/1951 1952/1952/1952
f 1953/1953/1953 1955/1955/1955 1954/1954/1954
f 1953/1953/1953 1956/1956/1956 1955/1955/1955
f 1949/1949/1949 1953/1953/1953 1954/1954/1954
f 1949/1949/1949 1954/1954/1954 1950/1950/1950
f 1950/1950/1950 1954/1954/1954 1955/1955/1955
f 1950/1950/1950 1955/1955/1955 1951/1951/1951
f 1951/1951/1951 1955/1955/1955 1956/1956/1956
f 1951/1951/1951 1956/1956/1956 1952/1952/1952
f 1952/1952/1952 1956/1956/1956 1953/1953/1953
f 1952/1952/1952 1953/1953/1953 1949/1949/1949
usemtl Accent
f 1957/1957/1957 1958/1958/1958 1959/1959/1959
f 1957/1957/1957 1959/1959/1959 1960/1960/1960
f 1961/1961/1961 1963/1963/1963 1962/1962/1962
f 1961/1961/1961 1964/1964/1964 1963/1963/1963
f 1957/1957/1957 1961/1961/1961 1962/1962/1962
f 1957/1957/1957 1962/1962/1962 1958/1958/1958
f 1958/1958/1958 1962/1962/1962 1963/1963/1963
f 1958/1958/1958 1963/1963/1963 1959/1959/1959
f 1959/1959/1959 1963/1963/1963 1964/1964/1964
f 1959/1959/1959 1964/1964/1964 1960/1960/1960
f 1960/1960/1960 1964/1964/1964 1961/1961/1961
f 1960/1960/1960 1961/1961/1961 1957/1957/1957
usemtl Accent
f 1965/1965/1965 1966/1966/1966 1967/1967/1967
f 1965/1965/1965 1967/1967/1967 1968/1968/1968
f 1969/1969/1969 1971/1971/1971 1970/1970/1970
f 1969/1969/1969 1972/1972/1972 1971/1971/1971
f 1965/1965/1965 1969/1969/1969 1970/1970/1970
f 1965/1965/1965 1970/1970/1970 1966/1966/1966
f 1966/1966/1966 1970/1970/1970 1971/1971/1971
f 1966/1966/1966 1971/1971/1971 1967/1967/1967
f 1967/1967/1967 1971/1971/1971 1972/1972/1972
f 1967/1967/1967 1972/1972/1972 1968/1968/1968
f 1968/1968/1968 1972/1972/1972 1969/1969/1969
f 1968/1968/1968 1969/1969/1969 1965/1965/1965
usemtl Accent
f 1973/1973/1973 1974/1974/1974 1975/1975/1975
f 1973/1973/1973 1975/1975/1975 1976/1976/1976
f 1977/1977/1977 1979/1979/1979 1978/1978/1978
f 1977/1977/1977 1980/1980/1980 1979/1979/1979
f 1973/1973/1973 1977/1977/1977 1978/1978/1978
f 1973/1973/1973 1978/1978/1978 1974/1974/1974
f 1974/1974/1974 1978/1978/1978 1979/1979/1979
f 1974/1974/1974 1979/1979/1979 1975/1975/1975
f 1975/1975/1975 1979/1979/1979 1980/1980/1980
f 1975/1975/1975 1980/1980/1980 1976/1976/1976
f 1976/1976/1976 1980/1980/1980 1977/1977/1977
f 1976/1976/1976 1977/1977/1977 1973/1973/1973
usemtl Accent
f 1981/1981/1981 1982/1982/1982 1983/1983/1983
f 1981/1981/1981 1983/1983/1983 1984/1984/1984
f 1985/1985/1985 1987/1987/1987 1986/1986/1986
f 1985/1985/1985 1988/1988/1988 1987/1987/1987
f 1981/1981/1981 1985/1985/1985 1986/1986/1986
f 1981/1981/1981 1986/1986/1986 1982/1982/1982
f 1982/1982/1982 1986/1986/1986 1987/1987/1987
f 1982/1982/1982 1987/1987/1987 1983/1983/1983
f 1983/1983/1983 1987/1987/1987 1988/1988/1988
f 1983/1983/1983 1988/1988/1988 1984/1984/1984
f 1984/1984/1984 1988/1988/1988 1985/1985/1985
f 1984/1984/1984 1985/1985/1985 1981/1981/1981
o Rival_01_WedgeCoupe_LOD2
s 1
usemtl BodyPaint
f 1989/1989/1989 1990/1990/1990 1998/1998/1998
f 1989/1989/1989 1998/1998/1998 1997/1997/1997
f 1990/1990/1990 1991/1991/1991 1999/1999/1999
f 1990/1990/1990 1999/1999/1999 1998/1998/1998
f 1991/1991/1991 1992/1992/1992 2000/2000/2000
f 1991/1991/1991 2000/2000/2000 1999/1999/1999
f 1992/1992/1992 1993/1993/1993 2001/2001/2001
f 1992/1992/1992 2001/2001/2001 2000/2000/2000
f 1993/1993/1993 1994/1994/1994 2002/2002/2002
f 1993/1993/1993 2002/2002/2002 2001/2001/2001
f 1994/1994/1994 1995/1995/1995 2003/2003/2003
f 1994/1994/1994 2003/2003/2003 2002/2002/2002
f 1995/1995/1995 1996/1996/1996 2004/2004/2004
f 1995/1995/1995 2004/2004/2004 2003/2003/2003
f 1996/1996/1996 1989/1989/1989 1997/1997/1997
f 1996/1996/1996 1997/1997/1997 2004/2004/2004
f 1997/1997/1997 1998/1998/1998 2006/2006/2006
f 1997/1997/1997 2006/2006/2006 2005/2005/2005
f 1998/1998/1998 1999/1999/1999 2007/2007/2007
f 1998/1998/1998 2007/2007/2007 2006/2006/2006
f 1999/1999/1999 2000/2000/2000 2008/2008/2008
f 1999/1999/1999 2008/2008/2008 2007/2007/2007
f 2000/2000/2000 2001/2001/2001 2009/2009/2009
f 2000/2000/2000 2009/2009/2009 2008/2008/2008
f 2001/2001/2001 2002/2002/2002 2010/2010/2010
f 2001/2001/2001 2010/2010/2010 2009/2009/2009
f 2002/2002/2002 2003/2003/2003 2011/2011/2011
f 2002/2002/2002 2011/2011/2011 2010/2010/2010
f 2003/2003/2003 2004/2004/2004 2012/2012/2012
f 2003/2003/2003 2012/2012/2012 2011/2011/2011
f 2004/2004/2004 1997/1997/1997 2005/2005/2005
f 2004/2004/2004 2005/2005/2005 2012/2012/2012
f 2005/2005/2005 2006/2006/2006 2014/2014/2014
f 2005/2005/2005 2014/2014/2014 2013/2013/2013
f 2006/2006/2006 2007/2007/2007 2015/2015/2015
f 2006/2006/2006 2015/2015/2015 2014/2014/2014
f 2007/2007/2007 2008/2008/2008 2016/2016/2016
f 2007/2007/2007 2016/2016/2016 2015/2015/2015
f 2008/2008/2008 2009/2009/2009 2017/2017/2017
f 2008/2008/2008 2017/2017/2017 2016/2016/2016
f 2009/2009/2009 2010/2010/2010 2018/2018/2018
f 2009/2009/2009 2018/2018/2018 2017/2017/2017
f 2010/2010/2010 2011/2011/2011 2019/2019/2019
f 2010/2010/2010 2019/2019/2019 2018/2018/2018
f 2011/2011/2011 2012/2012/2012 2020/2020/2020
f 2011/2011/2011 2020/2020/2020 2019/2019/2019
f 2012/2012/2012 2005/2005/2005 2013/2013/2013
f 2012/2012/2012 2013/2013/2013 2020/2020/2020
f 2013/2013/2013 2014/2014/2014 2022/2022/2022
f 2013/2013/2013 2022/2022/2022 2021/2021/2021
f 2014/2014/2014 2015/2015/2015 2023/2023/2023
f 2014/2014/2014 2023/2023/2023 2022/2022/2022
f 2015/2015/2015 2016/2016/2016 2024/2024/2024
f 2015/2015/2015 2024/2024/2024 2023/2023/2023
f 2016/2016/2016 2017/2017/2017 2025/2025/2025
f 2016/2016/2016 2025/2025/2025 2024/2024/2024
f 2017/2017/2017 2018/2018/2018 2026/2026/2026
f 2017/2017/2017 2026/2026/2026 2025/2025/2025
f 2018/2018/2018 2019/2019/2019 2027/2027/2027
f 2018/2018/2018 2027/2027/2027 2026/2026/2026
f 2019/2019/2019 2020/2020/2020 2028/2028/2028
f 2019/2019/2019 2028/2028/2028 2027/2027/2027
f 2020/2020/2020 2013/2013/2013 2021/2021/2021
f 2020/2020/2020 2021/2021/2021 2028/2028/2028
f 2021/2021/2021 2022/2022/2022 2030/2030/2030
f 2021/2021/2021 2030/2030/2030 2029/2029/2029
f 2022/2022/2022 2023/2023/2023 2031/2031/2031
f 2022/2022/2022 2031/2031/2031 2030/2030/2030
f 2023/2023/2023 2024/2024/2024 2032/2032/2032
f 2023/2023/2023 2032/2032/2032 2031/2031/2031
f 2024/2024/2024 2025/2025/2025 2033/2033/2033
f 2024/2024/2024 2033/2033/2033 2032/2032/2032
f 2025/2025/2025 2026/2026/2026 2034/2034/2034
f 2025/2025/2025 2034/2034/2034 2033/2033/2033
f 2026/2026/2026 2027/2027/2027 2035/2035/2035
f 2026/2026/2026 2035/2035/2035 2034/2034/2034
f 2027/2027/2027 2028/2028/2028 2036/2036/2036
f 2027/2027/2027 2036/2036/2036 2035/2035/2035
f 2028/2028/2028 2021/2021/2021 2029/2029/2029
f 2028/2028/2028 2029/2029/2029 2036/2036/2036
f 2029/2029/2029 2030/2030/2030 2038/2038/2038
f 2029/2029/2029 2038/2038/2038 2037/2037/2037
f 2030/2030/2030 2031/2031/2031 2039/2039/2039
f 2030/2030/2030 2039/2039/2039 2038/2038/2038
f 2031/2031/2031 2032/2032/2032 2040/2040/2040
f 2031/2031/2031 2040/2040/2040 2039/2039/2039
f 2032/2032/2032 2033/2033/2033 2041/2041/2041
f 2032/2032/2032 2041/2041/2041 2040/2040/2040
f 2033/2033/2033 2034/2034/2034 2042/2042/2042
f 2033/2033/2033 2042/2042/2042 2041/2041/2041
f 2034/2034/2034 2035/2035/2035 2043/2043/2043
f 2034/2034/2034 2043/2043/2043 2042/2042/2042
f 2035/2035/2035 2036/2036/2036 2044/2044/2044
f 2035/2035/2035 2044/2044/2044 2043/2043/2043
f 2036/2036/2036 2029/2029/2029 2037/2037/2037
f 2036/2036/2036 2037/2037/2037 2044/2044/2044
f 2037/2037/2037 2038/2038/2038 2046/2046/2046
f 2037/2037/2037 2046/2046/2046 2045/2045/2045
f 2038/2038/2038 2039/2039/2039 2047/2047/2047
f 2038/2038/2038 2047/2047/2047 2046/2046/2046
f 2039/2039/2039 2040/2040/2040 2048/2048/2048
f 2039/2039/2039 2048/2048/2048 2047/2047/2047
f 2040/2040/2040 2041/2041/2041 2049/2049/2049
f 2040/2040/2040 2049/2049/2049 2048/2048/2048
f 2041/2041/2041 2042/2042/2042 2050/2050/2050
f 2041/2041/2041 2050/2050/2050 2049/2049/2049
f 2042/2042/2042 2043/2043/2043 2051/2051/2051
f 2042/2042/2042 2051/2051/2051 2050/2050/2050
f 2043/2043/2043 2044/2044/2044 2052/2052/2052
f 2043/2043/2043 2052/2052/2052 2051/2051/2051
f 2044/2044/2044 2037/2037/2037 2045/2045/2045
f 2044/2044/2044 2045/2045/2045 2052/2052/2052
f 2045/2045/2045 2046/2046/2046 2054/2054/2054
f 2045/2045/2045 2054/2054/2054 2053/2053/2053
f 2046/2046/2046 2047/2047/2047 2055/2055/2055
f 2046/2046/2046 2055/2055/2055 2054/2054/2054
f 2047/2047/2047 2048/2048/2048 2056/2056/2056
f 2047/2047/2047 2056/2056/2056 2055/2055/2055
f 2048/2048/2048 2049/2049/2049 2057/2057/2057
f 2048/2048/2048 2057/2057/2057 2056/2056/2056
f 2049/2049/2049 2050/2050/2050 2058/2058/2058
f 2049/2049/2049 2058/2058/2058 2057/2057/2057
f 2050/2050/2050 2051/2051/2051 2059/2059/2059
f 2050/2050/2050 2059/2059/2059 2058/2058/2058
f 2051/2051/2051 2052/2052/2052 2060/2060/2060
f 2051/2051/2051 2060/2060/2060 2059/2059/2059
f 2052/2052/2052 2045/2045/2045 2053/2053/2053
f 2052/2052/2052 2053/2053/2053 2060/2060/2060
f 2053/2053/2053 2054/2054/2054 2062/2062/2062
f 2053/2053/2053 2062/2062/2062 2061/2061/2061
f 2054/2054/2054 2055/2055/2055 2063/2063/2063
f 2054/2054/2054 2063/2063/2063 2062/2062/2062
f 2055/2055/2055 2056/2056/2056 2064/2064/2064
f 2055/2055/2055 2064/2064/2064 2063/2063/2063
f 2056/2056/2056 2057/2057/2057 2065/2065/2065
f 2056/2056/2056 2065/2065/2065 2064/2064/2064
f 2057/2057/2057 2058/2058/2058 2066/2066/2066
f 2057/2057/2057 2066/2066/2066 2065/2065/2065
f 2058/2058/2058 2059/2059/2059 2067/2067/2067
f 2058/2058/2058 2067/2067/2067 2066/2066/2066
f 2059/2059/2059 2060/2060/2060 2068/2068/2068
f 2059/2059/2059 2068/2068/2068 2067/2067/2067
f 2060/2060/2060 2053/2053/2053 2061/2061/2061
f 2060/2060/2060 2061/2061/2061 2068/2068/2068
f 2061/2061/2061 2062/2062/2062 2070/2070/2070
f 2061/2061/2061 2070/2070/2070 2069/2069/2069
f 2062/2062/2062 2063/2063/2063 2071/2071/2071
f 2062/2062/2062 2071/2071/2071 2070/2070/2070
f 2063/2063/2063 2064/2064/2064 2072/2072/2072
f 2063/2063/2063 2072/2072/2072 2071/2071/2071
f 2064/2064/2064 2065/2065/2065 2073/2073/2073
f 2064/2064/2064 2073/2073/2073 2072/2072/2072
f 2065/2065/2065 2066/2066/2066 2074/2074/2074
f 2065/2065/2065 2074/2074/2074 2073/2073/2073
f 2066/2066/2066 2067/2067/2067 2075/2075/2075
f 2066/2066/2066 2075/2075/2075 2074/2074/2074
f 2067/2067/2067 2068/2068/2068 2076/2076/2076
f 2067/2067/2067 2076/2076/2076 2075/2075/2075
f 2068/2068/2068 2061/2061/2061 2069/2069/2069
f 2068/2068/2068 2069/2069/2069 2076/2076/2076
f 2069/2069/2069 2070/2070/2070 2078/2078/2078
f 2069/2069/2069 2078/2078/2078 2077/2077/2077
f 2070/2070/2070 2071/2071/2071 2079/2079/2079
f 2070/2070/2070 2079/2079/2079 2078/2078/2078
f 2071/2071/2071 2072/2072/2072 2080/2080/2080
f 2071/2071/2071 2080/2080/2080 2079/2079/2079
f 2072/2072/2072 2073/2073/2073 2081/2081/2081
f 2072/2072/2072 2081/2081/2081 2080/2080/2080
f 2073/2073/2073 2074/2074/2074 2082/2082/2082
f 2073/2073/2073 2082/2082/2082 2081/2081/2081
f 2074/2074/2074 2075/2075/2075 2083/2083/2083
f 2074/2074/2074 2083/2083/2083 2082/2082/2082
f 2075/2075/2075 2076/2076/2076 2084/2084/2084
f 2075/2075/2075 2084/2084/2084 2083/2083/2083
f 2076/2076/2076 2069/2069/2069 2077/2077/2077
f 2076/2076/2076 2077/2077/2077 2084/2084/2084
f 2077/2077/2077 2078/2078/2078 2086/2086/2086
f 2077/2077/2077 2086/2086/2086 2085/2085/2085
f 2078/2078/2078 2079/2079/2079 2087/2087/2087
f 2078/2078/2078 2087/2087/2087 2086/2086/2086
f 2079/2079/2079 2080/2080/2080 2088/2088/2088
f 2079/2079/2079 2088/2088/2088 2087/2087/2087
f 2080/2080/2080 2081/2081/2081 2089/2089/2089
f 2080/2080/2080 2089/2089/2089 2088/2088/2088
f 2081/2081/2081 2082/2082/2082 2090/2090/2090
f 2081/2081/2081 2090/2090/2090 2089/2089/2089
f 2082/2082/2082 2083/2083/2083 2091/2091/2091
f 2082/2082/2082 2091/2091/2091 2090/2090/2090
f 2083/2083/2083 2084/2084/2084 2092/2092/2092
f 2083/2083/2083 2092/2092/2092 2091/2091/2091
f 2084/2084/2084 2077/2077/2077 2085/2085/2085
f 2084/2084/2084 2085/2085/2085 2092/2092/2092
usemtl Glass
f 2093/2093/2093 2094/2094/2094 2100/2100/2100
f 2093/2093/2093 2100/2100/2100 2099/2099/2099
f 2094/2094/2094 2095/2095/2095 2101/2101/2101
f 2094/2094/2094 2101/2101/2101 2100/2100/2100
f 2095/2095/2095 2096/2096/2096 2102/2102/2102
f 2095/2095/2095 2102/2102/2102 2101/2101/2101
f 2096/2096/2096 2097/2097/2097 2103/2103/2103
f 2096/2096/2096 2103/2103/2103 2102/2102/2102
f 2097/2097/2097 2098/2098/2098 2104/2104/2104
f 2097/2097/2097 2104/2104/2104 2103/2103/2103
f 2098/2098/2098 2093/2093/2093 2099/2099/2099
f 2098/2098/2098 2099/2099/2099 2104/2104/2104
f 2099/2099/2099 2100/2100/2100 2106/2106/2106
f 2099/2099/2099 2106/2106/2106 2105/2105/2105
f 2100/2100/2100 2101/2101/2101 2107/2107/2107
f 2100/2100/2100 2107/2107/2107 2106/2106/2106
f 2101/2101/2101 2102/2102/2102 2108/2108/2108
f 2101/2101/2101 2108/2108/2108 2107/2107/2107
f 2102/2102/2102 2103/2103/2103 2109/2109/2109
f 2102/2102/2102 2109/2109/2109 2108/2108/2108
f 2103/2103/2103 2104/2104/2104 2110/2110/2110
f 2103/2103/2103 2110/2110/2110 2109/2109/2109
f 2104/2104/2104 2099/2099/2099 2105/2105/2105
f 2104/2104/2104 2105/2105/2105 2110/2110/2110
f 2105/2105/2105 2106/2106/2106 2112/2112/2112
f 2105/2105/2105 2112/2112/2112 2111/2111/2111
f 2106/2106/2106 2107/2107/2107 2113/2113/2113
f 2106/2106/2106 2113/2113/2113 2112/2112/2112
f 2107/2107/2107 2108/2108/2108 2114/2114/2114
f 2107/2107/2107 2114/2114/2114 2113/2113/2113
f 2108/2108/2108 2109/2109/2109 2115/2115/2115
f 2108/2108/2108 2115/2115/2115 2114/2114/2114
f 2109/2109/2109 2110/2110/2110 2116/2116/2116
f 2109/2109/2109 2116/2116/2116 2115/2115/2115
f 2110/2110/2110 2105/2105/2105 2111/2111/2111
f 2110/2110/2110 2111/2111/2111 2116/2116/2116
f 2111/2111/2111 2112/2112/2112 2118/2118/2118
f 2111/2111/2111 2118/2118/2118 2117/2117/2117
f 2112/2112/2112 2113/2113/2113 2119/2119/2119
f 2112/2112/2112 2119/2119/2119 2118/2118/2118
f 2113/2113/2113 2114/2114/2114 2120/2120/2120
f 2113/2113/2113 2120/2120/2120 2119/2119/2119
f 2114/2114/2114 2115/2115/2115 2121/2121/2121
f 2114/2114/2114 2121/2121/2121 2120/2120/2120
f 2115/2115/2115 2116/2116/2116 2122/2122/2122
f 2115/2115/2115 2122/2122/2122 2121/2121/2121
f 2116/2116/2116 2111/2111/2111 2117/2117/2117
f 2116/2116/2116 2117/2117/2117 2122/2122/2122
f 2117/2117/2117 2118/2118/2118 2124/2124/2124
f 2117/2117/2117 2124/2124/2124 2123/2123/2123
f 2118/2118/2118 2119/2119/2119 2125/2125/2125
f 2118/2118/2118 2125/2125/2125 2124/2124/2124
f 2119/2119/2119 2120/2120/2120 2126/2126/2126
f 2119/2119/2119 2126/2126/2126 2125/2125/2125
f 2120/2120/2120 2121/2121/2121 2127/2127/2127
f 2120/2120/2120 2127/2127/2127 2126/2126/2126
f 2121/2121/2121 2122/2122/2122 2128/2128/2128
f 2121/2121/2121 2128/2128/2128 2127/2127/2127
f 2122/2122/2122 2117/2117/2117 2123/2123/2123
f 2122/2122/2122 2123/2123/2123 2128/2128/2128
f 2123/2123/2123 2124/2124/2124 2130/2130/2130
f 2123/2123/2123 2130/2130/2130 2129/2129/2129
f 2124/2124/2124 2125/2125/2125 2131/2131/2131
f 2124/2124/2124 2131/2131/2131 2130/2130/2130
f 2125/2125/2125 2126/2126/2126 2132/2132/2132
f 2125/2125/2125 2132/2132/2132 2131/2131/2131
f 2126/2126/2126 2127/2127/2127 2133/2133/2133
f 2126/2126/2126 2133/2133/2133 2132/2132/2132
f 2127/2127/2127 2128/2128/2128 2134/2134/2134
f 2127/2127/2127 2134/2134/2134 2133/2133/2133
f 2128/2128/2128 2123/2123/2123 2129/2129/2129
f 2128/2128/2128 2129/2129/2129 2134/2134/2134
usemtl Tire
f 2135/2135/2135 2137/2137/2137 2138/2138/2138
f 2135/2135/2135 2138/2138/2138 2136/2136/2136
f 2151/2151/2151 2137/2137/2137 2135/2135/2135
f 2152/2152/2152 2136/2136/2136 2138/2138/2138
f 2137/2137/2137 2139/2139/2139 2140/2140/2140
f 2137/2137/2137 2140/2140/2140 2138/2138/2138
f 2151/2151/2151 2139/2139/2139 2137/2137/2137
f 2152/2152/2152 2138/2138/2138 2140/2140/2140
f 2139/2139/2139 2141/2141/2141 2142/2142/2142
f 2139/2139/2139 2142/2142/2142 2140/2140/2140
f 2151/2151/2151 2141/2141/2141 2139/2139/2139
f 2152/2152/2152 2140/2140/2140 2142/2142/2142
f 2141/2141/2141 2143/2143/2143 2144/2144/2144
f 2141/2141/2141 2144/2144/2144 2142/2142/2142
f 2151/2151/2151 2143/2143/2143 2141/2141/2141
f 2152/2152/2152 2142/2142/2142 2144/2144/2144
f 2143/2143/2143 2145/2145/2145 2146/2146/2146
f 2143/2143/2143 2146/2146/2146 2144/2144/2144
f 2151/2151/2151 2145/2145/2145 2143/2143/2143
f 2152/2152/2152 2144/2144/2144 2146/2146/2146
f 2145/2145/2145 2147/2147/2147 2148/2148/2148
f 2145/2145/2145 2148/2148/2148 2146/2146/2146
f 2151/2151/2151 2147/2147/2147 2145/2145/2145
f 2152/2152/2152 2146/2146/2146 2148/2148/2148
f 2147/2147/2147 2149/2149/2149 2150/2150/2150
f 2147/2147/2147 2150/2150/2150 2148/2148/2148
f 2151/2151/2151 2149/2149/2149 2147/2147/2147
f 2152/2152/2152 2148/2148/2148 2150/2150/2150
f 2149/2149/2149 2135/2135/2135 2136/2136/2136
f 2149/2149/2149 2136/2136/2136 2150/2150/2150
f 2151/2151/2151 2135/2135/2135 2149/2149/2149
f 2152/2152/2152 2150/2150/2150 2136/2136/2136
usemtl Tire
f 2153/2153/2153 2155/2155/2155 2156/2156/2156
f 2153/2153/2153 2156/2156/2156 2154/2154/2154
f 2169/2169/2169 2155/2155/2155 2153/2153/2153
f 2170/2170/2170 2154/2154/2154 2156/2156/2156
f 2155/2155/2155 2157/2157/2157 2158/2158/2158
f 2155/2155/2155 2158/2158/2158 2156/2156/2156
f 2169/2169/2169 2157/2157/2157 2155/2155/2155
f 2170/2170/2170 2156/2156/2156 2158/2158/2158
f 2157/2157/2157 2159/2159/2159 2160/2160/2160
f 2157/2157/2157 2160/2160/2160 2158/2158/2158
f 2169/2169/2169 2159/2159/2159 2157/2157/2157
f 2170/2170/2170 2158/2158/2158 2160/2160/2160
f 2159/2159/2159 2161/2161/2161 2162/2162/2162
f 2159/2159/2159 2162/2162/2162 2160/2160/2160
f 2169/2169/2169 2161/2161/2161 2159/2159/2159
f 2170/2170/2170 2160/2160/2160 2162/2162/2162
f 2161/2161/2161 2163/2163/2163 2164/2164/2164
f 2161/2161/2161 2164/2164/2164 2162/2162/2162
f 2169/2169/2169 2163/2163/2163 2161/2161/2161
f 2170/2170/2170 2162/2162/2162 2164/2164/2164
f 2163/2163/2163 2165/2165/2165 2166/2166/2166
f 2163/2163/2163 2166/2166/2166 2164/2164/2164
f 2169/2169/2169 2165/2165/2165 2163/2163/2163
f 2170/2170/2170 2164/2164/2164 2166/2166/2166
f 2165/2165/2165 2167/2167/2167 2168/2168/2168
f 2165/2165/2165 2168/2168/2168 2166/2166/2166
f 2169/2169/2169 2167/2167/2167 2165/2165/2165
f 2170/2170/2170 2166/2166/2166 2168/2168/2168
f 2167/2167/2167 2153/2153/2153 2154/2154/2154
f 2167/2167/2167 2154/2154/2154 2168/2168/2168
f 2169/2169/2169 2153/2153/2153 2167/2167/2167
f 2170/2170/2170 2168/2168/2168 2154/2154/2154
usemtl Tire
f 2171/2171/2171 2173/2173/2173 2174/2174/2174
f 2171/2171/2171 2174/2174/2174 2172/2172/2172
f 2187/2187/2187 2173/2173/2173 2171/2171/2171
f 2188/2188/2188 2172/2172/2172 2174/2174/2174
f 2173/2173/2173 2175/2175/2175 2176/2176/2176
f 2173/2173/2173 2176/2176/2176 2174/2174/2174
f 2187/2187/2187 2175/2175/2175 2173/2173/2173
f 2188/2188/2188 2174/2174/2174 2176/2176/2176
f 2175/2175/2175 2177/2177/2177 2178/2178/2178
f 2175/2175/2175 2178/2178/2178 2176/2176/2176
f 2187/2187/2187 2177/2177/2177 2175/2175/2175
f 2188/2188/2188 2176/2176/2176 2178/2178/2178
f 2177/2177/2177 2179/2179/2179 2180/2180/2180
f 2177/2177/2177 2180/2180/2180 2178/2178/2178
f 2187/2187/2187 2179/2179/2179 2177/2177/2177
f 2188/2188/2188 2178/2178/2178 2180/2180/2180
f 2179/2179/2179 2181/2181/2181 2182/2182/2182
f 2179/2179/2179 2182/2182/2182 2180/2180/2180
f 2187/2187/2187 2181/2181/2181 2179/2179/2179
f 2188/2188/2188 2180/2180/2180 2182/2182/2182
f 2181/2181/2181 2183/2183/2183 2184/2184/2184
f 2181/2181/2181 2184/2184/2184 2182/2182/2182
f 2187/2187/2187 2183/2183/2183 2181/2181/2181
f 2188/2188/2188 2182/2182/2182 2184/2184/2184
f 2183/2183/2183 2185/2185/2185 2186/2186/2186
f 2183/2183/2183 2186/2186/2186 2184/2184/2184
f 2187/2187/2187 2185/2185/2185 2183/2183/2183
f 2188/2188/2188 2184/2184/2184 2186/2186/2186
f 2185/2185/2185 2171/2171/2171 2172/2172/2172
f 2185/2185/2185 2172/2172/2172 2186/2186/2186
f 2187/2187/2187 2171/2171/2171 2185/2185/2185
f 2188/2188/2188 2186/2186/2186 2172/2172/2172
usemtl Tire
f 2189/2189/2189 2191/2191/2191 2192/2192/2192
f 2189/2189/2189 2192/2192/2192 2190/2190/2190
f 2205/2205/2205 2191/2191/2191 2189/2189/2189
f 2206/2206/2206 2190/2190/2190 2192/2192/2192
f 2191/2191/2191 2193/2193/2193 2194/2194/2194
f 2191/2191/2191 2194/2194/2194 2192/2192/2192
f 2205/2205/2205 2193/2193/2193 2191/2191/2191
f 2206/2206/2206 2192/2192/2192 2194/2194/2194
f 2193/2193/2193 2195/2195/2195 2196/2196/2196
f 2193/2193/2193 2196/2196/2196 2194/2194/2194
f 2205/2205/2205 2195/2195/2195 2193/2193/2193
f 2206/2206/2206 2194/2194/2194 2196/2196/2196
f 2195/2195/2195 2197/2197/2197 2198/2198/2198
f 2195/2195/2195 2198/2198/2198 2196/2196/2196
f 2205/2205/2205 2197/2197/2197 2195/2195/2195
f 2206/2206/2206 2196/2196/2196 2198/2198/2198
f 2197/2197/2197 2199/2199/2199 2200/2200/2200
f 2197/2197/2197 2200/2200/2200 2198/2198/2198
f 2205/2205/2205 2199/2199/2199 2197/2197/2197
f 2206/2206/2206 2198/2198/2198 2200/2200/2200
f 2199/2199/2199 2201/2201/2201 2202/2202/2202
f 2199/2199/2199 2202/2202/2202 2200/2200/2200
f 2205/2205/2205 2201/2201/2201 2199/2199/2199
f 2206/2206/2206 2200/2200/2200 2202/2202/2202
f 2201/2201/2201 2203/2203/2203 2204/2204/2204
f 2201/2201/2201 2204/2204/2204 2202/2202/2202
f 2205/2205/2205 2203/2203/2203 2201/2201/2201
f 2206/2206/2206 2202/2202/2202 2204/2204/2204
f 2203/2203/2203 2189/2189/2189 2190/2190/2190
f 2203/2203/2203 2190/2190/2190 2204/2204/2204
f 2205/2205/2205 2189/2189/2189 2203/2203/2203
f 2206/2206/2206 2204/2204/2204 2190/2190/2190
usemtl Accent
f 2207/2207/2207 2208/2208/2208 2209/2209/2209
f 2207/2207/2207 2209/2209/2209 2210/2210/2210
f 2211/2211/2211 2213/2213/2213 2212/2212/2212
f 2211/2211/2211 2214/2214/2214 2213/2213/2213
f 2207/2207/2207 2211/2211/2211 2212/2212/2212
f 2207/2207/2207 2212/2212/2212 2208/2208/2208
f 2208/2208/2208 2212/2212/2212 2213/2213/2213
f 2208/2208/2208 2213/2213/2213 2209/2209/2209
f 2209/2209/2209 2213/2213/2213 2214/2214/2214
f 2209/2209/2209 2214/2214/2214 2210/2210/2210
f 2210/2210/2210 2214/2214/2214 2211/2211/2211
f 2210/2210/2210 2211/2211/2211 2207/2207/2207
usemtl Accent
f 2215/2215/2215 2216/2216/2216 2217/2217/2217
f 2215/2215/2215 2217/2217/2217 2218/2218/2218
f 2219/2219/2219 2221/2221/2221 2220/2220/2220
f 2219/2219/2219 2222/2222/2222 2221/2221/2221
f 2215/2215/2215 2219/2219/2219 2220/2220/2220
f 2215/2215/2215 2220/2220/2220 2216/2216/2216
f 2216/2216/2216 2220/2220/2220 2221/2221/2221
f 2216/2216/2216 2221/2221/2221 2217/2217/2217
f 2217/2217/2217 2221/2221/2221 2222/2222/2222
f 2217/2217/2217 2222/2222/2222 2218/2218/2218
f 2218/2218/2218 2222/2222/2222 2219/2219/2219
f 2218/2218/2218 2219/2219/2219 2215/2215/2215
usemtl Accent
f 2223/2223/2223 2224/2224/2224 2225/2225/2225
f 2223/2223/2223 2225/2225/2225 2226/2226/2226
f 2227/2227/2227 2229/2229/2229 2228/2228/2228
f 2227/2227/2227 2230/2230/2230 2229/2229/2229
f 2223/2223/2223 2227/2227/2227 2228/2228/2228
f 2223/2223/2223 2228/2228/2228 2224/2224/2224
f 2224/2224/2224 2228/2228/2228 2229/2229/2229
f 2224/2224/2224 2229/2229/2229 2225/2225/2225
f 2225/2225/2225 2229/2229/2229 2230/2230/2230
f 2225/2225/2225 2230/2230/2230 2226/2226/2226
f 2226/2226/2226 2230/2230/2230 2227/2227/2227
f 2226/2226/2226 2227/2227/2227 2223/2223/2223
usemtl Accent
f 2231/2231/2231 2232/2232/2232 2233/2233/2233
f 2231/2231/2231 2233/2233/2233 2234/2234/2234
f 2235/2235/2235 2237/2237/2237 2236/2236/2236
f 2235/2235/2235 2238/2238/2238 2237/2237/2237
f 2231/2231/2231 2235/2235/2235 2236/2236/2236
f 2231/2231/2231 2236/2236/2236 2232/2232/2232
f 2232/2232/2232 2236/2236/2236 2237/2237/2237
f 2232/2232/2232 2237/2237/2237 2233/2233/2233
f 2233/2233/2233 2237/2237/2237 2238/2238/2238
f 2233/2233/2233 2238/2238/2238 2234/2234/2234
f 2234/2234/2234 2238/2238/2238 2235/2235/2235
f 2234/2234/2234 2235/2235/2235 2231/2231/2231
usemtl Accent
f 2239/2239/2239 2240/2240/2240 2241/2241/2241
f 2239/2239/2239 2241/2241/2241 2242/2242/2242
f 2243/2243/2243 2245/2245/2245 2244/2244/2244
f 2243/2243/2243 2246/2246/2246 2245/2245/2245
f 2239/2239/2239 2243/2243/2243 2244/2244/2244
f 2239/2239/2239 2244/2244/2244 2240/2240/2240
f 2240/2240/2240 2244/2244/2244 2245/2245/2245
f 2240/2240/2240 2245/2245/2245 2241/2241/2241
f 2241/2241/2241 2245/2245/2245 2246/2246/2246
f 2241/2241/2241 2246/2246/2246 2242/2242/2242
f 2242/2242/2242 2246/2246/2246 2243/2243/2243
f 2242/2242/2242 2243/2243/2243 2239/2239/2239
usemtl Accent
f 2247/2247/2247 2248/2248/2248 2249/2249/2249
f 2247/2247/2247 2249/2249/2249 2250/2250/2250
f 2251/2251/2251 2253/2253/2253 2252/2252/2252
f 2251/2251/2251 2254/2254/2254 2253/2253/2253
f 2247/2247/2247 2251/2251/2251 2252/2252/2252
f 2247/2247/2247 2252/2252/2252 2248/2248/2248
f 2248/2248/2248 2252/2252/2252 2253/2253/2253
f 2248/2248/2248 2253/2253/2253 2249/2249/2249
f 2249/2249/2249 2253/2253/2253 2254/2254/2254
f 2249/2249/2249 2254/2254/2254 2250/2250/2250
f 2250/2250/2250 2254/2254/2254 2251/2251/2251
f 2250/2250/2250 2251/2251/2251 2247/2247/2247
usemtl Accent
f 2255/2255/2255 2256/2256/2256 2257/2257/2257
f 2255/2255/2255 2257/2257/2257 2258/2258/2258
f 2259/2259/2259 2261/2261/2261 2260/2260/2260
f 2259/2259/2259 2262/2262/2262 2261/2261/2261
f 2255/2255/2255 2259/2259/2259 2260/2260/2260
f 2255/2255/2255 2260/2260/2260 2256/2256/2256
f 2256/2256/2256 2260/2260/2260 2261/2261/2261
f 2256/2256/2256 2261/2261/2261 2257/2257/2257
f 2257/2257/2257 2261/2261/2261 2262/2262/2262
f 2257/2257/2257 2262/2262/2262 2258/2258/2258
f 2258/2258/2258 2262/2262/2262 2259/2259/2259
f 2258/2258/2258 2259/2259/2259 2255/2255/2255
